ISO-10303-21;
HEADER;
/* Generated by software containing ST-Developer
 * from STEP Tools, Inc. (www.steptools.com) 
 */
/* OPTION: using custom renumber hook */

FILE_DESCRIPTION(
/* description */ ('STEP AP242 Edition 2',
'CAx-IF Rec.Pracs.---Representation and Presentation of Product Manufa
cturing Information (PMI)---4.0---2014-10-13',
'CAx-IF Rec.Pracs.---3D Tessellated Geometry---0.4---2014-09-14','2;1',
'CAx-IF Rec.Pracs.---User Defined Attributes---1.5---2016-08-15'),
/* implementation_level */ '2;1');

FILE_NAME(
/* name */ 'Part Studio 1',
/* time_stamp */ '2026-05-16T13:19:35Z',
/* author */ (''),
/* organization */ (''),
/* preprocessor_version */ 'ST-DEVELOPER v20',
/* originating_system */ 'ONSHAPE BY PTC INC, 1.215',
/* authorisation */ '  ');

FILE_SCHEMA (('AP242_MANAGED_MODEL_BASED_3D_ENGINEERING_MIM_LF { 1 0 10303 442 3 1 4 }'));
ENDSEC;

DATA;
#10=TOROIDAL_SURFACE('',#5628,0.0024,0.0006);
#11=B_SPLINE_CURVE_WITH_KNOTS('',3,(#7996,#7997,#7998,#7999,#8000,#8001,
#8002,#8003,#8004),.UNSPECIFIED.,.F.,.F.,(4,1,1,1,1,1,4),(0.000394258544380664,
0.0016283115276879,0.00224533801934152,0.00286236451099514,0.00347939100264876,
0.00409641749430238,0.00533047047760962),.UNSPECIFIED.);
#12=B_SPLINE_CURVE_WITH_KNOTS('',3,(#8009,#8010,#8011,#8012),
 .UNSPECIFIED.,.F.,.F.,(4,4),(0.000214376260746288,0.00101289324905739),
 .UNSPECIFIED.);
#13=B_SPLINE_CURVE_WITH_KNOTS('',3,(#8021,#8022,#8023,#8024,#8025,#8026,
#8027,#8028,#8029),.UNSPECIFIED.,.F.,.F.,(4,1,1,1,1,1,4),(0.000394258544380581,
0.00162831152768784,0.00224533801934147,0.0028623645109951,0.00347939100264873,
0.00409641749430236,0.00533047047760962),.UNSPECIFIED.);
#14=B_SPLINE_CURVE_WITH_KNOTS('',3,(#8034,#8035,#8036,#8037),
 .UNSPECIFIED.,.F.,.F.,(4,4),(0.00021437626067144,0.00101289324898568),
 .UNSPECIFIED.);
#15=B_SPLINE_CURVE_WITH_KNOTS('',3,(#8049,#8050,#8051,#8052,#8053,#8054,
#8055,#8056,#8057),.UNSPECIFIED.,.F.,.F.,(4,1,1,1,1,1,4),(0.000723977896596935,
0.00195813232389328,0.00257520953754145,0.00319228675118962,0.00380936396483779,
0.00442644117848596,0.00566059560578231),.UNSPECIFIED.);
#16=B_SPLINE_CURVE_WITH_KNOTS('',3,(#8061,#8062,#8063,#8064),
 .UNSPECIFIED.,.F.,.F.,(4,4),(0.000257246819916811,0.00105579006085369),
 .UNSPECIFIED.);
#17=B_SPLINE_CURVE_WITH_KNOTS('',3,(#8074,#8075,#8076,#8077,#8078,#8079,
#8080,#8081,#8082),.UNSPECIFIED.,.F.,.F.,(4,1,1,1,1,1,4),(0.000723977896597082,
0.00195813232389336,0.0025752095375415,0.00319228675118963,0.00380936396483777,
0.00442644117848591,0.00566059560578218),.UNSPECIFIED.);
#18=B_SPLINE_CURVE_WITH_KNOTS('',3,(#8086,#8087,#8088,#8089),
 .UNSPECIFIED.,.F.,.F.,(4,4),(0.000257246819916693,0.00105579006085378),
 .UNSPECIFIED.);
#19=B_SPLINE_CURVE_WITH_KNOTS('',3,(#8709,#8710,#8711,#8712,#8713,#8714,
#8715,#8716,#8717),.UNSPECIFIED.,.F.,.F.,(4,1,1,1,1,1,4),(0.,0.00605552569288957,
0.00908328853933436,0.0121110513857791,0.0151388142322239,0.0181665770786687,
0.0242221027715583),.UNSPECIFIED.);
#20=B_SPLINE_CURVE_WITH_KNOTS('',3,(#8731,#8732,#8733,#8734,#8735,#8736,
#8737),.UNSPECIFIED.,.F.,.F.,(4,1,1,1,4),(0.,0.000789543104374973,0.00157908620874995,
0.00236862931312492,0.00315817241749989),.UNSPECIFIED.);
#21=B_SPLINE_CURVE_WITH_KNOTS('',3,(#8741,#8742,#8743,#8744,#8745,#8746,
#8747),.UNSPECIFIED.,.F.,.F.,(4,1,1,1,4),(0.00507381115156746,0.0057698646954329,
0.00646591823929834,0.00716197178316377,0.00785802532702921),
 .UNSPECIFIED.);
#22=B_SPLINE_CURVE_WITH_KNOTS('',3,(#8759,#8760,#8761,#8762,#8763,#8764,
#8765),.UNSPECIFIED.,.F.,.F.,(4,1,1,1,4),(0.,0.000789543104374888,0.00157908620874978,
0.00236862931312466,0.00315817241749955),.UNSPECIFIED.);
#23=B_SPLINE_CURVE_WITH_KNOTS('',3,(#8769,#8770,#8771,#8772,#8773,#8774,
#8775),.UNSPECIFIED.,.F.,.F.,(4,1,1,1,4),(0.00507381115156733,0.00576986469543282,
0.00646591823929831,0.0071619717831638,0.00785802532702929),
 .UNSPECIFIED.);
#24=B_SPLINE_CURVE_WITH_KNOTS('',3,(#8778,#8779,#8780,#8781,#8782,#8783,
#8784),.UNSPECIFIED.,.F.,.F.,(4,1,1,1,4),(0.00500989611751503,0.00570578404587116,
0.00640167197422729,0.00709755990258342,0.00779344783093954),
 .UNSPECIFIED.);
#25=B_SPLINE_CURVE_WITH_KNOTS('',3,(#8789,#8790,#8791,#8792,#8793,#8794,
#8795),.UNSPECIFIED.,.F.,.F.,(4,1,1,1,4),(0.00347999512107727,0.00426954507038791,
0.00505909501969855,0.00584864496900919,0.00663819491831984),
 .UNSPECIFIED.);
#26=B_SPLINE_CURVE_WITH_KNOTS('',3,(#8800,#8801,#8802,#8803,#8804,#8805,
#8806),.UNSPECIFIED.,.F.,.F.,(4,1,1,1,4),(0.00500989611751507,0.00570578404587114,
0.0064016719742272,0.00709755990258327,0.00779344783093933),
 .UNSPECIFIED.);
#27=B_SPLINE_CURVE_WITH_KNOTS('',3,(#8811,#8812,#8813,#8814,#8815,#8816,
#8817),.UNSPECIFIED.,.F.,.F.,(4,1,1,1,4),(0.00347999512115328,0.00426954507046398,
0.00505909501977468,0.00584864496908539,0.00663819491839609),
 .UNSPECIFIED.);
#28=B_SPLINE_CURVE_WITH_KNOTS('',3,(#8848,#8849,#8850,#8851),
 .UNSPECIFIED.,.F.,.F.,(4,4),(0.,0.00786125788001844),.UNSPECIFIED.);
#29=B_SPLINE_CURVE_WITH_KNOTS('',3,(#8853,#8854,#8855,#8856),
 .UNSPECIFIED.,.F.,.F.,(4,4),(0.0258341724256843,0.0336929463526725),
 .UNSPECIFIED.);
#30=SHAPE_REPRESENTATION_RELATIONSHIP('','',#5308,#35);
#31=SHAPE_REPRESENTATION_RELATIONSHIP('','',#5309,#36);
#32=SHAPE_REPRESENTATION_RELATIONSHIP('','',#5310,#37);
#33=SHAPE_REPRESENTATION_RELATIONSHIP('','',#5311,#38);
#34=SHAPE_REPRESENTATION_RELATIONSHIP('','',#5312,#39);
#35=ADVANCED_BREP_SHAPE_REPRESENTATION('',(#5298),#9084);
#36=ADVANCED_BREP_SHAPE_REPRESENTATION('',(#5299),#9085);
#37=ADVANCED_BREP_SHAPE_REPRESENTATION('',(#5300),#9086);
#38=ADVANCED_BREP_SHAPE_REPRESENTATION('',(#5301),#9087);
#39=ADVANCED_BREP_SHAPE_REPRESENTATION('',(#5302),#9088);
#40=ELLIPSE('',#5387,0.00632455532033675,0.006);
#41=ELLIPSE('',#5388,0.00632455532033675,0.006);
#42=ELLIPSE('',#5390,0.00632455532033675,0.006);
#43=ELLIPSE('',#5392,0.00632455532033675,0.006);
#44=ELLIPSE('',#5393,0.00632455532033675,0.006);
#45=ELLIPSE('',#5394,0.00632455532033675,0.006);
#46=ELLIPSE('',#5396,0.00632455532033675,0.006);
#47=ELLIPSE('',#5398,0.00632455532033675,0.006);
#48=ELLIPSE('',#5483,0.00959820528004017,0.00369195317909012);
#49=ELLIPSE('',#5484,0.00959820528004017,0.00369195317909012);
#50=ELLIPSE('',#5487,0.00959820528004013,0.00369195317909011);
#51=ELLIPSE('',#5488,0.00959820528004013,0.00369195317909011);
#52=ELLIPSE('',#5491,0.00959820528004013,0.0036919531790901);
#53=ELLIPSE('',#5492,0.00959820528004013,0.0036919531790901);
#54=ELLIPSE('',#5495,0.00959820528004017,0.00369195317909012);
#55=ELLIPSE('',#5496,0.00959820528004017,0.00369195317909012);
#56=ELLIPSE('',#5499,0.00247487373415291,0.00175);
#57=ELLIPSE('',#5500,0.00247487373415291,0.00175);
#58=ELLIPSE('',#5501,0.00247487373415291,0.00175);
#59=ELLIPSE('',#5502,0.00247487373415291,0.00175);
#60=ELLIPSE('',#5703,0.0102220819342008,0.00393192756278854);
#61=ELLIPSE('',#5704,0.0102220819342008,0.00393192756278854);
#62=ELLIPSE('',#5708,0.0102220819342008,0.00393192756278852);
#63=ELLIPSE('',#5709,0.0102220819342008,0.00393192756278852);
#64=ELLIPSE('',#5712,0.0102220819342008,0.00393192756278852);
#65=ELLIPSE('',#5713,0.0102220819342008,0.00393192756278852);
#66=ELLIPSE('',#5716,0.0102220819342008,0.00393192756278854);
#67=ELLIPSE('',#5717,0.0102220819342008,0.00393192756278854);
#68=(
BOUNDED_SURFACE()
B_SPLINE_SURFACE(3,2,((#7571,#7572,#7573),(#7574,#7575,#7576),(#7577,#7578,
#7579),(#7580,#7581,#7582),(#7583,#7584,#7585),(#7586,#7587,#7588),(#7589,
#7590,#7591),(#7592,#7593,#7594),(#7595,#7596,#7597)),.UNSPECIFIED.,.F.,
 .F.,.F.)
B_SPLINE_SURFACE_WITH_KNOTS((4,1,1,1,1,1,4),(3,3),(6.28318530717959,6.47953484802895,
6.67588438887831,6.87223392972767,7.06858347057703,7.46128255227576,7.85398163397448),
(0.,1.),.UNSPECIFIED.)
GEOMETRIC_REPRESENTATION_ITEM()
RATIONAL_B_SPLINE_SURFACE(((1.,0.707106781186548,1.),(1.,0.707106781196677,
1.),(1.,0.716400177597006,1.),(1.,0.75456389624542,1.),(1.,0.808034956512931,
1.),(1.,0.8862991644062,1.),(1.,0.973513794546107,1.),(1.,0.999999999998233,
1.),(1.,1.,1.)))
REPRESENTATION_ITEM('')
SURFACE()
);
#69=(
BOUNDED_SURFACE()
B_SPLINE_SURFACE(3,2,((#7604,#7605,#7606),(#7607,#7608,#7609),(#7610,#7611,
#7612),(#7613,#7614,#7615),(#7616,#7617,#7618),(#7619,#7620,#7621),(#7622,
#7623,#7624),(#7625,#7626,#7627),(#7628,#7629,#7630)),.UNSPECIFIED.,.F.,
 .F.,.F.)
B_SPLINE_SURFACE_WITH_KNOTS((4,1,1,1,1,1,4),(3,3),(6.28318530717959,6.47953484802895,
6.67588438887831,6.87223392972767,7.06858347057703,7.46128255227576,7.85398163397448),
(0.,1.),.UNSPECIFIED.)
GEOMETRIC_REPRESENTATION_ITEM()
RATIONAL_B_SPLINE_SURFACE(((1.,0.707106781186548,1.),(1.,0.707106781196677,
1.),(1.,0.716400177597006,1.),(1.,0.754563896245421,1.),(1.,0.80803495651293,
1.),(1.,0.886299164406201,1.),(1.,0.973513794546106,1.),(1.,0.999999999998233,
1.),(1.,1.,1.)))
REPRESENTATION_ITEM('')
SURFACE()
);
#70=(
BOUNDED_SURFACE()
B_SPLINE_SURFACE(3,2,((#7632,#7633,#7634),(#7635,#7636,#7637),(#7638,#7639,
#7640),(#7641,#7642,#7643),(#7644,#7645,#7646),(#7647,#7648,#7649),(#7650,
#7651,#7652),(#7653,#7654,#7655),(#7656,#7657,#7658)),.UNSPECIFIED.,.F.,
 .F.,.F.)
B_SPLINE_SURFACE_WITH_KNOTS((4,1,1,1,1,1,4),(3,3),(6.28318530717959,6.47953484802895,
6.67588438887831,6.87223392972767,7.06858347057703,7.46128255227576,7.85398163397448),
(0.,1.),.UNSPECIFIED.)
GEOMETRIC_REPRESENTATION_ITEM()
RATIONAL_B_SPLINE_SURFACE(((1.,0.707106781186548,1.),(1.,0.707106781196677,
1.),(1.,0.716400177597006,1.),(1.,0.75456389624542,1.),(1.,0.808034956512931,
1.),(1.,0.886299164406201,1.),(1.,0.973513794546107,1.),(1.,0.999999999998233,
1.),(1.,1.,1.)))
REPRESENTATION_ITEM('')
SURFACE()
);
#71=(
BOUNDED_SURFACE()
B_SPLINE_SURFACE(3,2,((#7664,#7665,#7666),(#7667,#7668,#7669),(#7670,#7671,
#7672),(#7673,#7674,#7675),(#7676,#7677,#7678),(#7679,#7680,#7681),(#7682,
#7683,#7684),(#7685,#7686,#7687),(#7688,#7689,#7690)),.UNSPECIFIED.,.F.,
 .F.,.F.)
B_SPLINE_SURFACE_WITH_KNOTS((4,1,1,1,1,1,4),(3,3),(6.28318530717959,6.47953484802895,
6.67588438887831,6.87223392972767,7.06858347057703,7.46128255227576,7.85398163397448),
(0.,1.),.UNSPECIFIED.)
GEOMETRIC_REPRESENTATION_ITEM()
RATIONAL_B_SPLINE_SURFACE(((1.,0.707106781186548,1.),(1.,0.707106781196677,
1.),(1.,0.716400177597007,1.),(1.,0.754563896245419,1.),(1.,0.808034956512931,
1.),(1.,0.886299164406201,1.),(1.,0.973513794546107,1.),(1.,0.999999999998233,
1.),(1.,1.,1.)))
REPRESENTATION_ITEM('')
SURFACE()
);
#72=VERTEX_LOOP('',#2589);
#73=VERTEX_LOOP('',#2591);
#74=VERTEX_LOOP('',#2593);
#75=VERTEX_LOOP('',#2595);
#76=CONICAL_SURFACE('',#5373,0.00235,1.02974425867665);
#77=CONICAL_SURFACE('',#5376,0.00235,1.02974425867665);
#78=CONICAL_SURFACE('',#5379,0.00235,1.02974425867665);
#79=CONICAL_SURFACE('',#5382,0.00235,1.02974425867665);
#80=CONICAL_SURFACE('',#5481,0.0015,0.698131700797732);
#81=CONICAL_SURFACE('',#5485,0.0015,0.698131700797732);
#82=CONICAL_SURFACE('',#5489,0.0015,0.698131700797732);
#83=CONICAL_SURFACE('',#5493,0.0015,0.698131700797732);
#84=CONICAL_SURFACE('',#5702,0.00157660444431191,0.698131700797732);
#85=CONICAL_SURFACE('',#5707,0.00157660444431191,0.698131700797732);
#86=CONICAL_SURFACE('',#5711,0.00157660444431191,0.698131700797732);
#87=CONICAL_SURFACE('',#5715,0.00157660444431191,0.698131700797732);
#88=CONICAL_SURFACE('',#5729,0.0100510542917912,1.03498024643264);
#89=CONICAL_SURFACE('',#5730,0.00225105429179114,1.03498024643264);
#90=CONICAL_SURFACE('',#5731,0.00225105429179117,1.03498024643264);
#91=CONICAL_SURFACE('',#5732,0.00225105429179116,1.03498024643264);
#92=CONICAL_SURFACE('',#5733,0.00225105429179117,1.03498024643264);
#93=CONICAL_SURFACE('',#5800,0.004,0.785398163397446);
#94=CONICAL_SURFACE('',#5803,0.004,0.785398163397446);
#95=CONICAL_SURFACE('',#5806,0.004,0.785398163397446);
#96=CONICAL_SURFACE('',#5809,0.004,0.785398163397446);
#97=CIRCLE('',#5316,0.003);
#98=CIRCLE('',#5317,0.003);
#99=CIRCLE('',#5320,0.003);
#100=CIRCLE('',#5321,0.003);
#101=CIRCLE('',#5324,0.003);
#102=CIRCLE('',#5325,0.003);
#103=CIRCLE('',#5328,0.0023);
#104=CIRCLE('',#5329,0.0023);
#105=CIRCLE('',#5332,0.00230000000000003);
#106=CIRCLE('',#5333,0.00230000000000003);
#107=CIRCLE('',#5336,0.0023);
#108=CIRCLE('',#5337,0.0023);
#109=CIRCLE('',#5340,0.00230000000000004);
#110=CIRCLE('',#5341,0.00230000000000004);
#111=CIRCLE('',#5344,0.003);
#112=CIRCLE('',#5345,0.003);
#113=CIRCLE('',#5348,0.00235);
#114=CIRCLE('',#5349,0.00235);
#115=CIRCLE('',#5350,0.00235);
#116=CIRCLE('',#5351,0.00235);
#117=CIRCLE('',#5356,0.004);
#118=CIRCLE('',#5357,0.004);
#119=CIRCLE('',#5360,0.004);
#120=CIRCLE('',#5361,0.004);
#121=CIRCLE('',#5364,0.004);
#122=CIRCLE('',#5365,0.004);
#123=CIRCLE('',#5368,0.004);
#124=CIRCLE('',#5369,0.004);
#125=CIRCLE('',#5374,0.00235);
#126=CIRCLE('',#5377,0.00235);
#127=CIRCLE('',#5380,0.00235);
#128=CIRCLE('',#5383,0.00235);
#129=CIRCLE('',#5402,0.0014);
#130=CIRCLE('',#5403,0.0014);
#131=CIRCLE('',#5404,0.0014);
#132=CIRCLE('',#5405,0.0014);
#133=CIRCLE('',#5406,0.0012);
#134=CIRCLE('',#5407,0.0012);
#135=CIRCLE('',#5408,0.0012);
#136=CIRCLE('',#5409,0.0012);
#137=CIRCLE('',#5411,0.0012);
#138=CIRCLE('',#5412,0.0012);
#139=CIRCLE('',#5413,0.0012);
#140=CIRCLE('',#5414,0.0012);
#141=CIRCLE('',#5415,0.0014);
#142=CIRCLE('',#5416,0.0014);
#143=CIRCLE('',#5417,0.0014);
#144=CIRCLE('',#5418,0.0014);
#145=CIRCLE('',#5421,0.0012);
#146=CIRCLE('',#5424,0.0012);
#147=CIRCLE('',#5427,0.0012);
#148=CIRCLE('',#5430,0.0012);
#149=CIRCLE('',#5438,0.0012);
#150=CIRCLE('',#5441,0.0012);
#151=CIRCLE('',#5444,0.0012);
#152=CIRCLE('',#5447,0.0012);
#153=CIRCLE('',#5453,0.0015);
#154=CIRCLE('',#5454,0.0015);
#155=CIRCLE('',#5457,0.0015);
#156=CIRCLE('',#5458,0.0015);
#157=CIRCLE('',#5461,0.0015);
#158=CIRCLE('',#5462,0.0015);
#159=CIRCLE('',#5465,0.00315);
#160=CIRCLE('',#5466,0.00315);
#161=CIRCLE('',#5472,0.0015);
#162=CIRCLE('',#5473,0.0015);
#163=CIRCLE('',#5479,0.0015);
#164=CIRCLE('',#5480,0.0015);
#165=CIRCLE('',#5482,0.0166037933611911);
#166=CIRCLE('',#5486,0.0166037933611911);
#167=CIRCLE('',#5490,0.0166037933611911);
#168=CIRCLE('',#5494,0.0166037933611911);
#169=CIRCLE('',#5503,0.01);
#170=CIRCLE('',#5504,0.0022);
#171=CIRCLE('',#5505,0.0022);
#172=CIRCLE('',#5506,0.0022);
#173=CIRCLE('',#5507,0.0022);
#174=CIRCLE('',#5509,0.0015);
#175=CIRCLE('',#5510,0.0015);
#176=CIRCLE('',#5516,0.0022);
#177=CIRCLE('',#5519,0.0022);
#178=CIRCLE('',#5522,0.0022);
#179=CIRCLE('',#5525,0.0022);
#180=CIRCLE('',#5528,0.000300000000000008);
#181=CIRCLE('',#5529,0.000300000000000007);
#182=CIRCLE('',#5530,0.01);
#183=CIRCLE('',#5533,0.00175);
#184=CIRCLE('',#5535,0.001);
#185=CIRCLE('',#5537,0.001);
#186=CIRCLE('',#5539,0.0008);
#187=CIRCLE('',#5542,0.00175);
#188=CIRCLE('',#5544,0.001);
#189=CIRCLE('',#5546,0.001);
#190=CIRCLE('',#5548,0.0008);
#191=CIRCLE('',#5551,0.001);
#192=CIRCLE('',#5552,0.001);
#193=CIRCLE('',#5554,0.0008);
#194=CIRCLE('',#5557,0.00175);
#195=CIRCLE('',#5560,0.001);
#196=CIRCLE('',#5561,0.001);
#197=CIRCLE('',#5563,0.0008);
#198=CIRCLE('',#5566,0.00175);
#199=CIRCLE('',#5569,0.004);
#200=CIRCLE('',#5570,0.0014);
#201=CIRCLE('',#5571,0.0014);
#202=CIRCLE('',#5572,0.0014);
#203=CIRCLE('',#5573,0.0014);
#204=CIRCLE('',#5574,0.0014);
#205=CIRCLE('',#5575,0.0014);
#206=CIRCLE('',#5576,0.0014);
#207=CIRCLE('',#5577,0.0014);
#208=CIRCLE('',#5578,0.000300000000000007);
#209=CIRCLE('',#5579,0.000300000000000008);
#210=CIRCLE('',#5609,0.004);
#211=CIRCLE('',#5624,0.003);
#212=CIRCLE('',#5625,0.003);
#213=CIRCLE('',#5627,0.0024);
#214=CIRCLE('',#5630,0.00375);
#215=CIRCLE('',#5631,0.00375);
#216=CIRCLE('',#5639,0.0011);
#217=CIRCLE('',#5640,0.0011);
#218=CIRCLE('',#5649,0.00210000000000003);
#219=CIRCLE('',#5650,0.00210000000000003);
#220=CIRCLE('',#5653,0.0021);
#221=CIRCLE('',#5654,0.0021);
#222=CIRCLE('',#5657,0.00110000000000001);
#223=CIRCLE('',#5658,0.00110000000000001);
#224=CIRCLE('',#5665,0.0025);
#225=CIRCLE('',#5666,0.0025);
#226=CIRCLE('',#5667,0.0025);
#227=CIRCLE('',#5668,0.0025);
#228=CIRCLE('',#5669,0.0314166884673419);
#229=CIRCLE('',#5670,0.023616688467342);
#230=CIRCLE('',#5671,0.023616688467342);
#231=CIRCLE('',#5672,0.023616688467342);
#232=CIRCLE('',#5673,0.023616688467342);
#233=CIRCLE('',#5674,0.0022);
#234=CIRCLE('',#5675,0.0022);
#235=CIRCLE('',#5676,0.0022);
#236=CIRCLE('',#5677,0.0022);
#237=CIRCLE('',#5683,0.004);
#238=CIRCLE('',#5684,0.004);
#239=CIRCLE('',#5686,0.004);
#240=CIRCLE('',#5687,0.004);
#241=CIRCLE('',#5689,0.004);
#242=CIRCLE('',#5690,0.004);
#243=CIRCLE('',#5692,0.004);
#244=CIRCLE('',#5693,0.004);
#245=CIRCLE('',#5695,0.00163054072893324);
#246=CIRCLE('',#5696,0.00163054072893323);
#247=CIRCLE('',#5697,0.00163054072893323);
#248=CIRCLE('',#5698,0.00163054072893324);
#249=CIRCLE('',#5705,0.0165897798839661);
#250=CIRCLE('',#5710,0.0165897798839661);
#251=CIRCLE('',#5714,0.0165897798839661);
#252=CIRCLE('',#5718,0.0165897798839661);
#253=CIRCLE('',#5720,0.0032);
#254=CIRCLE('',#5721,0.0032);
#255=CIRCLE('',#5722,0.0032);
#256=CIRCLE('',#5723,0.0032);
#257=CIRCLE('',#5735,0.001);
#258=CIRCLE('',#5737,0.0008);
#259=CIRCLE('',#5739,0.0008);
#260=CIRCLE('',#5742,0.001);
#261=CIRCLE('',#5744,0.0008);
#262=CIRCLE('',#5746,0.0008);
#263=CIRCLE('',#5749,0.001);
#264=CIRCLE('',#5751,0.0008);
#265=CIRCLE('',#5753,0.0008);
#266=CIRCLE('',#5756,0.001);
#267=CIRCLE('',#5758,0.0008);
#268=CIRCLE('',#5760,0.0008);
#269=CIRCLE('',#5766,0.004);
#270=CIRCLE('',#5771,0.004);
#271=CIRCLE('',#5776,0.004);
#272=CIRCLE('',#5781,0.004);
#273=CIRCLE('',#5799,0.0025);
#274=CIRCLE('',#5802,0.0025);
#275=CIRCLE('',#5805,0.0025);
#276=CIRCLE('',#5808,0.0025);
#277=CIRCLE('',#5812,0.0032);
#278=CIRCLE('',#5815,0.0032);
#279=CIRCLE('',#5818,0.0032);
#280=CIRCLE('',#5821,0.0022);
#281=CIRCLE('',#5824,0.0022);
#282=CIRCLE('',#5827,0.0022);
#283=CIRCLE('',#5830,0.0022);
#284=CIRCLE('',#5833,0.0032);
#285=CYLINDRICAL_SURFACE('',#5315,0.003);
#286=CYLINDRICAL_SURFACE('',#5319,0.003);
#287=CYLINDRICAL_SURFACE('',#5323,0.003);
#288=CYLINDRICAL_SURFACE('',#5327,0.0023);
#289=CYLINDRICAL_SURFACE('',#5331,0.00230000000000003);
#290=CYLINDRICAL_SURFACE('',#5335,0.0023);
#291=CYLINDRICAL_SURFACE('',#5339,0.00230000000000004);
#292=CYLINDRICAL_SURFACE('',#5343,0.003);
#293=CYLINDRICAL_SURFACE('',#5355,0.004);
#294=CYLINDRICAL_SURFACE('',#5359,0.004);
#295=CYLINDRICAL_SURFACE('',#5363,0.004);
#296=CYLINDRICAL_SURFACE('',#5367,0.004);
#297=CYLINDRICAL_SURFACE('',#5375,0.00235);
#298=CYLINDRICAL_SURFACE('',#5378,0.00235);
#299=CYLINDRICAL_SURFACE('',#5381,0.00235);
#300=CYLINDRICAL_SURFACE('',#5384,0.00235);
#301=CYLINDRICAL_SURFACE('',#5389,0.006);
#302=CYLINDRICAL_SURFACE('',#5391,0.006);
#303=CYLINDRICAL_SURFACE('',#5395,0.006);
#304=CYLINDRICAL_SURFACE('',#5397,0.006);
#305=CYLINDRICAL_SURFACE('',#5420,0.0012);
#306=CYLINDRICAL_SURFACE('',#5423,0.0012);
#307=CYLINDRICAL_SURFACE('',#5426,0.0012);
#308=CYLINDRICAL_SURFACE('',#5429,0.0012);
#309=CYLINDRICAL_SURFACE('',#5437,0.0012);
#310=CYLINDRICAL_SURFACE('',#5440,0.0012);
#311=CYLINDRICAL_SURFACE('',#5443,0.0012);
#312=CYLINDRICAL_SURFACE('',#5446,0.0012);
#313=CYLINDRICAL_SURFACE('',#5452,0.0015);
#314=CYLINDRICAL_SURFACE('',#5456,0.0015);
#315=CYLINDRICAL_SURFACE('',#5460,0.0015);
#316=CYLINDRICAL_SURFACE('',#5464,0.00315);
#317=CYLINDRICAL_SURFACE('',#5471,0.0015);
#318=CYLINDRICAL_SURFACE('',#5478,0.0015);
#319=CYLINDRICAL_SURFACE('',#5508,0.0015);
#320=CYLINDRICAL_SURFACE('',#5515,0.0022);
#321=CYLINDRICAL_SURFACE('',#5518,0.0022);
#322=CYLINDRICAL_SURFACE('',#5521,0.0022);
#323=CYLINDRICAL_SURFACE('',#5524,0.0022);
#324=CYLINDRICAL_SURFACE('',#5531,0.01);
#325=CYLINDRICAL_SURFACE('',#5532,0.00175);
#326=CYLINDRICAL_SURFACE('',#5536,0.001);
#327=CYLINDRICAL_SURFACE('',#5540,0.0008);
#328=CYLINDRICAL_SURFACE('',#5541,0.00175);
#329=CYLINDRICAL_SURFACE('',#5545,0.001);
#330=CYLINDRICAL_SURFACE('',#5549,0.0008);
#331=CYLINDRICAL_SURFACE('',#5550,0.001);
#332=CYLINDRICAL_SURFACE('',#5555,0.0008);
#333=CYLINDRICAL_SURFACE('',#5556,0.00175);
#334=CYLINDRICAL_SURFACE('',#5559,0.001);
#335=CYLINDRICAL_SURFACE('',#5564,0.0008);
#336=CYLINDRICAL_SURFACE('',#5565,0.00175);
#337=CYLINDRICAL_SURFACE('',#5583,0.0014);
#338=CYLINDRICAL_SURFACE('',#5585,0.0014);
#339=CYLINDRICAL_SURFACE('',#5587,0.0014);
#340=CYLINDRICAL_SURFACE('',#5589,0.0014);
#341=CYLINDRICAL_SURFACE('',#5596,0.0014);
#342=CYLINDRICAL_SURFACE('',#5598,0.0014);
#343=CYLINDRICAL_SURFACE('',#5600,0.0014);
#344=CYLINDRICAL_SURFACE('',#5602,0.0014);
#345=CYLINDRICAL_SURFACE('',#5608,0.004);
#346=CYLINDRICAL_SURFACE('',#5614,0.000300000000000008);
#347=CYLINDRICAL_SURFACE('',#5616,0.000300000000000007);
#348=CYLINDRICAL_SURFACE('',#5623,0.003);
#349=CYLINDRICAL_SURFACE('',#5629,0.00375);
#350=CYLINDRICAL_SURFACE('',#5638,0.0011);
#351=CYLINDRICAL_SURFACE('',#5648,0.00210000000000003);
#352=CYLINDRICAL_SURFACE('',#5652,0.0021);
#353=CYLINDRICAL_SURFACE('',#5656,0.00110000000000001);
#354=CYLINDRICAL_SURFACE('',#5682,0.004);
#355=CYLINDRICAL_SURFACE('',#5685,0.004);
#356=CYLINDRICAL_SURFACE('',#5688,0.004);
#357=CYLINDRICAL_SURFACE('',#5691,0.004);
#358=CYLINDRICAL_SURFACE('',#5734,0.001);
#359=CYLINDRICAL_SURFACE('',#5738,0.0008);
#360=CYLINDRICAL_SURFACE('',#5741,0.001);
#361=CYLINDRICAL_SURFACE('',#5745,0.0008);
#362=CYLINDRICAL_SURFACE('',#5748,0.001);
#363=CYLINDRICAL_SURFACE('',#5752,0.0008);
#364=CYLINDRICAL_SURFACE('',#5755,0.001);
#365=CYLINDRICAL_SURFACE('',#5759,0.0008);
#366=CYLINDRICAL_SURFACE('',#5798,0.0025);
#367=CYLINDRICAL_SURFACE('',#5801,0.0025);
#368=CYLINDRICAL_SURFACE('',#5804,0.0025);
#369=CYLINDRICAL_SURFACE('',#5807,0.0025);
#370=CYLINDRICAL_SURFACE('',#5811,0.0032);
#371=CYLINDRICAL_SURFACE('',#5814,0.0032);
#372=CYLINDRICAL_SURFACE('',#5817,0.0032);
#373=CYLINDRICAL_SURFACE('',#5820,0.0022);
#374=CYLINDRICAL_SURFACE('',#5823,0.0022);
#375=CYLINDRICAL_SURFACE('',#5826,0.0022);
#376=CYLINDRICAL_SURFACE('',#5829,0.0022);
#377=CYLINDRICAL_SURFACE('',#5832,0.0032);
#378=ORIENTED_EDGE('',*,*,#1812,.F.);
#379=ORIENTED_EDGE('',*,*,#1813,.F.);
#380=ORIENTED_EDGE('',*,*,#1814,.T.);
#381=ORIENTED_EDGE('',*,*,#1815,.T.);
#382=ORIENTED_EDGE('',*,*,#1816,.F.);
#383=ORIENTED_EDGE('',*,*,#1815,.F.);
#384=ORIENTED_EDGE('',*,*,#1817,.T.);
#385=ORIENTED_EDGE('',*,*,#1818,.T.);
#386=ORIENTED_EDGE('',*,*,#1819,.T.);
#387=ORIENTED_EDGE('',*,*,#1818,.F.);
#388=ORIENTED_EDGE('',*,*,#1820,.F.);
#389=ORIENTED_EDGE('',*,*,#1821,.T.);
#390=ORIENTED_EDGE('',*,*,#1822,.F.);
#391=ORIENTED_EDGE('',*,*,#1821,.F.);
#392=ORIENTED_EDGE('',*,*,#1823,.T.);
#393=ORIENTED_EDGE('',*,*,#1824,.T.);
#394=ORIENTED_EDGE('',*,*,#1825,.F.);
#395=ORIENTED_EDGE('',*,*,#1824,.F.);
#396=ORIENTED_EDGE('',*,*,#1826,.T.);
#397=ORIENTED_EDGE('',*,*,#1827,.T.);
#398=ORIENTED_EDGE('',*,*,#1828,.F.);
#399=ORIENTED_EDGE('',*,*,#1827,.F.);
#400=ORIENTED_EDGE('',*,*,#1829,.T.);
#401=ORIENTED_EDGE('',*,*,#1830,.T.);
#402=ORIENTED_EDGE('',*,*,#1831,.F.);
#403=ORIENTED_EDGE('',*,*,#1830,.F.);
#404=ORIENTED_EDGE('',*,*,#1832,.T.);
#405=ORIENTED_EDGE('',*,*,#1833,.T.);
#406=ORIENTED_EDGE('',*,*,#1834,.T.);
#407=ORIENTED_EDGE('',*,*,#1835,.F.);
#408=ORIENTED_EDGE('',*,*,#1836,.F.);
#409=ORIENTED_EDGE('',*,*,#1837,.T.);
#410=ORIENTED_EDGE('',*,*,#1838,.T.);
#411=ORIENTED_EDGE('',*,*,#1837,.F.);
#412=ORIENTED_EDGE('',*,*,#1839,.F.);
#413=ORIENTED_EDGE('',*,*,#1840,.T.);
#414=ORIENTED_EDGE('',*,*,#1841,.T.);
#415=ORIENTED_EDGE('',*,*,#1840,.F.);
#416=ORIENTED_EDGE('',*,*,#1842,.F.);
#417=ORIENTED_EDGE('',*,*,#1843,.T.);
#418=ORIENTED_EDGE('',*,*,#1844,.T.);
#419=ORIENTED_EDGE('',*,*,#1843,.F.);
#420=ORIENTED_EDGE('',*,*,#1845,.F.);
#421=ORIENTED_EDGE('',*,*,#1846,.T.);
#422=ORIENTED_EDGE('',*,*,#1847,.T.);
#423=ORIENTED_EDGE('',*,*,#1846,.F.);
#424=ORIENTED_EDGE('',*,*,#1848,.F.);
#425=ORIENTED_EDGE('',*,*,#1849,.T.);
#426=ORIENTED_EDGE('',*,*,#1850,.T.);
#427=ORIENTED_EDGE('',*,*,#1849,.F.);
#428=ORIENTED_EDGE('',*,*,#1851,.F.);
#429=ORIENTED_EDGE('',*,*,#1852,.T.);
#430=ORIENTED_EDGE('',*,*,#1853,.T.);
#431=ORIENTED_EDGE('',*,*,#1852,.F.);
#432=ORIENTED_EDGE('',*,*,#1854,.F.);
#433=ORIENTED_EDGE('',*,*,#1855,.T.);
#434=ORIENTED_EDGE('',*,*,#1856,.F.);
#435=ORIENTED_EDGE('',*,*,#1855,.F.);
#436=ORIENTED_EDGE('',*,*,#1857,.T.);
#437=ORIENTED_EDGE('',*,*,#1835,.T.);
#438=ORIENTED_EDGE('',*,*,#1858,.F.);
#439=ORIENTED_EDGE('',*,*,#1833,.F.);
#440=ORIENTED_EDGE('',*,*,#1859,.T.);
#441=ORIENTED_EDGE('',*,*,#1813,.T.);
#442=ORIENTED_EDGE('',*,*,#1836,.T.);
#443=ORIENTED_EDGE('',*,*,#1857,.F.);
#444=ORIENTED_EDGE('',*,*,#1854,.T.);
#445=ORIENTED_EDGE('',*,*,#1851,.T.);
#446=ORIENTED_EDGE('',*,*,#1848,.T.);
#447=ORIENTED_EDGE('',*,*,#1845,.T.);
#448=ORIENTED_EDGE('',*,*,#1842,.T.);
#449=ORIENTED_EDGE('',*,*,#1839,.T.);
#450=ORIENTED_EDGE('',*,*,#1814,.F.);
#451=ORIENTED_EDGE('',*,*,#1859,.F.);
#452=ORIENTED_EDGE('',*,*,#1832,.F.);
#453=ORIENTED_EDGE('',*,*,#1829,.F.);
#454=ORIENTED_EDGE('',*,*,#1826,.F.);
#455=ORIENTED_EDGE('',*,*,#1823,.F.);
#456=ORIENTED_EDGE('',*,*,#1820,.T.);
#457=ORIENTED_EDGE('',*,*,#1817,.F.);
#458=ORIENTED_EDGE('',*,*,#1860,.T.);
#459=ORIENTED_EDGE('',*,*,#1861,.T.);
#460=ORIENTED_EDGE('',*,*,#1862,.T.);
#461=ORIENTED_EDGE('',*,*,#1863,.T.);
#462=ORIENTED_EDGE('',*,*,#1864,.T.);
#463=ORIENTED_EDGE('',*,*,#1865,.T.);
#464=ORIENTED_EDGE('',*,*,#1866,.F.);
#465=ORIENTED_EDGE('',*,*,#1867,.F.);
#466=ORIENTED_EDGE('',*,*,#1834,.F.);
#467=ORIENTED_EDGE('',*,*,#1838,.F.);
#468=ORIENTED_EDGE('',*,*,#1841,.F.);
#469=ORIENTED_EDGE('',*,*,#1844,.F.);
#470=ORIENTED_EDGE('',*,*,#1847,.F.);
#471=ORIENTED_EDGE('',*,*,#1850,.F.);
#472=ORIENTED_EDGE('',*,*,#1853,.F.);
#473=ORIENTED_EDGE('',*,*,#1856,.T.);
#474=ORIENTED_EDGE('',*,*,#1864,.F.);
#475=ORIENTED_EDGE('',*,*,#1868,.F.);
#476=ORIENTED_EDGE('',*,*,#1869,.T.);
#477=ORIENTED_EDGE('',*,*,#1870,.T.);
#478=ORIENTED_EDGE('',*,*,#1867,.T.);
#479=ORIENTED_EDGE('',*,*,#1871,.F.);
#480=ORIENTED_EDGE('',*,*,#1872,.F.);
#481=ORIENTED_EDGE('',*,*,#1868,.T.);
#482=ORIENTED_EDGE('',*,*,#1866,.T.);
#483=ORIENTED_EDGE('',*,*,#1873,.F.);
#484=ORIENTED_EDGE('',*,*,#1874,.F.);
#485=ORIENTED_EDGE('',*,*,#1871,.T.);
#486=ORIENTED_EDGE('',*,*,#1875,.F.);
#487=ORIENTED_EDGE('',*,*,#1876,.T.);
#488=ORIENTED_EDGE('',*,*,#1877,.T.);
#489=ORIENTED_EDGE('',*,*,#1878,.T.);
#490=ORIENTED_EDGE('',*,*,#1879,.F.);
#491=ORIENTED_EDGE('',*,*,#1880,.T.);
#492=ORIENTED_EDGE('',*,*,#1875,.T.);
#493=ORIENTED_EDGE('',*,*,#1881,.T.);
#494=ORIENTED_EDGE('',*,*,#1882,.F.);
#495=ORIENTED_EDGE('',*,*,#1883,.T.);
#496=ORIENTED_EDGE('',*,*,#1879,.T.);
#497=ORIENTED_EDGE('',*,*,#1884,.T.);
#498=ORIENTED_EDGE('',*,*,#1885,.F.);
#499=ORIENTED_EDGE('',*,*,#1886,.T.);
#500=ORIENTED_EDGE('',*,*,#1882,.T.);
#501=ORIENTED_EDGE('',*,*,#1887,.F.);
#502=ORIENTED_EDGE('',*,*,#1888,.F.);
#503=ORIENTED_EDGE('',*,*,#1889,.T.);
#504=ORIENTED_EDGE('',*,*,#1885,.T.);
#505=ORIENTED_EDGE('',*,*,#1890,.T.);
#506=ORIENTED_EDGE('',*,*,#1891,.F.);
#507=ORIENTED_EDGE('',*,*,#1892,.T.);
#508=ORIENTED_EDGE('',*,*,#1888,.T.);
#509=ORIENTED_EDGE('',*,*,#1893,.T.);
#510=ORIENTED_EDGE('',*,*,#1894,.F.);
#511=ORIENTED_EDGE('',*,*,#1895,.T.);
#512=ORIENTED_EDGE('',*,*,#1891,.T.);
#513=ORIENTED_EDGE('',*,*,#1896,.T.);
#514=ORIENTED_EDGE('',*,*,#1877,.F.);
#515=ORIENTED_EDGE('',*,*,#1897,.T.);
#516=ORIENTED_EDGE('',*,*,#1894,.T.);
#517=ORIENTED_EDGE('',*,*,#1898,.T.);
#518=ORIENTED_EDGE('',*,*,#1865,.F.);
#519=ORIENTED_EDGE('',*,*,#1870,.F.);
#520=ORIENTED_EDGE('',*,*,#1899,.T.);
#521=ORIENTED_EDGE('',*,*,#1873,.T.);
#522=ORIENTED_EDGE('',*,*,#1858,.T.);
#523=ORIENTED_EDGE('',*,*,#1812,.T.);
#524=ORIENTED_EDGE('',*,*,#1816,.T.);
#525=ORIENTED_EDGE('',*,*,#1819,.F.);
#526=ORIENTED_EDGE('',*,*,#1822,.T.);
#527=ORIENTED_EDGE('',*,*,#1825,.T.);
#528=ORIENTED_EDGE('',*,*,#1828,.T.);
#529=ORIENTED_EDGE('',*,*,#1831,.T.);
#530=ORIENTED_EDGE('',*,*,#1878,.F.);
#531=ORIENTED_EDGE('',*,*,#1898,.F.);
#532=ORIENTED_EDGE('',*,*,#1896,.F.);
#533=ORIENTED_EDGE('',*,*,#1893,.F.);
#534=ORIENTED_EDGE('',*,*,#1890,.F.);
#535=ORIENTED_EDGE('',*,*,#1887,.T.);
#536=ORIENTED_EDGE('',*,*,#1884,.F.);
#537=ORIENTED_EDGE('',*,*,#1881,.F.);
#538=ORIENTED_EDGE('',*,*,#1900,.F.);
#539=ORIENTED_EDGE('',*,*,#1900,.T.);
#540=ORIENTED_EDGE('',*,*,#1863,.F.);
#541=ORIENTED_EDGE('',*,*,#1901,.F.);
#542=ORIENTED_EDGE('',*,*,#1901,.T.);
#543=ORIENTED_EDGE('',*,*,#1862,.F.);
#544=ORIENTED_EDGE('',*,*,#1902,.F.);
#545=ORIENTED_EDGE('',*,*,#1902,.T.);
#546=ORIENTED_EDGE('',*,*,#1861,.F.);
#547=ORIENTED_EDGE('',*,*,#1903,.F.);
#548=ORIENTED_EDGE('',*,*,#1903,.T.);
#549=ORIENTED_EDGE('',*,*,#1860,.F.);
#550=ORIENTED_EDGE('',*,*,#1869,.F.);
#551=ORIENTED_EDGE('',*,*,#1872,.T.);
#552=ORIENTED_EDGE('',*,*,#1874,.T.);
#553=ORIENTED_EDGE('',*,*,#1899,.F.);
#554=ORIENTED_EDGE('',*,*,#1904,.T.);
#555=ORIENTED_EDGE('',*,*,#1905,.T.);
#556=ORIENTED_EDGE('',*,*,#1906,.T.);
#557=ORIENTED_EDGE('',*,*,#1907,.T.);
#558=ORIENTED_EDGE('',*,*,#1908,.F.);
#559=ORIENTED_EDGE('',*,*,#1876,.F.);
#560=ORIENTED_EDGE('',*,*,#1909,.F.);
#561=ORIENTED_EDGE('',*,*,#1909,.T.);
#562=ORIENTED_EDGE('',*,*,#1880,.F.);
#563=ORIENTED_EDGE('',*,*,#1910,.F.);
#564=ORIENTED_EDGE('',*,*,#1904,.F.);
#565=ORIENTED_EDGE('',*,*,#1908,.T.);
#566=ORIENTED_EDGE('',*,*,#1907,.F.);
#567=ORIENTED_EDGE('',*,*,#1911,.F.);
#568=ORIENTED_EDGE('',*,*,#1897,.F.);
#569=ORIENTED_EDGE('',*,*,#1910,.T.);
#570=ORIENTED_EDGE('',*,*,#1883,.F.);
#571=ORIENTED_EDGE('',*,*,#1912,.F.);
#572=ORIENTED_EDGE('',*,*,#1895,.F.);
#573=ORIENTED_EDGE('',*,*,#1911,.T.);
#574=ORIENTED_EDGE('',*,*,#1913,.F.);
#575=ORIENTED_EDGE('',*,*,#1912,.T.);
#576=ORIENTED_EDGE('',*,*,#1886,.F.);
#577=ORIENTED_EDGE('',*,*,#1914,.F.);
#578=ORIENTED_EDGE('',*,*,#1905,.F.);
#579=ORIENTED_EDGE('',*,*,#1913,.T.);
#580=ORIENTED_EDGE('',*,*,#1906,.F.);
#581=ORIENTED_EDGE('',*,*,#1915,.F.);
#582=ORIENTED_EDGE('',*,*,#1892,.F.);
#583=ORIENTED_EDGE('',*,*,#1889,.F.);
#584=ORIENTED_EDGE('',*,*,#1915,.T.);
#585=ORIENTED_EDGE('',*,*,#1914,.T.);
#586=ORIENTED_EDGE('',*,*,#1916,.T.);
#587=ORIENTED_EDGE('',*,*,#1917,.T.);
#588=ORIENTED_EDGE('',*,*,#1918,.F.);
#589=ORIENTED_EDGE('',*,*,#1919,.F.);
#590=ORIENTED_EDGE('',*,*,#1920,.F.);
#591=ORIENTED_EDGE('',*,*,#1921,.F.);
#592=ORIENTED_EDGE('',*,*,#1922,.T.);
#593=ORIENTED_EDGE('',*,*,#1923,.T.);
#594=ORIENTED_EDGE('',*,*,#1924,.T.);
#595=ORIENTED_EDGE('',*,*,#1925,.F.);
#596=ORIENTED_EDGE('',*,*,#1926,.T.);
#597=ORIENTED_EDGE('',*,*,#1927,.F.);
#598=ORIENTED_EDGE('',*,*,#1928,.T.);
#599=ORIENTED_EDGE('',*,*,#1929,.T.);
#600=ORIENTED_EDGE('',*,*,#1930,.T.);
#601=ORIENTED_EDGE('',*,*,#1931,.T.);
#602=ORIENTED_EDGE('',*,*,#1932,.T.);
#603=ORIENTED_EDGE('',*,*,#1933,.T.);
#604=ORIENTED_EDGE('',*,*,#1934,.T.);
#605=ORIENTED_EDGE('',*,*,#1935,.T.);
#606=ORIENTED_EDGE('',*,*,#1936,.T.);
#607=ORIENTED_EDGE('',*,*,#1937,.F.);
#608=ORIENTED_EDGE('',*,*,#1938,.T.);
#609=ORIENTED_EDGE('',*,*,#1939,.F.);
#610=ORIENTED_EDGE('',*,*,#1940,.T.);
#611=ORIENTED_EDGE('',*,*,#1941,.F.);
#612=ORIENTED_EDGE('',*,*,#1942,.F.);
#613=ORIENTED_EDGE('',*,*,#1943,.F.);
#614=ORIENTED_EDGE('',*,*,#1944,.F.);
#615=ORIENTED_EDGE('',*,*,#1945,.F.);
#616=ORIENTED_EDGE('',*,*,#1946,.T.);
#617=ORIENTED_EDGE('',*,*,#1947,.F.);
#618=ORIENTED_EDGE('',*,*,#1948,.F.);
#619=ORIENTED_EDGE('',*,*,#1949,.F.);
#620=ORIENTED_EDGE('',*,*,#1950,.T.);
#621=ORIENTED_EDGE('',*,*,#1951,.F.);
#622=ORIENTED_EDGE('',*,*,#1952,.T.);
#623=ORIENTED_EDGE('',*,*,#1953,.F.);
#624=ORIENTED_EDGE('',*,*,#1954,.F.);
#625=ORIENTED_EDGE('',*,*,#1955,.F.);
#626=ORIENTED_EDGE('',*,*,#1956,.T.);
#627=ORIENTED_EDGE('',*,*,#1957,.F.);
#628=ORIENTED_EDGE('',*,*,#1958,.F.);
#629=ORIENTED_EDGE('',*,*,#1959,.T.);
#630=ORIENTED_EDGE('',*,*,#1960,.T.);
#631=ORIENTED_EDGE('',*,*,#1961,.T.);
#632=ORIENTED_EDGE('',*,*,#1962,.F.);
#633=ORIENTED_EDGE('',*,*,#1963,.F.);
#634=ORIENTED_EDGE('',*,*,#1964,.T.);
#635=ORIENTED_EDGE('',*,*,#1965,.F.);
#636=ORIENTED_EDGE('',*,*,#1932,.F.);
#637=ORIENTED_EDGE('',*,*,#1966,.T.);
#638=ORIENTED_EDGE('',*,*,#1967,.T.);
#639=ORIENTED_EDGE('',*,*,#1968,.F.);
#640=ORIENTED_EDGE('',*,*,#1933,.F.);
#641=ORIENTED_EDGE('',*,*,#1965,.T.);
#642=ORIENTED_EDGE('',*,*,#1969,.T.);
#643=ORIENTED_EDGE('',*,*,#1970,.F.);
#644=ORIENTED_EDGE('',*,*,#1934,.F.);
#645=ORIENTED_EDGE('',*,*,#1968,.T.);
#646=ORIENTED_EDGE('',*,*,#1971,.T.);
#647=ORIENTED_EDGE('',*,*,#1972,.F.);
#648=ORIENTED_EDGE('',*,*,#1935,.F.);
#649=ORIENTED_EDGE('',*,*,#1970,.T.);
#650=ORIENTED_EDGE('',*,*,#1973,.T.);
#651=ORIENTED_EDGE('',*,*,#1974,.F.);
#652=ORIENTED_EDGE('',*,*,#1936,.F.);
#653=ORIENTED_EDGE('',*,*,#1972,.T.);
#654=ORIENTED_EDGE('',*,*,#1975,.F.);
#655=ORIENTED_EDGE('',*,*,#1976,.F.);
#656=ORIENTED_EDGE('',*,*,#1937,.T.);
#657=ORIENTED_EDGE('',*,*,#1974,.T.);
#658=ORIENTED_EDGE('',*,*,#1977,.T.);
#659=ORIENTED_EDGE('',*,*,#1978,.F.);
#660=ORIENTED_EDGE('',*,*,#1938,.F.);
#661=ORIENTED_EDGE('',*,*,#1976,.T.);
#662=ORIENTED_EDGE('',*,*,#1979,.F.);
#663=ORIENTED_EDGE('',*,*,#1980,.F.);
#664=ORIENTED_EDGE('',*,*,#1963,.T.);
#665=ORIENTED_EDGE('',*,*,#1981,.T.);
#666=ORIENTED_EDGE('',*,*,#1982,.T.);
#667=ORIENTED_EDGE('',*,*,#1983,.F.);
#668=ORIENTED_EDGE('',*,*,#1960,.F.);
#669=ORIENTED_EDGE('',*,*,#1980,.T.);
#670=ORIENTED_EDGE('',*,*,#1984,.T.);
#671=ORIENTED_EDGE('',*,*,#1985,.F.);
#672=ORIENTED_EDGE('',*,*,#1961,.F.);
#673=ORIENTED_EDGE('',*,*,#1983,.T.);
#674=ORIENTED_EDGE('',*,*,#1986,.F.);
#675=ORIENTED_EDGE('',*,*,#1987,.F.);
#676=ORIENTED_EDGE('',*,*,#1919,.T.);
#677=ORIENTED_EDGE('',*,*,#1988,.T.);
#678=ORIENTED_EDGE('',*,*,#1989,.T.);
#679=ORIENTED_EDGE('',*,*,#1990,.F.);
#680=ORIENTED_EDGE('',*,*,#1916,.F.);
#681=ORIENTED_EDGE('',*,*,#1987,.T.);
#682=ORIENTED_EDGE('',*,*,#1991,.T.);
#683=ORIENTED_EDGE('',*,*,#1992,.F.);
#684=ORIENTED_EDGE('',*,*,#1917,.F.);
#685=ORIENTED_EDGE('',*,*,#1990,.T.);
#686=ORIENTED_EDGE('',*,*,#1993,.F.);
#687=ORIENTED_EDGE('',*,*,#1994,.F.);
#688=ORIENTED_EDGE('',*,*,#1947,.T.);
#689=ORIENTED_EDGE('',*,*,#1995,.T.);
#690=ORIENTED_EDGE('',*,*,#1996,.T.);
#691=ORIENTED_EDGE('',*,*,#1997,.F.);
#692=ORIENTED_EDGE('',*,*,#1940,.F.);
#693=ORIENTED_EDGE('',*,*,#1994,.T.);
#694=ORIENTED_EDGE('',*,*,#1998,.F.);
#695=ORIENTED_EDGE('',*,*,#1999,.F.);
#696=ORIENTED_EDGE('',*,*,#1941,.T.);
#697=ORIENTED_EDGE('',*,*,#1997,.T.);
#698=ORIENTED_EDGE('',*,*,#2000,.F.);
#699=ORIENTED_EDGE('',*,*,#2001,.F.);
#700=ORIENTED_EDGE('',*,*,#1942,.T.);
#701=ORIENTED_EDGE('',*,*,#1999,.T.);
#702=ORIENTED_EDGE('',*,*,#2002,.F.);
#703=ORIENTED_EDGE('',*,*,#2003,.F.);
#704=ORIENTED_EDGE('',*,*,#1943,.T.);
#705=ORIENTED_EDGE('',*,*,#2001,.T.);
#706=ORIENTED_EDGE('',*,*,#2004,.F.);
#707=ORIENTED_EDGE('',*,*,#2005,.F.);
#708=ORIENTED_EDGE('',*,*,#1944,.T.);
#709=ORIENTED_EDGE('',*,*,#2003,.T.);
#710=ORIENTED_EDGE('',*,*,#2006,.F.);
#711=ORIENTED_EDGE('',*,*,#2007,.F.);
#712=ORIENTED_EDGE('',*,*,#1945,.T.);
#713=ORIENTED_EDGE('',*,*,#2005,.T.);
#714=ORIENTED_EDGE('',*,*,#2008,.T.);
#715=ORIENTED_EDGE('',*,*,#2009,.F.);
#716=ORIENTED_EDGE('',*,*,#2010,.F.);
#717=ORIENTED_EDGE('',*,*,#2011,.T.);
#718=ORIENTED_EDGE('',*,*,#2012,.F.);
#719=ORIENTED_EDGE('',*,*,#2013,.F.);
#720=ORIENTED_EDGE('',*,*,#2014,.T.);
#721=ORIENTED_EDGE('',*,*,#2009,.T.);
#722=ORIENTED_EDGE('',*,*,#2015,.T.);
#723=ORIENTED_EDGE('',*,*,#2016,.F.);
#724=ORIENTED_EDGE('',*,*,#2017,.F.);
#725=ORIENTED_EDGE('',*,*,#2013,.T.);
#726=ORIENTED_EDGE('',*,*,#2018,.F.);
#727=ORIENTED_EDGE('',*,*,#2019,.F.);
#728=ORIENTED_EDGE('',*,*,#2020,.T.);
#729=ORIENTED_EDGE('',*,*,#2021,.T.);
#730=ORIENTED_EDGE('',*,*,#2022,.F.);
#731=ORIENTED_EDGE('',*,*,#2023,.F.);
#732=ORIENTED_EDGE('',*,*,#2024,.T.);
#733=ORIENTED_EDGE('',*,*,#2019,.T.);
#734=ORIENTED_EDGE('',*,*,#2025,.T.);
#735=ORIENTED_EDGE('',*,*,#2026,.F.);
#736=ORIENTED_EDGE('',*,*,#2027,.F.);
#737=ORIENTED_EDGE('',*,*,#2023,.T.);
#738=ORIENTED_EDGE('',*,*,#2028,.F.);
#739=ORIENTED_EDGE('',*,*,#2029,.F.);
#740=ORIENTED_EDGE('',*,*,#2030,.T.);
#741=ORIENTED_EDGE('',*,*,#2026,.T.);
#742=ORIENTED_EDGE('',*,*,#2031,.T.);
#743=ORIENTED_EDGE('',*,*,#2032,.F.);
#744=ORIENTED_EDGE('',*,*,#2033,.F.);
#745=ORIENTED_EDGE('',*,*,#2029,.T.);
#746=ORIENTED_EDGE('',*,*,#2034,.T.);
#747=ORIENTED_EDGE('',*,*,#2035,.F.);
#748=ORIENTED_EDGE('',*,*,#2036,.F.);
#749=ORIENTED_EDGE('',*,*,#2032,.T.);
#750=ORIENTED_EDGE('',*,*,#2037,.F.);
#751=ORIENTED_EDGE('',*,*,#2038,.F.);
#752=ORIENTED_EDGE('',*,*,#2039,.T.);
#753=ORIENTED_EDGE('',*,*,#2035,.T.);
#754=ORIENTED_EDGE('',*,*,#2040,.F.);
#755=ORIENTED_EDGE('',*,*,#2041,.T.);
#756=ORIENTED_EDGE('',*,*,#2042,.F.);
#757=ORIENTED_EDGE('',*,*,#1981,.F.);
#758=ORIENTED_EDGE('',*,*,#1962,.T.);
#759=ORIENTED_EDGE('',*,*,#1985,.T.);
#760=ORIENTED_EDGE('',*,*,#2043,.F.);
#761=ORIENTED_EDGE('',*,*,#1988,.F.);
#762=ORIENTED_EDGE('',*,*,#1918,.T.);
#763=ORIENTED_EDGE('',*,*,#1992,.T.);
#764=ORIENTED_EDGE('',*,*,#2044,.T.);
#765=ORIENTED_EDGE('',*,*,#1995,.F.);
#766=ORIENTED_EDGE('',*,*,#1946,.F.);
#767=ORIENTED_EDGE('',*,*,#2007,.T.);
#768=ORIENTED_EDGE('',*,*,#2045,.T.);
#769=ORIENTED_EDGE('',*,*,#2011,.F.);
#770=ORIENTED_EDGE('',*,*,#2046,.F.);
#771=ORIENTED_EDGE('',*,*,#2016,.T.);
#772=ORIENTED_EDGE('',*,*,#2047,.T.);
#773=ORIENTED_EDGE('',*,*,#2021,.F.);
#774=ORIENTED_EDGE('',*,*,#2048,.F.);
#775=ORIENTED_EDGE('',*,*,#2038,.T.);
#776=ORIENTED_EDGE('',*,*,#2049,.F.);
#777=ORIENTED_EDGE('',*,*,#1966,.F.);
#778=ORIENTED_EDGE('',*,*,#1939,.T.);
#779=ORIENTED_EDGE('',*,*,#1978,.T.);
#780=ORIENTED_EDGE('',*,*,#2018,.T.);
#781=ORIENTED_EDGE('',*,*,#2047,.F.);
#782=ORIENTED_EDGE('',*,*,#2037,.T.);
#783=ORIENTED_EDGE('',*,*,#2034,.F.);
#784=ORIENTED_EDGE('',*,*,#2031,.F.);
#785=ORIENTED_EDGE('',*,*,#2028,.T.);
#786=ORIENTED_EDGE('',*,*,#2025,.F.);
#787=ORIENTED_EDGE('',*,*,#2022,.T.);
#788=ORIENTED_EDGE('',*,*,#2008,.F.);
#789=ORIENTED_EDGE('',*,*,#2045,.F.);
#790=ORIENTED_EDGE('',*,*,#2015,.F.);
#791=ORIENTED_EDGE('',*,*,#2012,.T.);
#792=ORIENTED_EDGE('',*,*,#1993,.T.);
#793=ORIENTED_EDGE('',*,*,#2044,.F.);
#794=ORIENTED_EDGE('',*,*,#2006,.T.);
#795=ORIENTED_EDGE('',*,*,#2004,.T.);
#796=ORIENTED_EDGE('',*,*,#2002,.T.);
#797=ORIENTED_EDGE('',*,*,#2000,.T.);
#798=ORIENTED_EDGE('',*,*,#1998,.T.);
#799=ORIENTED_EDGE('',*,*,#1996,.F.);
#800=ORIENTED_EDGE('',*,*,#1986,.T.);
#801=ORIENTED_EDGE('',*,*,#2043,.T.);
#802=ORIENTED_EDGE('',*,*,#1991,.F.);
#803=ORIENTED_EDGE('',*,*,#1989,.F.);
#804=ORIENTED_EDGE('',*,*,#1979,.T.);
#805=ORIENTED_EDGE('',*,*,#2042,.T.);
#806=ORIENTED_EDGE('',*,*,#1984,.F.);
#807=ORIENTED_EDGE('',*,*,#1982,.F.);
#808=ORIENTED_EDGE('',*,*,#2040,.T.);
#809=ORIENTED_EDGE('',*,*,#1964,.F.);
#810=ORIENTED_EDGE('',*,*,#2049,.T.);
#811=ORIENTED_EDGE('',*,*,#1977,.F.);
#812=ORIENTED_EDGE('',*,*,#1975,.T.);
#813=ORIENTED_EDGE('',*,*,#1973,.F.);
#814=ORIENTED_EDGE('',*,*,#1971,.F.);
#815=ORIENTED_EDGE('',*,*,#1969,.F.);
#816=ORIENTED_EDGE('',*,*,#1967,.F.);
#817=ORIENTED_EDGE('',*,*,#2050,.T.);
#818=ORIENTED_EDGE('',*,*,#2051,.T.);
#819=ORIENTED_EDGE('',*,*,#2052,.F.);
#820=ORIENTED_EDGE('',*,*,#2053,.F.);
#821=ORIENTED_EDGE('',*,*,#2046,.T.);
#822=ORIENTED_EDGE('',*,*,#2010,.T.);
#823=ORIENTED_EDGE('',*,*,#2014,.F.);
#824=ORIENTED_EDGE('',*,*,#2017,.T.);
#825=ORIENTED_EDGE('',*,*,#2054,.F.);
#826=ORIENTED_EDGE('',*,*,#2055,.T.);
#827=ORIENTED_EDGE('',*,*,#2056,.T.);
#828=ORIENTED_EDGE('',*,*,#2057,.F.);
#829=ORIENTED_EDGE('',*,*,#2058,.F.);
#830=ORIENTED_EDGE('',*,*,#2059,.F.);
#831=ORIENTED_EDGE('',*,*,#2060,.T.);
#832=ORIENTED_EDGE('',*,*,#2056,.F.);
#833=ORIENTED_EDGE('',*,*,#2048,.T.);
#834=ORIENTED_EDGE('',*,*,#2061,.F.);
#835=ORIENTED_EDGE('',*,*,#2062,.F.);
#836=ORIENTED_EDGE('',*,*,#2063,.T.);
#837=ORIENTED_EDGE('',*,*,#2064,.F.);
#838=ORIENTED_EDGE('',*,*,#2065,.T.);
#839=ORIENTED_EDGE('',*,*,#2066,.F.);
#840=ORIENTED_EDGE('',*,*,#2067,.T.);
#841=ORIENTED_EDGE('',*,*,#2036,.T.);
#842=ORIENTED_EDGE('',*,*,#2068,.F.);
#843=ORIENTED_EDGE('',*,*,#2069,.F.);
#844=ORIENTED_EDGE('',*,*,#2070,.T.);
#845=ORIENTED_EDGE('',*,*,#2071,.F.);
#846=ORIENTED_EDGE('',*,*,#2072,.T.);
#847=ORIENTED_EDGE('',*,*,#2073,.F.);
#848=ORIENTED_EDGE('',*,*,#2074,.T.);
#849=ORIENTED_EDGE('',*,*,#2030,.F.);
#850=ORIENTED_EDGE('',*,*,#2075,.F.);
#851=ORIENTED_EDGE('',*,*,#2076,.T.);
#852=ORIENTED_EDGE('',*,*,#2077,.T.);
#853=ORIENTED_EDGE('',*,*,#2078,.F.);
#854=ORIENTED_EDGE('',*,*,#2079,.T.);
#855=ORIENTED_EDGE('',*,*,#2080,.F.);
#856=ORIENTED_EDGE('',*,*,#2081,.T.);
#857=ORIENTED_EDGE('',*,*,#2024,.F.);
#858=ORIENTED_EDGE('',*,*,#2082,.F.);
#859=ORIENTED_EDGE('',*,*,#2083,.T.);
#860=ORIENTED_EDGE('',*,*,#2084,.T.);
#861=ORIENTED_EDGE('',*,*,#2085,.F.);
#862=ORIENTED_EDGE('',*,*,#2086,.T.);
#863=ORIENTED_EDGE('',*,*,#2087,.F.);
#864=ORIENTED_EDGE('',*,*,#2088,.T.);
#865=ORIENTED_EDGE('',*,*,#2089,.T.);
#866=ORIENTED_EDGE('',*,*,#2090,.T.);
#867=ORIENTED_EDGE('',*,*,#2091,.F.);
#868=ORIENTED_EDGE('',*,*,#2092,.T.);
#869=ORIENTED_EDGE('',*,*,#2093,.T.);
#870=ORIENTED_EDGE('',*,*,#2094,.T.);
#871=ORIENTED_EDGE('',*,*,#2095,.T.);
#872=ORIENTED_EDGE('',*,*,#2096,.T.);
#873=ORIENTED_EDGE('',*,*,#2097,.F.);
#874=ORIENTED_EDGE('',*,*,#2098,.T.);
#875=ORIENTED_EDGE('',*,*,#2099,.F.);
#876=ORIENTED_EDGE('',*,*,#2100,.T.);
#877=ORIENTED_EDGE('',*,*,#2101,.F.);
#878=ORIENTED_EDGE('',*,*,#2102,.F.);
#879=ORIENTED_EDGE('',*,*,#2103,.F.);
#880=ORIENTED_EDGE('',*,*,#2104,.F.);
#881=ORIENTED_EDGE('',*,*,#2105,.F.);
#882=ORIENTED_EDGE('',*,*,#2091,.T.);
#883=ORIENTED_EDGE('',*,*,#2106,.F.);
#884=ORIENTED_EDGE('',*,*,#2083,.F.);
#885=ORIENTED_EDGE('',*,*,#2107,.T.);
#886=ORIENTED_EDGE('',*,*,#2076,.F.);
#887=ORIENTED_EDGE('',*,*,#2108,.T.);
#888=ORIENTED_EDGE('',*,*,#2069,.T.);
#889=ORIENTED_EDGE('',*,*,#2109,.F.);
#890=ORIENTED_EDGE('',*,*,#2062,.T.);
#891=ORIENTED_EDGE('',*,*,#2110,.T.);
#892=ORIENTED_EDGE('',*,*,#2111,.T.);
#893=ORIENTED_EDGE('',*,*,#2054,.T.);
#894=ORIENTED_EDGE('',*,*,#2112,.T.);
#895=ORIENTED_EDGE('',*,*,#2039,.F.);
#896=ORIENTED_EDGE('',*,*,#2063,.F.);
#897=ORIENTED_EDGE('',*,*,#2109,.T.);
#898=ORIENTED_EDGE('',*,*,#2068,.T.);
#899=ORIENTED_EDGE('',*,*,#2033,.T.);
#900=ORIENTED_EDGE('',*,*,#2070,.F.);
#901=ORIENTED_EDGE('',*,*,#2108,.F.);
#902=ORIENTED_EDGE('',*,*,#2075,.T.);
#903=ORIENTED_EDGE('',*,*,#2027,.T.);
#904=ORIENTED_EDGE('',*,*,#2077,.F.);
#905=ORIENTED_EDGE('',*,*,#2107,.F.);
#906=ORIENTED_EDGE('',*,*,#2082,.T.);
#907=ORIENTED_EDGE('',*,*,#2020,.F.);
#908=ORIENTED_EDGE('',*,*,#2084,.F.);
#909=ORIENTED_EDGE('',*,*,#2106,.T.);
#910=ORIENTED_EDGE('',*,*,#2061,.T.);
#911=ORIENTED_EDGE('',*,*,#2099,.T.);
#912=ORIENTED_EDGE('',*,*,#2113,.T.);
#913=ORIENTED_EDGE('',*,*,#2114,.F.);
#914=ORIENTED_EDGE('',*,*,#2115,.F.);
#915=ORIENTED_EDGE('',*,*,#2098,.F.);
#916=ORIENTED_EDGE('',*,*,#2116,.T.);
#917=ORIENTED_EDGE('',*,*,#2117,.T.);
#918=ORIENTED_EDGE('',*,*,#2113,.F.);
#919=ORIENTED_EDGE('',*,*,#2105,.T.);
#920=ORIENTED_EDGE('',*,*,#2118,.T.);
#921=ORIENTED_EDGE('',*,*,#2119,.F.);
#922=ORIENTED_EDGE('',*,*,#2092,.F.);
#923=ORIENTED_EDGE('',*,*,#2104,.T.);
#924=ORIENTED_EDGE('',*,*,#2120,.T.);
#925=ORIENTED_EDGE('',*,*,#2121,.F.);
#926=ORIENTED_EDGE('',*,*,#2118,.F.);
#927=ORIENTED_EDGE('',*,*,#2103,.T.);
#928=ORIENTED_EDGE('',*,*,#2122,.T.);
#929=ORIENTED_EDGE('',*,*,#2123,.F.);
#930=ORIENTED_EDGE('',*,*,#2120,.F.);
#931=ORIENTED_EDGE('',*,*,#2102,.T.);
#932=ORIENTED_EDGE('',*,*,#2124,.T.);
#933=ORIENTED_EDGE('',*,*,#2125,.F.);
#934=ORIENTED_EDGE('',*,*,#2122,.F.);
#935=ORIENTED_EDGE('',*,*,#2101,.T.);
#936=ORIENTED_EDGE('',*,*,#2126,.T.);
#937=ORIENTED_EDGE('',*,*,#2127,.F.);
#938=ORIENTED_EDGE('',*,*,#2124,.F.);
#939=ORIENTED_EDGE('',*,*,#2115,.T.);
#940=ORIENTED_EDGE('',*,*,#2128,.T.);
#941=ORIENTED_EDGE('',*,*,#2126,.F.);
#942=ORIENTED_EDGE('',*,*,#2100,.F.);
#943=ORIENTED_EDGE('',*,*,#2060,.F.);
#944=ORIENTED_EDGE('',*,*,#2129,.F.);
#945=ORIENTED_EDGE('',*,*,#2130,.T.);
#946=ORIENTED_EDGE('',*,*,#2131,.F.);
#947=ORIENTED_EDGE('',*,*,#2132,.F.);
#948=ORIENTED_EDGE('',*,*,#2133,.F.);
#949=ORIENTED_EDGE('',*,*,#2134,.F.);
#950=ORIENTED_EDGE('',*,*,#2135,.F.);
#951=ORIENTED_EDGE('',*,*,#2112,.F.);
#952=ORIENTED_EDGE('',*,*,#2057,.T.);
#953=ORIENTED_EDGE('',*,*,#2117,.F.);
#954=ORIENTED_EDGE('',*,*,#2136,.F.);
#955=ORIENTED_EDGE('',*,*,#2089,.F.);
#956=ORIENTED_EDGE('',*,*,#2119,.T.);
#957=ORIENTED_EDGE('',*,*,#2121,.T.);
#958=ORIENTED_EDGE('',*,*,#2123,.T.);
#959=ORIENTED_EDGE('',*,*,#2125,.T.);
#960=ORIENTED_EDGE('',*,*,#2127,.T.);
#961=ORIENTED_EDGE('',*,*,#2128,.F.);
#962=ORIENTED_EDGE('',*,*,#2114,.T.);
#963=ORIENTED_EDGE('',*,*,#2136,.T.);
#964=ORIENTED_EDGE('',*,*,#2116,.F.);
#965=ORIENTED_EDGE('',*,*,#2097,.T.);
#966=ORIENTED_EDGE('',*,*,#2090,.F.);
#967=ORIENTED_EDGE('',*,*,#2096,.F.);
#968=ORIENTED_EDGE('',*,*,#2137,.T.);
#969=ORIENTED_EDGE('',*,*,#2138,.T.);
#970=ORIENTED_EDGE('',*,*,#2137,.F.);
#971=ORIENTED_EDGE('',*,*,#2139,.T.);
#972=ORIENTED_EDGE('',*,*,#2086,.F.);
#973=ORIENTED_EDGE('',*,*,#2138,.F.);
#974=ORIENTED_EDGE('',*,*,#2087,.T.);
#975=ORIENTED_EDGE('',*,*,#2139,.F.);
#976=ORIENTED_EDGE('',*,*,#2085,.T.);
#977=ORIENTED_EDGE('',*,*,#2140,.T.);
#978=ORIENTED_EDGE('',*,*,#2140,.F.);
#979=ORIENTED_EDGE('',*,*,#2088,.F.);
#980=ORIENTED_EDGE('',*,*,#2093,.F.);
#981=ORIENTED_EDGE('',*,*,#2141,.T.);
#982=ORIENTED_EDGE('',*,*,#2142,.T.);
#983=ORIENTED_EDGE('',*,*,#2141,.F.);
#984=ORIENTED_EDGE('',*,*,#2143,.T.);
#985=ORIENTED_EDGE('',*,*,#2079,.F.);
#986=ORIENTED_EDGE('',*,*,#2142,.F.);
#987=ORIENTED_EDGE('',*,*,#2080,.T.);
#988=ORIENTED_EDGE('',*,*,#2143,.F.);
#989=ORIENTED_EDGE('',*,*,#2078,.T.);
#990=ORIENTED_EDGE('',*,*,#2144,.T.);
#991=ORIENTED_EDGE('',*,*,#2144,.F.);
#992=ORIENTED_EDGE('',*,*,#2081,.F.);
#993=ORIENTED_EDGE('',*,*,#2145,.F.);
#994=ORIENTED_EDGE('',*,*,#2071,.T.);
#995=ORIENTED_EDGE('',*,*,#2146,.T.);
#996=ORIENTED_EDGE('',*,*,#2147,.T.);
#997=ORIENTED_EDGE('',*,*,#2072,.F.);
#998=ORIENTED_EDGE('',*,*,#2146,.F.);
#999=ORIENTED_EDGE('',*,*,#2074,.F.);
#1000=ORIENTED_EDGE('',*,*,#2073,.T.);
#1001=ORIENTED_EDGE('',*,*,#2147,.F.);
#1002=ORIENTED_EDGE('',*,*,#2095,.F.);
#1003=ORIENTED_EDGE('',*,*,#2148,.T.);
#1004=ORIENTED_EDGE('',*,*,#2145,.T.);
#1005=ORIENTED_EDGE('',*,*,#2148,.F.);
#1006=ORIENTED_EDGE('',*,*,#2149,.F.);
#1007=ORIENTED_EDGE('',*,*,#2064,.T.);
#1008=ORIENTED_EDGE('',*,*,#2150,.T.);
#1009=ORIENTED_EDGE('',*,*,#2151,.T.);
#1010=ORIENTED_EDGE('',*,*,#2065,.F.);
#1011=ORIENTED_EDGE('',*,*,#2150,.F.);
#1012=ORIENTED_EDGE('',*,*,#2067,.F.);
#1013=ORIENTED_EDGE('',*,*,#2066,.T.);
#1014=ORIENTED_EDGE('',*,*,#2151,.F.);
#1015=ORIENTED_EDGE('',*,*,#2094,.F.);
#1016=ORIENTED_EDGE('',*,*,#2152,.T.);
#1017=ORIENTED_EDGE('',*,*,#2149,.T.);
#1018=ORIENTED_EDGE('',*,*,#2152,.F.);
#1019=ORIENTED_EDGE('',*,*,#2153,.T.);
#1020=ORIENTED_EDGE('',*,*,#2154,.T.);
#1021=ORIENTED_EDGE('',*,*,#2155,.T.);
#1022=ORIENTED_EDGE('',*,*,#2156,.T.);
#1023=ORIENTED_EDGE('',*,*,#2157,.F.);
#1024=ORIENTED_EDGE('',*,*,#2158,.T.);
#1025=ORIENTED_EDGE('',*,*,#2159,.T.);
#1026=ORIENTED_EDGE('',*,*,#2160,.T.);
#1027=ORIENTED_EDGE('',*,*,#2161,.T.);
#1028=ORIENTED_EDGE('',*,*,#2162,.T.);
#1029=ORIENTED_EDGE('',*,*,#2163,.F.);
#1030=ORIENTED_EDGE('',*,*,#2164,.T.);
#1031=ORIENTED_EDGE('',*,*,#2165,.F.);
#1032=ORIENTED_EDGE('',*,*,#2166,.F.);
#1033=ORIENTED_EDGE('',*,*,#2167,.F.);
#1034=ORIENTED_EDGE('',*,*,#2168,.T.);
#1035=ORIENTED_EDGE('',*,*,#2169,.T.);
#1036=ORIENTED_EDGE('',*,*,#2170,.T.);
#1037=ORIENTED_EDGE('',*,*,#2171,.T.);
#1038=ORIENTED_EDGE('',*,*,#2172,.F.);
#1039=ORIENTED_EDGE('',*,*,#2173,.F.);
#1040=ORIENTED_EDGE('',*,*,#2174,.F.);
#1041=ORIENTED_EDGE('',*,*,#2175,.F.);
#1042=ORIENTED_EDGE('',*,*,#2176,.F.);
#1043=ORIENTED_EDGE('',*,*,#2177,.F.);
#1044=ORIENTED_EDGE('',*,*,#2178,.F.);
#1045=ORIENTED_EDGE('',*,*,#2179,.T.);
#1046=ORIENTED_EDGE('',*,*,#2180,.F.);
#1047=ORIENTED_EDGE('',*,*,#2181,.T.);
#1048=ORIENTED_EDGE('',*,*,#2111,.F.);
#1049=ORIENTED_EDGE('',*,*,#2182,.T.);
#1050=ORIENTED_EDGE('',*,*,#2183,.T.);
#1051=ORIENTED_EDGE('',*,*,#2184,.T.);
#1052=ORIENTED_EDGE('',*,*,#2185,.T.);
#1053=ORIENTED_EDGE('',*,*,#2186,.T.);
#1054=ORIENTED_EDGE('',*,*,#2187,.F.);
#1055=ORIENTED_EDGE('',*,*,#2188,.T.);
#1056=ORIENTED_EDGE('',*,*,#2058,.T.);
#1057=ORIENTED_EDGE('',*,*,#2055,.F.);
#1058=ORIENTED_EDGE('',*,*,#2189,.F.);
#1059=ORIENTED_EDGE('',*,*,#2190,.T.);
#1060=ORIENTED_EDGE('',*,*,#2191,.T.);
#1061=ORIENTED_EDGE('',*,*,#2050,.F.);
#1062=ORIENTED_EDGE('',*,*,#2192,.F.);
#1063=ORIENTED_EDGE('',*,*,#2193,.T.);
#1064=ORIENTED_EDGE('',*,*,#2189,.T.);
#1065=ORIENTED_EDGE('',*,*,#2053,.T.);
#1066=ORIENTED_EDGE('',*,*,#2194,.F.);
#1067=ORIENTED_EDGE('',*,*,#2195,.T.);
#1068=ORIENTED_EDGE('',*,*,#2192,.T.);
#1069=ORIENTED_EDGE('',*,*,#2052,.T.);
#1070=ORIENTED_EDGE('',*,*,#1924,.F.);
#1071=ORIENTED_EDGE('',*,*,#2196,.F.);
#1072=ORIENTED_EDGE('',*,*,#2174,.T.);
#1073=ORIENTED_EDGE('',*,*,#2197,.T.);
#1074=ORIENTED_EDGE('',*,*,#1931,.F.);
#1075=ORIENTED_EDGE('',*,*,#2198,.F.);
#1076=ORIENTED_EDGE('',*,*,#2175,.T.);
#1077=ORIENTED_EDGE('',*,*,#2196,.T.);
#1078=ORIENTED_EDGE('',*,*,#1930,.F.);
#1079=ORIENTED_EDGE('',*,*,#2199,.F.);
#1080=ORIENTED_EDGE('',*,*,#2176,.T.);
#1081=ORIENTED_EDGE('',*,*,#2198,.T.);
#1082=ORIENTED_EDGE('',*,*,#1929,.F.);
#1083=ORIENTED_EDGE('',*,*,#2200,.F.);
#1084=ORIENTED_EDGE('',*,*,#2177,.T.);
#1085=ORIENTED_EDGE('',*,*,#2199,.T.);
#1086=ORIENTED_EDGE('',*,*,#1928,.F.);
#1087=ORIENTED_EDGE('',*,*,#2201,.F.);
#1088=ORIENTED_EDGE('',*,*,#2178,.T.);
#1089=ORIENTED_EDGE('',*,*,#2200,.T.);
#1090=ORIENTED_EDGE('',*,*,#1927,.T.);
#1091=ORIENTED_EDGE('',*,*,#2202,.F.);
#1092=ORIENTED_EDGE('',*,*,#2179,.F.);
#1093=ORIENTED_EDGE('',*,*,#2201,.T.);
#1094=ORIENTED_EDGE('',*,*,#1926,.F.);
#1095=ORIENTED_EDGE('',*,*,#2203,.F.);
#1096=ORIENTED_EDGE('',*,*,#2180,.T.);
#1097=ORIENTED_EDGE('',*,*,#2202,.T.);
#1098=ORIENTED_EDGE('',*,*,#1921,.T.);
#1099=ORIENTED_EDGE('',*,*,#2204,.F.);
#1100=ORIENTED_EDGE('',*,*,#2170,.F.);
#1101=ORIENTED_EDGE('',*,*,#2205,.T.);
#1102=ORIENTED_EDGE('',*,*,#1920,.T.);
#1103=ORIENTED_EDGE('',*,*,#2206,.F.);
#1104=ORIENTED_EDGE('',*,*,#2171,.F.);
#1105=ORIENTED_EDGE('',*,*,#2204,.T.);
#1106=ORIENTED_EDGE('',*,*,#1923,.F.);
#1107=ORIENTED_EDGE('',*,*,#2207,.F.);
#1108=ORIENTED_EDGE('',*,*,#2172,.T.);
#1109=ORIENTED_EDGE('',*,*,#2206,.T.);
#1110=ORIENTED_EDGE('',*,*,#1956,.F.);
#1111=ORIENTED_EDGE('',*,*,#2208,.F.);
#1112=ORIENTED_EDGE('',*,*,#2166,.T.);
#1113=ORIENTED_EDGE('',*,*,#2209,.T.);
#1114=ORIENTED_EDGE('',*,*,#1959,.F.);
#1115=ORIENTED_EDGE('',*,*,#2210,.F.);
#1116=ORIENTED_EDGE('',*,*,#2167,.T.);
#1117=ORIENTED_EDGE('',*,*,#2208,.T.);
#1118=ORIENTED_EDGE('',*,*,#1958,.T.);
#1119=ORIENTED_EDGE('',*,*,#2211,.F.);
#1120=ORIENTED_EDGE('',*,*,#2168,.F.);
#1121=ORIENTED_EDGE('',*,*,#2210,.T.);
#1122=ORIENTED_EDGE('',*,*,#1949,.T.);
#1123=ORIENTED_EDGE('',*,*,#2212,.F.);
#1124=ORIENTED_EDGE('',*,*,#2158,.F.);
#1125=ORIENTED_EDGE('',*,*,#2213,.T.);
#1126=ORIENTED_EDGE('',*,*,#1948,.T.);
#1127=ORIENTED_EDGE('',*,*,#2214,.F.);
#1128=ORIENTED_EDGE('',*,*,#2159,.F.);
#1129=ORIENTED_EDGE('',*,*,#2212,.T.);
#1130=ORIENTED_EDGE('',*,*,#1955,.T.);
#1131=ORIENTED_EDGE('',*,*,#2215,.F.);
#1132=ORIENTED_EDGE('',*,*,#2160,.F.);
#1133=ORIENTED_EDGE('',*,*,#2214,.T.);
#1134=ORIENTED_EDGE('',*,*,#1954,.T.);
#1135=ORIENTED_EDGE('',*,*,#2216,.F.);
#1136=ORIENTED_EDGE('',*,*,#2161,.F.);
#1137=ORIENTED_EDGE('',*,*,#2215,.T.);
#1138=ORIENTED_EDGE('',*,*,#1953,.T.);
#1139=ORIENTED_EDGE('',*,*,#2217,.F.);
#1140=ORIENTED_EDGE('',*,*,#2162,.F.);
#1141=ORIENTED_EDGE('',*,*,#2216,.T.);
#1142=ORIENTED_EDGE('',*,*,#1952,.F.);
#1143=ORIENTED_EDGE('',*,*,#2218,.F.);
#1144=ORIENTED_EDGE('',*,*,#2163,.T.);
#1145=ORIENTED_EDGE('',*,*,#2217,.T.);
#1146=ORIENTED_EDGE('',*,*,#1951,.T.);
#1147=ORIENTED_EDGE('',*,*,#2219,.F.);
#1148=ORIENTED_EDGE('',*,*,#2164,.F.);
#1149=ORIENTED_EDGE('',*,*,#2218,.T.);
#1150=ORIENTED_EDGE('',*,*,#1925,.T.);
#1151=ORIENTED_EDGE('',*,*,#2197,.F.);
#1152=ORIENTED_EDGE('',*,*,#2181,.F.);
#1153=ORIENTED_EDGE('',*,*,#2203,.T.);
#1154=ORIENTED_EDGE('',*,*,#1922,.F.);
#1155=ORIENTED_EDGE('',*,*,#2205,.F.);
#1156=ORIENTED_EDGE('',*,*,#2173,.T.);
#1157=ORIENTED_EDGE('',*,*,#2207,.T.);
#1158=ORIENTED_EDGE('',*,*,#1957,.T.);
#1159=ORIENTED_EDGE('',*,*,#2209,.F.);
#1160=ORIENTED_EDGE('',*,*,#2169,.F.);
#1161=ORIENTED_EDGE('',*,*,#2211,.T.);
#1162=ORIENTED_EDGE('',*,*,#1950,.F.);
#1163=ORIENTED_EDGE('',*,*,#2213,.F.);
#1164=ORIENTED_EDGE('',*,*,#2165,.T.);
#1165=ORIENTED_EDGE('',*,*,#2219,.T.);
#1166=ORIENTED_EDGE('',*,*,#2191,.F.);
#1167=ORIENTED_EDGE('',*,*,#2220,.T.);
#1168=ORIENTED_EDGE('',*,*,#2194,.T.);
#1169=ORIENTED_EDGE('',*,*,#2051,.F.);
#1170=ORIENTED_EDGE('',*,*,#2221,.F.);
#1171=ORIENTED_EDGE('',*,*,#2157,.T.);
#1172=ORIENTED_EDGE('',*,*,#2041,.F.);
#1173=ORIENTED_EDGE('',*,*,#2221,.T.);
#1174=ORIENTED_EDGE('',*,*,#2182,.F.);
#1175=ORIENTED_EDGE('',*,*,#2110,.F.);
#1176=ORIENTED_EDGE('',*,*,#2135,.T.);
#1177=ORIENTED_EDGE('',*,*,#2222,.T.);
#1178=ORIENTED_EDGE('',*,*,#2188,.F.);
#1179=ORIENTED_EDGE('',*,*,#2223,.F.);
#1180=ORIENTED_EDGE('',*,*,#2129,.T.);
#1181=ORIENTED_EDGE('',*,*,#2059,.T.);
#1182=ORIENTED_EDGE('',*,*,#2187,.T.);
#1183=ORIENTED_EDGE('',*,*,#2224,.F.);
#1184=ORIENTED_EDGE('',*,*,#2130,.F.);
#1185=ORIENTED_EDGE('',*,*,#2223,.T.);
#1186=ORIENTED_EDGE('',*,*,#2186,.F.);
#1187=ORIENTED_EDGE('',*,*,#2225,.F.);
#1188=ORIENTED_EDGE('',*,*,#2131,.T.);
#1189=ORIENTED_EDGE('',*,*,#2224,.T.);
#1190=ORIENTED_EDGE('',*,*,#2185,.F.);
#1191=ORIENTED_EDGE('',*,*,#2226,.F.);
#1192=ORIENTED_EDGE('',*,*,#2132,.T.);
#1193=ORIENTED_EDGE('',*,*,#2225,.T.);
#1194=ORIENTED_EDGE('',*,*,#2184,.F.);
#1195=ORIENTED_EDGE('',*,*,#2227,.F.);
#1196=ORIENTED_EDGE('',*,*,#2133,.T.);
#1197=ORIENTED_EDGE('',*,*,#2226,.T.);
#1198=ORIENTED_EDGE('',*,*,#2183,.F.);
#1199=ORIENTED_EDGE('',*,*,#2222,.F.);
#1200=ORIENTED_EDGE('',*,*,#2134,.T.);
#1201=ORIENTED_EDGE('',*,*,#2227,.T.);
#1202=ORIENTED_EDGE('',*,*,#2228,.F.);
#1203=ORIENTED_EDGE('',*,*,#2156,.F.);
#1204=ORIENTED_EDGE('',*,*,#2229,.F.);
#1205=ORIENTED_EDGE('',*,*,#2193,.F.);
#1206=ORIENTED_EDGE('',*,*,#2229,.T.);
#1207=ORIENTED_EDGE('',*,*,#2155,.F.);
#1208=ORIENTED_EDGE('',*,*,#2230,.F.);
#1209=ORIENTED_EDGE('',*,*,#2190,.F.);
#1210=ORIENTED_EDGE('',*,*,#2228,.T.);
#1211=ORIENTED_EDGE('',*,*,#2195,.F.);
#1212=ORIENTED_EDGE('',*,*,#2231,.F.);
#1213=ORIENTED_EDGE('',*,*,#2153,.F.);
#1214=ORIENTED_EDGE('',*,*,#2230,.T.);
#1215=ORIENTED_EDGE('',*,*,#2154,.F.);
#1216=ORIENTED_EDGE('',*,*,#2231,.T.);
#1217=ORIENTED_EDGE('',*,*,#2220,.F.);
#1218=ORIENTED_EDGE('',*,*,#2232,.T.);
#1219=ORIENTED_EDGE('',*,*,#2233,.T.);
#1220=ORIENTED_EDGE('',*,*,#2234,.T.);
#1221=ORIENTED_EDGE('',*,*,#2232,.F.);
#1222=ORIENTED_EDGE('',*,*,#2234,.F.);
#1223=ORIENTED_EDGE('',*,*,#2235,.F.);
#1224=ORIENTED_EDGE('',*,*,#2236,.T.);
#1225=ORIENTED_EDGE('',*,*,#2235,.T.);
#1226=ORIENTED_EDGE('',*,*,#2233,.F.);
#1227=ORIENTED_EDGE('',*,*,#2236,.F.);
#1228=ORIENTED_EDGE('',*,*,#2237,.F.);
#1229=ORIENTED_EDGE('',*,*,#2238,.F.);
#1230=ORIENTED_EDGE('',*,*,#2239,.T.);
#1231=ORIENTED_EDGE('',*,*,#2240,.T.);
#1232=ORIENTED_EDGE('',*,*,#2241,.F.);
#1233=ORIENTED_EDGE('',*,*,#2242,.F.);
#1234=ORIENTED_EDGE('',*,*,#2243,.T.);
#1235=ORIENTED_EDGE('',*,*,#2238,.T.);
#1236=ORIENTED_EDGE('',*,*,#2244,.T.);
#1237=ORIENTED_EDGE('',*,*,#2245,.F.);
#1238=ORIENTED_EDGE('',*,*,#2246,.F.);
#1239=ORIENTED_EDGE('',*,*,#2242,.T.);
#1240=ORIENTED_EDGE('',*,*,#2247,.F.);
#1241=ORIENTED_EDGE('',*,*,#2248,.F.);
#1242=ORIENTED_EDGE('',*,*,#2249,.T.);
#1243=ORIENTED_EDGE('',*,*,#2245,.T.);
#1244=ORIENTED_EDGE('',*,*,#2250,.F.);
#1245=ORIENTED_EDGE('',*,*,#2251,.F.);
#1246=ORIENTED_EDGE('',*,*,#2252,.T.);
#1247=ORIENTED_EDGE('',*,*,#2248,.T.);
#1248=ORIENTED_EDGE('',*,*,#2253,.F.);
#1249=ORIENTED_EDGE('',*,*,#2254,.F.);
#1250=ORIENTED_EDGE('',*,*,#2255,.T.);
#1251=ORIENTED_EDGE('',*,*,#2256,.T.);
#1252=ORIENTED_EDGE('',*,*,#2257,.T.);
#1253=ORIENTED_EDGE('',*,*,#2258,.F.);
#1254=ORIENTED_EDGE('',*,*,#2259,.F.);
#1255=ORIENTED_EDGE('',*,*,#2254,.T.);
#1256=ORIENTED_EDGE('',*,*,#2260,.F.);
#1257=ORIENTED_EDGE('',*,*,#2261,.F.);
#1258=ORIENTED_EDGE('',*,*,#2262,.T.);
#1259=ORIENTED_EDGE('',*,*,#2258,.T.);
#1260=ORIENTED_EDGE('',*,*,#2263,.F.);
#1261=ORIENTED_EDGE('',*,*,#2264,.F.);
#1262=ORIENTED_EDGE('',*,*,#2265,.T.);
#1263=ORIENTED_EDGE('',*,*,#2261,.T.);
#1264=ORIENTED_EDGE('',*,*,#2266,.F.);
#1265=ORIENTED_EDGE('',*,*,#2267,.F.);
#1266=ORIENTED_EDGE('',*,*,#2268,.T.);
#1267=ORIENTED_EDGE('',*,*,#2264,.T.);
#1268=ORIENTED_EDGE('',*,*,#2269,.T.);
#1269=ORIENTED_EDGE('',*,*,#2270,.F.);
#1270=ORIENTED_EDGE('',*,*,#2271,.F.);
#1271=ORIENTED_EDGE('',*,*,#2267,.T.);
#1272=ORIENTED_EDGE('',*,*,#2272,.T.);
#1273=ORIENTED_EDGE('',*,*,#2273,.F.);
#1274=ORIENTED_EDGE('',*,*,#2274,.F.);
#1275=ORIENTED_EDGE('',*,*,#2270,.T.);
#1276=ORIENTED_EDGE('',*,*,#2275,.T.);
#1277=ORIENTED_EDGE('',*,*,#2276,.F.);
#1278=ORIENTED_EDGE('',*,*,#2277,.F.);
#1279=ORIENTED_EDGE('',*,*,#2273,.T.);
#1280=ORIENTED_EDGE('',*,*,#2278,.T.);
#1281=ORIENTED_EDGE('',*,*,#2279,.F.);
#1282=ORIENTED_EDGE('',*,*,#2280,.F.);
#1283=ORIENTED_EDGE('',*,*,#2276,.T.);
#1284=ORIENTED_EDGE('',*,*,#2281,.F.);
#1285=ORIENTED_EDGE('',*,*,#2256,.F.);
#1286=ORIENTED_EDGE('',*,*,#2282,.T.);
#1287=ORIENTED_EDGE('',*,*,#2279,.T.);
#1288=ORIENTED_EDGE('',*,*,#2283,.F.);
#1289=ORIENTED_EDGE('',*,*,#2240,.F.);
#1290=ORIENTED_EDGE('',*,*,#2284,.T.);
#1291=ORIENTED_EDGE('',*,*,#2251,.T.);
#1292=ORIENTED_EDGE('',*,*,#2255,.F.);
#1293=ORIENTED_EDGE('',*,*,#2259,.T.);
#1294=ORIENTED_EDGE('',*,*,#2262,.F.);
#1295=ORIENTED_EDGE('',*,*,#2265,.F.);
#1296=ORIENTED_EDGE('',*,*,#2268,.F.);
#1297=ORIENTED_EDGE('',*,*,#2271,.T.);
#1298=ORIENTED_EDGE('',*,*,#2274,.T.);
#1299=ORIENTED_EDGE('',*,*,#2277,.T.);
#1300=ORIENTED_EDGE('',*,*,#2280,.T.);
#1301=ORIENTED_EDGE('',*,*,#2282,.F.);
#1302=ORIENTED_EDGE('',*,*,#2239,.F.);
#1303=ORIENTED_EDGE('',*,*,#2243,.F.);
#1304=ORIENTED_EDGE('',*,*,#2246,.T.);
#1305=ORIENTED_EDGE('',*,*,#2249,.F.);
#1306=ORIENTED_EDGE('',*,*,#2252,.F.);
#1307=ORIENTED_EDGE('',*,*,#2284,.F.);
#1308=ORIENTED_EDGE('',*,*,#2253,.T.);
#1309=ORIENTED_EDGE('',*,*,#2281,.T.);
#1310=ORIENTED_EDGE('',*,*,#2278,.F.);
#1311=ORIENTED_EDGE('',*,*,#2275,.F.);
#1312=ORIENTED_EDGE('',*,*,#2272,.F.);
#1313=ORIENTED_EDGE('',*,*,#2269,.F.);
#1314=ORIENTED_EDGE('',*,*,#2266,.T.);
#1315=ORIENTED_EDGE('',*,*,#2263,.T.);
#1316=ORIENTED_EDGE('',*,*,#2260,.T.);
#1317=ORIENTED_EDGE('',*,*,#2257,.F.);
#1318=ORIENTED_EDGE('',*,*,#2237,.T.);
#1319=ORIENTED_EDGE('',*,*,#2283,.T.);
#1320=ORIENTED_EDGE('',*,*,#2250,.T.);
#1321=ORIENTED_EDGE('',*,*,#2247,.T.);
#1322=ORIENTED_EDGE('',*,*,#2244,.F.);
#1323=ORIENTED_EDGE('',*,*,#2241,.T.);
#1324=ORIENTED_EDGE('',*,*,#2285,.T.);
#1325=ORIENTED_EDGE('',*,*,#2286,.F.);
#1326=ORIENTED_EDGE('',*,*,#2287,.F.);
#1327=ORIENTED_EDGE('',*,*,#2288,.T.);
#1328=ORIENTED_EDGE('',*,*,#2289,.F.);
#1329=ORIENTED_EDGE('',*,*,#2290,.F.);
#1330=ORIENTED_EDGE('',*,*,#2291,.T.);
#1331=ORIENTED_EDGE('',*,*,#2292,.T.);
#1332=ORIENTED_EDGE('',*,*,#2293,.F.);
#1333=ORIENTED_EDGE('',*,*,#2294,.F.);
#1334=ORIENTED_EDGE('',*,*,#2295,.F.);
#1335=ORIENTED_EDGE('',*,*,#2296,.F.);
#1336=ORIENTED_EDGE('',*,*,#2297,.T.);
#1337=ORIENTED_EDGE('',*,*,#2298,.T.);
#1338=ORIENTED_EDGE('',*,*,#2288,.F.);
#1339=ORIENTED_EDGE('',*,*,#2299,.F.);
#1340=ORIENTED_EDGE('',*,*,#2300,.T.);
#1341=ORIENTED_EDGE('',*,*,#2301,.F.);
#1342=ORIENTED_EDGE('',*,*,#2302,.F.);
#1343=ORIENTED_EDGE('',*,*,#2303,.F.);
#1344=ORIENTED_EDGE('',*,*,#2304,.F.);
#1345=ORIENTED_EDGE('',*,*,#2305,.F.);
#1346=ORIENTED_EDGE('',*,*,#2290,.T.);
#1347=ORIENTED_EDGE('',*,*,#2306,.T.);
#1348=ORIENTED_EDGE('',*,*,#2307,.T.);
#1349=ORIENTED_EDGE('',*,*,#2308,.F.);
#1350=ORIENTED_EDGE('',*,*,#2309,.T.);
#1351=ORIENTED_EDGE('',*,*,#2310,.T.);
#1352=ORIENTED_EDGE('',*,*,#2311,.T.);
#1353=ORIENTED_EDGE('',*,*,#2312,.T.);
#1354=ORIENTED_EDGE('',*,*,#2313,.T.);
#1355=ORIENTED_EDGE('',*,*,#2314,.T.);
#1356=ORIENTED_EDGE('',*,*,#2315,.T.);
#1357=ORIENTED_EDGE('',*,*,#2316,.T.);
#1358=ORIENTED_EDGE('',*,*,#2317,.F.);
#1359=ORIENTED_EDGE('',*,*,#2318,.F.);
#1360=ORIENTED_EDGE('',*,*,#2319,.F.);
#1361=ORIENTED_EDGE('',*,*,#2320,.F.);
#1362=ORIENTED_EDGE('',*,*,#2321,.T.);
#1363=ORIENTED_EDGE('',*,*,#2322,.T.);
#1364=ORIENTED_EDGE('',*,*,#2323,.T.);
#1365=ORIENTED_EDGE('',*,*,#2324,.T.);
#1366=ORIENTED_EDGE('',*,*,#2325,.F.);
#1367=ORIENTED_EDGE('',*,*,#2326,.F.);
#1368=ORIENTED_EDGE('',*,*,#2327,.F.);
#1369=ORIENTED_EDGE('',*,*,#2328,.T.);
#1370=ORIENTED_EDGE('',*,*,#2329,.T.);
#1371=ORIENTED_EDGE('',*,*,#2330,.T.);
#1372=ORIENTED_EDGE('',*,*,#2331,.T.);
#1373=ORIENTED_EDGE('',*,*,#2332,.T.);
#1374=ORIENTED_EDGE('',*,*,#2333,.F.);
#1375=ORIENTED_EDGE('',*,*,#2334,.F.);
#1376=ORIENTED_EDGE('',*,*,#2335,.F.);
#1377=ORIENTED_EDGE('',*,*,#2336,.F.);
#1378=ORIENTED_EDGE('',*,*,#2337,.T.);
#1379=ORIENTED_EDGE('',*,*,#2338,.T.);
#1380=ORIENTED_EDGE('',*,*,#2339,.T.);
#1381=ORIENTED_EDGE('',*,*,#2340,.T.);
#1382=ORIENTED_EDGE('',*,*,#2341,.F.);
#1383=ORIENTED_EDGE('',*,*,#2342,.F.);
#1384=ORIENTED_EDGE('',*,*,#2343,.F.);
#1385=ORIENTED_EDGE('',*,*,#2344,.F.);
#1386=ORIENTED_EDGE('',*,*,#2345,.T.);
#1387=ORIENTED_EDGE('',*,*,#2346,.T.);
#1388=ORIENTED_EDGE('',*,*,#2319,.T.);
#1389=ORIENTED_EDGE('',*,*,#2347,.T.);
#1390=ORIENTED_EDGE('',*,*,#2345,.F.);
#1391=ORIENTED_EDGE('',*,*,#2348,.T.);
#1392=ORIENTED_EDGE('',*,*,#2327,.T.);
#1393=ORIENTED_EDGE('',*,*,#2349,.T.);
#1394=ORIENTED_EDGE('',*,*,#2321,.F.);
#1395=ORIENTED_EDGE('',*,*,#2350,.T.);
#1396=ORIENTED_EDGE('',*,*,#2335,.T.);
#1397=ORIENTED_EDGE('',*,*,#2351,.T.);
#1398=ORIENTED_EDGE('',*,*,#2329,.F.);
#1399=ORIENTED_EDGE('',*,*,#2352,.T.);
#1400=ORIENTED_EDGE('',*,*,#2343,.T.);
#1401=ORIENTED_EDGE('',*,*,#2353,.T.);
#1402=ORIENTED_EDGE('',*,*,#2337,.F.);
#1403=ORIENTED_EDGE('',*,*,#2354,.T.);
#1404=ORIENTED_EDGE('',*,*,#2355,.T.);
#1405=ORIENTED_EDGE('',*,*,#2356,.T.);
#1406=ORIENTED_EDGE('',*,*,#2357,.T.);
#1407=ORIENTED_EDGE('',*,*,#2358,.T.);
#1408=ORIENTED_EDGE('',*,*,#2359,.T.);
#1409=ORIENTED_EDGE('',*,*,#2360,.T.);
#1410=ORIENTED_EDGE('',*,*,#2361,.T.);
#1411=ORIENTED_EDGE('',*,*,#2362,.T.);
#1412=ORIENTED_EDGE('',*,*,#2363,.T.);
#1413=ORIENTED_EDGE('',*,*,#2364,.T.);
#1414=ORIENTED_EDGE('',*,*,#2365,.T.);
#1415=ORIENTED_EDGE('',*,*,#2366,.T.);
#1416=ORIENTED_EDGE('',*,*,#2367,.T.);
#1417=ORIENTED_EDGE('',*,*,#2368,.T.);
#1418=ORIENTED_EDGE('',*,*,#2369,.T.);
#1419=ORIENTED_EDGE('',*,*,#2370,.T.);
#1420=ORIENTED_EDGE('',*,*,#2371,.T.);
#1421=ORIENTED_EDGE('',*,*,#2372,.F.);
#1422=ORIENTED_EDGE('',*,*,#2373,.F.);
#1423=ORIENTED_EDGE('',*,*,#2374,.F.);
#1424=ORIENTED_EDGE('',*,*,#2375,.F.);
#1425=ORIENTED_EDGE('',*,*,#2376,.F.);
#1426=ORIENTED_EDGE('',*,*,#2377,.T.);
#1427=ORIENTED_EDGE('',*,*,#2378,.F.);
#1428=ORIENTED_EDGE('',*,*,#2379,.F.);
#1429=ORIENTED_EDGE('',*,*,#2380,.T.);
#1430=ORIENTED_EDGE('',*,*,#2381,.T.);
#1431=ORIENTED_EDGE('',*,*,#2373,.T.);
#1432=ORIENTED_EDGE('',*,*,#2382,.F.);
#1433=ORIENTED_EDGE('',*,*,#2286,.T.);
#1434=ORIENTED_EDGE('',*,*,#2383,.T.);
#1435=ORIENTED_EDGE('',*,*,#2384,.T.);
#1436=ORIENTED_EDGE('',*,*,#2385,.T.);
#1437=ORIENTED_EDGE('',*,*,#2292,.F.);
#1438=ORIENTED_EDGE('',*,*,#2386,.T.);
#1439=ORIENTED_EDGE('',*,*,#2375,.T.);
#1440=ORIENTED_EDGE('',*,*,#2387,.F.);
#1441=ORIENTED_EDGE('',*,*,#2388,.T.);
#1442=ORIENTED_EDGE('',*,*,#2389,.T.);
#1443=ORIENTED_EDGE('',*,*,#2377,.F.);
#1444=ORIENTED_EDGE('',*,*,#2390,.T.);
#1445=ORIENTED_EDGE('',*,*,#2391,.F.);
#1446=ORIENTED_EDGE('',*,*,#2392,.T.);
#1447=ORIENTED_EDGE('',*,*,#2393,.F.);
#1448=ORIENTED_EDGE('',*,*,#2394,.F.);
#1449=ORIENTED_EDGE('',*,*,#2387,.T.);
#1450=ORIENTED_EDGE('',*,*,#2376,.T.);
#1451=ORIENTED_EDGE('',*,*,#2386,.F.);
#1452=ORIENTED_EDGE('',*,*,#2395,.F.);
#1453=ORIENTED_EDGE('',*,*,#2396,.T.);
#1454=ORIENTED_EDGE('',*,*,#2397,.T.);
#1455=ORIENTED_EDGE('',*,*,#2371,.F.);
#1456=ORIENTED_EDGE('',*,*,#2398,.T.);
#1457=ORIENTED_EDGE('',*,*,#2399,.F.);
#1458=ORIENTED_EDGE('',*,*,#2400,.T.);
#1459=ORIENTED_EDGE('',*,*,#2401,.F.);
#1460=ORIENTED_EDGE('',*,*,#2402,.F.);
#1461=ORIENTED_EDGE('',*,*,#2395,.T.);
#1462=ORIENTED_EDGE('',*,*,#2378,.T.);
#1463=ORIENTED_EDGE('',*,*,#2389,.F.);
#1464=ORIENTED_EDGE('',*,*,#2403,.T.);
#1465=ORIENTED_EDGE('',*,*,#2404,.F.);
#1466=ORIENTED_EDGE('',*,*,#2405,.T.);
#1467=ORIENTED_EDGE('',*,*,#2406,.F.);
#1468=ORIENTED_EDGE('',*,*,#2397,.F.);
#1469=ORIENTED_EDGE('',*,*,#2407,.T.);
#1470=ORIENTED_EDGE('',*,*,#2379,.T.);
#1471=ORIENTED_EDGE('',*,*,#2372,.T.);
#1472=ORIENTED_EDGE('',*,*,#2408,.T.);
#1473=ORIENTED_EDGE('',*,*,#2409,.F.);
#1474=ORIENTED_EDGE('',*,*,#2410,.T.);
#1475=ORIENTED_EDGE('',*,*,#2411,.F.);
#1476=ORIENTED_EDGE('',*,*,#2381,.F.);
#1477=ORIENTED_EDGE('',*,*,#2412,.T.);
#1478=ORIENTED_EDGE('',*,*,#2382,.T.);
#1479=ORIENTED_EDGE('',*,*,#2374,.T.);
#1480=ORIENTED_EDGE('',*,*,#2413,.F.);
#1481=ORIENTED_EDGE('',*,*,#2414,.F.);
#1482=ORIENTED_EDGE('',*,*,#2415,.F.);
#1483=ORIENTED_EDGE('',*,*,#2416,.F.);
#1484=ORIENTED_EDGE('',*,*,#2417,.F.);
#1485=ORIENTED_EDGE('',*,*,#2418,.F.);
#1486=ORIENTED_EDGE('',*,*,#2419,.F.);
#1487=ORIENTED_EDGE('',*,*,#2420,.T.);
#1488=ORIENTED_EDGE('',*,*,#2344,.T.);
#1489=ORIENTED_EDGE('',*,*,#2354,.F.);
#1490=ORIENTED_EDGE('',*,*,#2336,.T.);
#1491=ORIENTED_EDGE('',*,*,#2352,.F.);
#1492=ORIENTED_EDGE('',*,*,#2328,.F.);
#1493=ORIENTED_EDGE('',*,*,#2350,.F.);
#1494=ORIENTED_EDGE('',*,*,#2320,.T.);
#1495=ORIENTED_EDGE('',*,*,#2348,.F.);
#1496=ORIENTED_EDGE('',*,*,#2304,.T.);
#1497=ORIENTED_EDGE('',*,*,#2421,.T.);
#1498=ORIENTED_EDGE('',*,*,#2388,.F.);
#1499=ORIENTED_EDGE('',*,*,#2422,.F.);
#1500=ORIENTED_EDGE('',*,*,#2423,.T.);
#1501=ORIENTED_EDGE('',*,*,#2380,.F.);
#1502=ORIENTED_EDGE('',*,*,#2424,.F.);
#1503=ORIENTED_EDGE('',*,*,#2300,.F.);
#1504=ORIENTED_EDGE('',*,*,#2302,.T.);
#1505=ORIENTED_EDGE('',*,*,#2425,.T.);
#1506=ORIENTED_EDGE('',*,*,#2396,.F.);
#1507=ORIENTED_EDGE('',*,*,#2426,.F.);
#1508=ORIENTED_EDGE('',*,*,#2427,.T.);
#1509=ORIENTED_EDGE('',*,*,#2383,.F.);
#1510=ORIENTED_EDGE('',*,*,#2285,.F.);
#1511=ORIENTED_EDGE('',*,*,#2298,.F.);
#1512=ORIENTED_EDGE('',*,*,#2289,.T.);
#1513=ORIENTED_EDGE('',*,*,#2385,.F.);
#1514=ORIENTED_EDGE('',*,*,#2428,.F.);
#1515=ORIENTED_EDGE('',*,*,#2306,.F.);
#1516=ORIENTED_EDGE('',*,*,#2428,.T.);
#1517=ORIENTED_EDGE('',*,*,#2384,.F.);
#1518=ORIENTED_EDGE('',*,*,#2427,.F.);
#1519=ORIENTED_EDGE('',*,*,#2297,.F.);
#1520=ORIENTED_EDGE('',*,*,#2305,.T.);
#1521=ORIENTED_EDGE('',*,*,#2422,.T.);
#1522=ORIENTED_EDGE('',*,*,#2394,.T.);
#1523=ORIENTED_EDGE('',*,*,#2291,.F.);
#1524=ORIENTED_EDGE('',*,*,#2303,.T.);
#1525=ORIENTED_EDGE('',*,*,#2426,.T.);
#1526=ORIENTED_EDGE('',*,*,#2402,.T.);
#1527=ORIENTED_EDGE('',*,*,#2421,.F.);
#1528=ORIENTED_EDGE('',*,*,#2301,.T.);
#1529=ORIENTED_EDGE('',*,*,#2424,.T.);
#1530=ORIENTED_EDGE('',*,*,#2407,.F.);
#1531=ORIENTED_EDGE('',*,*,#2425,.F.);
#1532=ORIENTED_EDGE('',*,*,#2299,.T.);
#1533=ORIENTED_EDGE('',*,*,#2287,.T.);
#1534=ORIENTED_EDGE('',*,*,#2412,.F.);
#1535=ORIENTED_EDGE('',*,*,#2423,.F.);
#1536=ORIENTED_EDGE('',*,*,#2429,.T.);
#1537=ORIENTED_EDGE('',*,*,#2408,.F.);
#1538=ORIENTED_EDGE('',*,*,#2409,.T.);
#1539=ORIENTED_EDGE('',*,*,#2429,.F.);
#1540=ORIENTED_EDGE('',*,*,#2411,.T.);
#1541=ORIENTED_EDGE('',*,*,#2430,.T.);
#1542=ORIENTED_EDGE('',*,*,#2431,.T.);
#1543=ORIENTED_EDGE('',*,*,#2430,.F.);
#1544=ORIENTED_EDGE('',*,*,#2410,.F.);
#1545=ORIENTED_EDGE('',*,*,#2431,.F.);
#1546=ORIENTED_EDGE('',*,*,#2432,.T.);
#1547=ORIENTED_EDGE('',*,*,#2403,.F.);
#1548=ORIENTED_EDGE('',*,*,#2404,.T.);
#1549=ORIENTED_EDGE('',*,*,#2432,.F.);
#1550=ORIENTED_EDGE('',*,*,#2406,.T.);
#1551=ORIENTED_EDGE('',*,*,#2433,.T.);
#1552=ORIENTED_EDGE('',*,*,#2434,.T.);
#1553=ORIENTED_EDGE('',*,*,#2433,.F.);
#1554=ORIENTED_EDGE('',*,*,#2405,.F.);
#1555=ORIENTED_EDGE('',*,*,#2434,.F.);
#1556=ORIENTED_EDGE('',*,*,#2401,.T.);
#1557=ORIENTED_EDGE('',*,*,#2435,.T.);
#1558=ORIENTED_EDGE('',*,*,#2436,.T.);
#1559=ORIENTED_EDGE('',*,*,#2398,.F.);
#1560=ORIENTED_EDGE('',*,*,#2435,.F.);
#1561=ORIENTED_EDGE('',*,*,#2400,.F.);
#1562=ORIENTED_EDGE('',*,*,#2437,.T.);
#1563=ORIENTED_EDGE('',*,*,#2399,.T.);
#1564=ORIENTED_EDGE('',*,*,#2436,.F.);
#1565=ORIENTED_EDGE('',*,*,#2437,.F.);
#1566=ORIENTED_EDGE('',*,*,#2393,.T.);
#1567=ORIENTED_EDGE('',*,*,#2438,.T.);
#1568=ORIENTED_EDGE('',*,*,#2439,.T.);
#1569=ORIENTED_EDGE('',*,*,#2390,.F.);
#1570=ORIENTED_EDGE('',*,*,#2438,.F.);
#1571=ORIENTED_EDGE('',*,*,#2392,.F.);
#1572=ORIENTED_EDGE('',*,*,#2440,.T.);
#1573=ORIENTED_EDGE('',*,*,#2391,.T.);
#1574=ORIENTED_EDGE('',*,*,#2439,.F.);
#1575=ORIENTED_EDGE('',*,*,#2440,.F.);
#1576=ORIENTED_EDGE('',*,*,#2317,.T.);
#1577=ORIENTED_EDGE('',*,*,#2441,.T.);
#1578=ORIENTED_EDGE('',*,*,#2442,.F.);
#1579=ORIENTED_EDGE('',*,*,#2443,.F.);
#1580=ORIENTED_EDGE('',*,*,#2442,.T.);
#1581=ORIENTED_EDGE('',*,*,#2444,.T.);
#1582=ORIENTED_EDGE('',*,*,#2445,.F.);
#1583=ORIENTED_EDGE('',*,*,#2446,.F.);
#1584=ORIENTED_EDGE('',*,*,#2445,.T.);
#1585=ORIENTED_EDGE('',*,*,#2447,.T.);
#1586=ORIENTED_EDGE('',*,*,#2339,.F.);
#1587=ORIENTED_EDGE('',*,*,#2448,.T.);
#1588=ORIENTED_EDGE('',*,*,#2449,.T.);
#1589=ORIENTED_EDGE('',*,*,#2318,.T.);
#1590=ORIENTED_EDGE('',*,*,#2443,.T.);
#1591=ORIENTED_EDGE('',*,*,#2446,.T.);
#1592=ORIENTED_EDGE('',*,*,#2448,.F.);
#1593=ORIENTED_EDGE('',*,*,#2346,.F.);
#1594=ORIENTED_EDGE('',*,*,#2347,.F.);
#1595=ORIENTED_EDGE('',*,*,#2341,.T.);
#1596=ORIENTED_EDGE('',*,*,#2450,.T.);
#1597=ORIENTED_EDGE('',*,*,#2451,.F.);
#1598=ORIENTED_EDGE('',*,*,#2452,.F.);
#1599=ORIENTED_EDGE('',*,*,#2451,.T.);
#1600=ORIENTED_EDGE('',*,*,#2453,.T.);
#1601=ORIENTED_EDGE('',*,*,#2454,.F.);
#1602=ORIENTED_EDGE('',*,*,#2455,.T.);
#1603=ORIENTED_EDGE('',*,*,#2454,.T.);
#1604=ORIENTED_EDGE('',*,*,#2456,.T.);
#1605=ORIENTED_EDGE('',*,*,#2331,.F.);
#1606=ORIENTED_EDGE('',*,*,#2457,.T.);
#1607=ORIENTED_EDGE('',*,*,#2458,.T.);
#1608=ORIENTED_EDGE('',*,*,#2342,.T.);
#1609=ORIENTED_EDGE('',*,*,#2452,.T.);
#1610=ORIENTED_EDGE('',*,*,#2455,.F.);
#1611=ORIENTED_EDGE('',*,*,#2457,.F.);
#1612=ORIENTED_EDGE('',*,*,#2338,.F.);
#1613=ORIENTED_EDGE('',*,*,#2353,.F.);
#1614=ORIENTED_EDGE('',*,*,#2333,.T.);
#1615=ORIENTED_EDGE('',*,*,#2459,.T.);
#1616=ORIENTED_EDGE('',*,*,#2460,.F.);
#1617=ORIENTED_EDGE('',*,*,#2461,.F.);
#1618=ORIENTED_EDGE('',*,*,#2460,.T.);
#1619=ORIENTED_EDGE('',*,*,#2462,.T.);
#1620=ORIENTED_EDGE('',*,*,#2463,.F.);
#1621=ORIENTED_EDGE('',*,*,#2464,.F.);
#1622=ORIENTED_EDGE('',*,*,#2463,.T.);
#1623=ORIENTED_EDGE('',*,*,#2465,.T.);
#1624=ORIENTED_EDGE('',*,*,#2323,.F.);
#1625=ORIENTED_EDGE('',*,*,#2466,.T.);
#1626=ORIENTED_EDGE('',*,*,#2467,.T.);
#1627=ORIENTED_EDGE('',*,*,#2334,.T.);
#1628=ORIENTED_EDGE('',*,*,#2461,.T.);
#1629=ORIENTED_EDGE('',*,*,#2464,.T.);
#1630=ORIENTED_EDGE('',*,*,#2466,.F.);
#1631=ORIENTED_EDGE('',*,*,#2330,.F.);
#1632=ORIENTED_EDGE('',*,*,#2351,.F.);
#1633=ORIENTED_EDGE('',*,*,#2325,.T.);
#1634=ORIENTED_EDGE('',*,*,#2468,.T.);
#1635=ORIENTED_EDGE('',*,*,#2469,.F.);
#1636=ORIENTED_EDGE('',*,*,#2470,.F.);
#1637=ORIENTED_EDGE('',*,*,#2469,.T.);
#1638=ORIENTED_EDGE('',*,*,#2471,.T.);
#1639=ORIENTED_EDGE('',*,*,#2472,.F.);
#1640=ORIENTED_EDGE('',*,*,#2473,.T.);
#1641=ORIENTED_EDGE('',*,*,#2472,.T.);
#1642=ORIENTED_EDGE('',*,*,#2474,.T.);
#1643=ORIENTED_EDGE('',*,*,#2315,.F.);
#1644=ORIENTED_EDGE('',*,*,#2475,.T.);
#1645=ORIENTED_EDGE('',*,*,#2476,.T.);
#1646=ORIENTED_EDGE('',*,*,#2326,.T.);
#1647=ORIENTED_EDGE('',*,*,#2470,.T.);
#1648=ORIENTED_EDGE('',*,*,#2473,.F.);
#1649=ORIENTED_EDGE('',*,*,#2475,.F.);
#1650=ORIENTED_EDGE('',*,*,#2322,.F.);
#1651=ORIENTED_EDGE('',*,*,#2349,.F.);
#1652=ORIENTED_EDGE('',*,*,#2477,.F.);
#1653=ORIENTED_EDGE('',*,*,#2364,.F.);
#1654=ORIENTED_EDGE('',*,*,#2478,.F.);
#1655=ORIENTED_EDGE('',*,*,#2332,.F.);
#1656=ORIENTED_EDGE('',*,*,#2478,.T.);
#1657=ORIENTED_EDGE('',*,*,#2363,.F.);
#1658=ORIENTED_EDGE('',*,*,#2479,.F.);
#1659=ORIENTED_EDGE('',*,*,#2459,.F.);
#1660=ORIENTED_EDGE('',*,*,#2477,.T.);
#1661=ORIENTED_EDGE('',*,*,#2456,.F.);
#1662=ORIENTED_EDGE('',*,*,#2480,.F.);
#1663=ORIENTED_EDGE('',*,*,#2365,.F.);
#1664=ORIENTED_EDGE('',*,*,#2479,.T.);
#1665=ORIENTED_EDGE('',*,*,#2362,.F.);
#1666=ORIENTED_EDGE('',*,*,#2481,.F.);
#1667=ORIENTED_EDGE('',*,*,#2462,.F.);
#1668=ORIENTED_EDGE('',*,*,#2480,.T.);
#1669=ORIENTED_EDGE('',*,*,#2453,.F.);
#1670=ORIENTED_EDGE('',*,*,#2482,.F.);
#1671=ORIENTED_EDGE('',*,*,#2366,.F.);
#1672=ORIENTED_EDGE('',*,*,#2481,.T.);
#1673=ORIENTED_EDGE('',*,*,#2361,.F.);
#1674=ORIENTED_EDGE('',*,*,#2483,.F.);
#1675=ORIENTED_EDGE('',*,*,#2465,.F.);
#1676=ORIENTED_EDGE('',*,*,#2482,.T.);
#1677=ORIENTED_EDGE('',*,*,#2450,.F.);
#1678=ORIENTED_EDGE('',*,*,#2484,.F.);
#1679=ORIENTED_EDGE('',*,*,#2367,.F.);
#1680=ORIENTED_EDGE('',*,*,#2483,.T.);
#1681=ORIENTED_EDGE('',*,*,#2360,.F.);
#1682=ORIENTED_EDGE('',*,*,#2485,.F.);
#1683=ORIENTED_EDGE('',*,*,#2324,.F.);
#1684=ORIENTED_EDGE('',*,*,#2484,.T.);
#1685=ORIENTED_EDGE('',*,*,#2340,.F.);
#1686=ORIENTED_EDGE('',*,*,#2486,.F.);
#1687=ORIENTED_EDGE('',*,*,#2368,.F.);
#1688=ORIENTED_EDGE('',*,*,#2485,.T.);
#1689=ORIENTED_EDGE('',*,*,#2359,.F.);
#1690=ORIENTED_EDGE('',*,*,#2487,.F.);
#1691=ORIENTED_EDGE('',*,*,#2468,.F.);
#1692=ORIENTED_EDGE('',*,*,#2486,.T.);
#1693=ORIENTED_EDGE('',*,*,#2447,.F.);
#1694=ORIENTED_EDGE('',*,*,#2488,.F.);
#1695=ORIENTED_EDGE('',*,*,#2369,.F.);
#1696=ORIENTED_EDGE('',*,*,#2487,.T.);
#1697=ORIENTED_EDGE('',*,*,#2358,.F.);
#1698=ORIENTED_EDGE('',*,*,#2489,.F.);
#1699=ORIENTED_EDGE('',*,*,#2471,.F.);
#1700=ORIENTED_EDGE('',*,*,#2488,.T.);
#1701=ORIENTED_EDGE('',*,*,#2444,.F.);
#1702=ORIENTED_EDGE('',*,*,#2490,.F.);
#1703=ORIENTED_EDGE('',*,*,#2370,.F.);
#1704=ORIENTED_EDGE('',*,*,#2489,.T.);
#1705=ORIENTED_EDGE('',*,*,#2357,.F.);
#1706=ORIENTED_EDGE('',*,*,#2491,.F.);
#1707=ORIENTED_EDGE('',*,*,#2474,.F.);
#1708=ORIENTED_EDGE('',*,*,#2490,.T.);
#1709=ORIENTED_EDGE('',*,*,#2441,.F.);
#1710=ORIENTED_EDGE('',*,*,#2492,.F.);
#1711=ORIENTED_EDGE('',*,*,#2355,.F.);
#1712=ORIENTED_EDGE('',*,*,#2491,.T.);
#1713=ORIENTED_EDGE('',*,*,#2356,.F.);
#1714=ORIENTED_EDGE('',*,*,#2492,.T.);
#1715=ORIENTED_EDGE('',*,*,#2316,.F.);
#1716=ORIENTED_EDGE('',*,*,#2294,.T.);
#1717=ORIENTED_EDGE('',*,*,#2493,.F.);
#1718=ORIENTED_EDGE('',*,*,#2493,.T.);
#1719=ORIENTED_EDGE('',*,*,#2476,.F.);
#1720=ORIENTED_EDGE('',*,*,#2295,.T.);
#1721=ORIENTED_EDGE('',*,*,#2494,.F.);
#1722=ORIENTED_EDGE('',*,*,#2494,.T.);
#1723=ORIENTED_EDGE('',*,*,#2467,.F.);
#1724=ORIENTED_EDGE('',*,*,#2296,.T.);
#1725=ORIENTED_EDGE('',*,*,#2495,.F.);
#1726=ORIENTED_EDGE('',*,*,#2495,.T.);
#1727=ORIENTED_EDGE('',*,*,#2458,.F.);
#1728=ORIENTED_EDGE('',*,*,#2293,.T.);
#1729=ORIENTED_EDGE('',*,*,#2496,.F.);
#1730=ORIENTED_EDGE('',*,*,#2496,.T.);
#1731=ORIENTED_EDGE('',*,*,#2449,.F.);
#1732=ORIENTED_EDGE('',*,*,#2414,.T.);
#1733=ORIENTED_EDGE('',*,*,#2497,.F.);
#1734=ORIENTED_EDGE('',*,*,#2498,.F.);
#1735=ORIENTED_EDGE('',*,*,#2499,.T.);
#1736=ORIENTED_EDGE('',*,*,#2413,.T.);
#1737=ORIENTED_EDGE('',*,*,#2500,.F.);
#1738=ORIENTED_EDGE('',*,*,#2501,.F.);
#1739=ORIENTED_EDGE('',*,*,#2497,.T.);
#1740=ORIENTED_EDGE('',*,*,#2420,.F.);
#1741=ORIENTED_EDGE('',*,*,#2502,.F.);
#1742=ORIENTED_EDGE('',*,*,#2503,.T.);
#1743=ORIENTED_EDGE('',*,*,#2500,.T.);
#1744=ORIENTED_EDGE('',*,*,#2419,.T.);
#1745=ORIENTED_EDGE('',*,*,#2504,.F.);
#1746=ORIENTED_EDGE('',*,*,#2505,.F.);
#1747=ORIENTED_EDGE('',*,*,#2502,.T.);
#1748=ORIENTED_EDGE('',*,*,#2418,.T.);
#1749=ORIENTED_EDGE('',*,*,#2506,.F.);
#1750=ORIENTED_EDGE('',*,*,#2507,.F.);
#1751=ORIENTED_EDGE('',*,*,#2504,.T.);
#1752=ORIENTED_EDGE('',*,*,#2417,.T.);
#1753=ORIENTED_EDGE('',*,*,#2508,.F.);
#1754=ORIENTED_EDGE('',*,*,#2509,.F.);
#1755=ORIENTED_EDGE('',*,*,#2506,.T.);
#1756=ORIENTED_EDGE('',*,*,#2416,.T.);
#1757=ORIENTED_EDGE('',*,*,#2510,.F.);
#1758=ORIENTED_EDGE('',*,*,#2511,.F.);
#1759=ORIENTED_EDGE('',*,*,#2508,.T.);
#1760=ORIENTED_EDGE('',*,*,#2307,.F.);
#1761=ORIENTED_EDGE('',*,*,#2512,.F.);
#1762=ORIENTED_EDGE('',*,*,#2513,.T.);
#1763=ORIENTED_EDGE('',*,*,#2514,.T.);
#1764=ORIENTED_EDGE('',*,*,#2314,.F.);
#1765=ORIENTED_EDGE('',*,*,#2515,.F.);
#1766=ORIENTED_EDGE('',*,*,#2516,.T.);
#1767=ORIENTED_EDGE('',*,*,#2512,.T.);
#1768=ORIENTED_EDGE('',*,*,#2313,.F.);
#1769=ORIENTED_EDGE('',*,*,#2517,.F.);
#1770=ORIENTED_EDGE('',*,*,#2518,.T.);
#1771=ORIENTED_EDGE('',*,*,#2515,.T.);
#1772=ORIENTED_EDGE('',*,*,#2312,.F.);
#1773=ORIENTED_EDGE('',*,*,#2519,.F.);
#1774=ORIENTED_EDGE('',*,*,#2520,.T.);
#1775=ORIENTED_EDGE('',*,*,#2517,.T.);
#1776=ORIENTED_EDGE('',*,*,#2311,.F.);
#1777=ORIENTED_EDGE('',*,*,#2521,.F.);
#1778=ORIENTED_EDGE('',*,*,#2522,.T.);
#1779=ORIENTED_EDGE('',*,*,#2519,.T.);
#1780=ORIENTED_EDGE('',*,*,#2310,.F.);
#1781=ORIENTED_EDGE('',*,*,#2523,.F.);
#1782=ORIENTED_EDGE('',*,*,#2524,.T.);
#1783=ORIENTED_EDGE('',*,*,#2521,.T.);
#1784=ORIENTED_EDGE('',*,*,#2309,.F.);
#1785=ORIENTED_EDGE('',*,*,#2525,.F.);
#1786=ORIENTED_EDGE('',*,*,#2526,.T.);
#1787=ORIENTED_EDGE('',*,*,#2523,.T.);
#1788=ORIENTED_EDGE('',*,*,#2308,.T.);
#1789=ORIENTED_EDGE('',*,*,#2514,.F.);
#1790=ORIENTED_EDGE('',*,*,#2527,.F.);
#1791=ORIENTED_EDGE('',*,*,#2525,.T.);
#1792=ORIENTED_EDGE('',*,*,#2415,.T.);
#1793=ORIENTED_EDGE('',*,*,#2499,.F.);
#1794=ORIENTED_EDGE('',*,*,#2528,.F.);
#1795=ORIENTED_EDGE('',*,*,#2510,.T.);
#1796=ORIENTED_EDGE('',*,*,#2513,.F.);
#1797=ORIENTED_EDGE('',*,*,#2516,.F.);
#1798=ORIENTED_EDGE('',*,*,#2518,.F.);
#1799=ORIENTED_EDGE('',*,*,#2520,.F.);
#1800=ORIENTED_EDGE('',*,*,#2522,.F.);
#1801=ORIENTED_EDGE('',*,*,#2524,.F.);
#1802=ORIENTED_EDGE('',*,*,#2526,.F.);
#1803=ORIENTED_EDGE('',*,*,#2527,.T.);
#1804=ORIENTED_EDGE('',*,*,#2498,.T.);
#1805=ORIENTED_EDGE('',*,*,#2501,.T.);
#1806=ORIENTED_EDGE('',*,*,#2503,.F.);
#1807=ORIENTED_EDGE('',*,*,#2505,.T.);
#1808=ORIENTED_EDGE('',*,*,#2507,.T.);
#1809=ORIENTED_EDGE('',*,*,#2509,.T.);
#1810=ORIENTED_EDGE('',*,*,#2511,.T.);
#1811=ORIENTED_EDGE('',*,*,#2528,.T.);
#1812=EDGE_CURVE('',#2529,#2530,#3010,.T.);
#1813=EDGE_CURVE('',#2531,#2529,#3011,.T.);
#1814=EDGE_CURVE('',#2531,#2532,#3012,.T.);
#1815=EDGE_CURVE('',#2532,#2530,#3013,.T.);
#1816=EDGE_CURVE('',#2530,#2533,#97,.T.);
#1817=EDGE_CURVE('',#2532,#2534,#98,.T.);
#1818=EDGE_CURVE('',#2534,#2533,#3014,.T.);
#1819=EDGE_CURVE('',#2535,#2533,#3015,.T.);
#1820=EDGE_CURVE('',#2536,#2534,#3016,.T.);
#1821=EDGE_CURVE('',#2536,#2535,#3017,.T.);
#1822=EDGE_CURVE('',#2535,#2537,#99,.T.);
#1823=EDGE_CURVE('',#2536,#2538,#100,.T.);
#1824=EDGE_CURVE('',#2538,#2537,#3018,.T.);
#1825=EDGE_CURVE('',#2537,#2539,#3019,.T.);
#1826=EDGE_CURVE('',#2538,#2540,#3020,.T.);
#1827=EDGE_CURVE('',#2540,#2539,#3021,.T.);
#1828=EDGE_CURVE('',#2539,#2541,#101,.T.);
#1829=EDGE_CURVE('',#2540,#2542,#102,.T.);
#1830=EDGE_CURVE('',#2542,#2541,#3022,.T.);
#1831=EDGE_CURVE('',#2541,#2543,#3023,.T.);
#1832=EDGE_CURVE('',#2542,#2544,#3024,.T.);
#1833=EDGE_CURVE('',#2544,#2543,#3025,.T.);
#1834=EDGE_CURVE('',#2545,#2546,#103,.T.);
#1835=EDGE_CURVE('',#2547,#2546,#3026,.T.);
#1836=EDGE_CURVE('',#2548,#2547,#104,.T.);
#1837=EDGE_CURVE('',#2548,#2545,#3027,.T.);
#1838=EDGE_CURVE('',#2549,#2545,#3028,.T.);
#1839=EDGE_CURVE('',#2550,#2548,#3029,.T.);
#1840=EDGE_CURVE('',#2550,#2549,#3030,.T.);
#1841=EDGE_CURVE('',#2551,#2549,#105,.T.);
#1842=EDGE_CURVE('',#2552,#2550,#106,.T.);
#1843=EDGE_CURVE('',#2552,#2551,#3031,.T.);
#1844=EDGE_CURVE('',#2553,#2551,#3032,.T.);
#1845=EDGE_CURVE('',#2554,#2552,#3033,.T.);
#1846=EDGE_CURVE('',#2554,#2553,#3034,.T.);
#1847=EDGE_CURVE('',#2555,#2553,#107,.T.);
#1848=EDGE_CURVE('',#2556,#2554,#108,.T.);
#1849=EDGE_CURVE('',#2556,#2555,#3035,.T.);
#1850=EDGE_CURVE('',#2557,#2555,#3036,.T.);
#1851=EDGE_CURVE('',#2558,#2556,#3037,.T.);
#1852=EDGE_CURVE('',#2558,#2557,#3038,.T.);
#1853=EDGE_CURVE('',#2559,#2557,#109,.T.);
#1854=EDGE_CURVE('',#2560,#2558,#110,.T.);
#1855=EDGE_CURVE('',#2560,#2559,#3039,.T.);
#1856=EDGE_CURVE('',#2559,#2546,#3040,.T.);
#1857=EDGE_CURVE('',#2560,#2547,#3041,.T.);
#1858=EDGE_CURVE('',#2543,#2529,#111,.T.);
#1859=EDGE_CURVE('',#2544,#2531,#112,.T.);
#1860=EDGE_CURVE('',#2561,#2561,#113,.T.);
#1861=EDGE_CURVE('',#2562,#2562,#114,.T.);
#1862=EDGE_CURVE('',#2563,#2563,#115,.T.);
#1863=EDGE_CURVE('',#2564,#2564,#116,.T.);
#1864=EDGE_CURVE('',#2565,#2566,#3042,.T.);
#1865=EDGE_CURVE('',#2566,#2567,#3043,.T.);
#1866=EDGE_CURVE('',#2568,#2567,#3044,.T.);
#1867=EDGE_CURVE('',#2565,#2568,#3045,.T.);
#1868=EDGE_CURVE('',#2569,#2565,#3046,.T.);
#1869=EDGE_CURVE('',#2569,#2570,#3047,.T.);
#1870=EDGE_CURVE('',#2570,#2566,#3048,.T.);
#1871=EDGE_CURVE('',#2571,#2568,#3049,.T.);
#1872=EDGE_CURVE('',#2569,#2571,#3050,.T.);
#1873=EDGE_CURVE('',#2572,#2567,#3051,.T.);
#1874=EDGE_CURVE('',#2571,#2572,#3052,.T.);
#1875=EDGE_CURVE('',#2573,#2574,#3053,.T.);
#1876=EDGE_CURVE('',#2573,#2575,#117,.T.);
#1877=EDGE_CURVE('',#2575,#2576,#3054,.T.);
#1878=EDGE_CURVE('',#2576,#2574,#118,.T.);
#1879=EDGE_CURVE('',#2577,#2578,#3055,.T.);
#1880=EDGE_CURVE('',#2577,#2573,#3056,.F.);
#1881=EDGE_CURVE('',#2574,#2578,#3057,.T.);
#1882=EDGE_CURVE('',#2579,#2580,#3058,.T.);
#1883=EDGE_CURVE('',#2579,#2577,#119,.T.);
#1884=EDGE_CURVE('',#2578,#2580,#120,.T.);
#1885=EDGE_CURVE('',#2581,#2582,#3059,.T.);
#1886=EDGE_CURVE('',#2581,#2579,#3060,.T.);
#1887=EDGE_CURVE('',#2582,#2580,#3061,.T.);
#1888=EDGE_CURVE('',#2583,#2584,#3062,.T.);
#1889=EDGE_CURVE('',#2583,#2581,#121,.T.);
#1890=EDGE_CURVE('',#2582,#2584,#122,.T.);
#1891=EDGE_CURVE('',#2585,#2586,#3063,.T.);
#1892=EDGE_CURVE('',#2585,#2583,#3064,.F.);
#1893=EDGE_CURVE('',#2584,#2586,#3065,.T.);
#1894=EDGE_CURVE('',#2587,#2588,#3066,.T.);
#1895=EDGE_CURVE('',#2587,#2585,#123,.T.);
#1896=EDGE_CURVE('',#2586,#2588,#124,.T.);
#1897=EDGE_CURVE('',#2575,#2587,#3067,.F.);
#1898=EDGE_CURVE('',#2588,#2576,#3068,.T.);
#1899=EDGE_CURVE('',#2570,#2572,#3069,.T.);
#1900=EDGE_CURVE('',#2590,#2590,#125,.T.);
#1901=EDGE_CURVE('',#2592,#2592,#126,.T.);
#1902=EDGE_CURVE('',#2594,#2594,#127,.T.);
#1903=EDGE_CURVE('',#2596,#2596,#128,.T.);
#1904=EDGE_CURVE('',#2597,#2598,#3070,.T.);
#1905=EDGE_CURVE('',#2598,#2599,#3071,.F.);
#1906=EDGE_CURVE('',#2599,#2600,#3072,.T.);
#1907=EDGE_CURVE('',#2600,#2597,#3073,.T.);
#1908=EDGE_CURVE('',#2575,#2597,#40,.F.);
#1909=EDGE_CURVE('',#2597,#2573,#41,.T.);
#1910=EDGE_CURVE('',#2598,#2577,#42,.T.);
#1911=EDGE_CURVE('',#2587,#2600,#43,.F.);
#1912=EDGE_CURVE('',#2598,#2579,#44,.T.);
#1913=EDGE_CURVE('',#2585,#2600,#45,.F.);
#1914=EDGE_CURVE('',#2599,#2581,#46,.T.);
#1915=EDGE_CURVE('',#2583,#2599,#47,.F.);
#1916=EDGE_CURVE('',#2601,#2602,#3074,.T.);
#1917=EDGE_CURVE('',#2602,#2603,#3075,.T.);
#1918=EDGE_CURVE('',#2604,#2603,#3076,.T.);
#1919=EDGE_CURVE('',#2601,#2604,#3077,.T.);
#1920=EDGE_CURVE('',#2605,#2606,#3078,.T.);
#1921=EDGE_CURVE('',#2607,#2605,#3079,.T.);
#1922=EDGE_CURVE('',#2607,#2608,#3080,.T.);
#1923=EDGE_CURVE('',#2608,#2606,#3081,.T.);
#1924=EDGE_CURVE('',#2609,#2610,#129,.T.);
#1925=EDGE_CURVE('',#2611,#2610,#3082,.T.);
#1926=EDGE_CURVE('',#2611,#2612,#130,.T.);
#1927=EDGE_CURVE('',#2613,#2612,#3083,.T.);
#1928=EDGE_CURVE('',#2613,#2614,#131,.T.);
#1929=EDGE_CURVE('',#2614,#2615,#3084,.T.);
#1930=EDGE_CURVE('',#2615,#2616,#132,.T.);
#1931=EDGE_CURVE('',#2616,#2609,#3085,.T.);
#1932=EDGE_CURVE('',#2617,#2618,#133,.T.);
#1933=EDGE_CURVE('',#2618,#2619,#3086,.T.);
#1934=EDGE_CURVE('',#2619,#2620,#134,.T.);
#1935=EDGE_CURVE('',#2620,#2621,#3087,.T.);
#1936=EDGE_CURVE('',#2621,#2622,#135,.T.);
#1937=EDGE_CURVE('',#2623,#2622,#3088,.T.);
#1938=EDGE_CURVE('',#2623,#2624,#136,.T.);
#1939=EDGE_CURVE('',#2617,#2624,#3089,.T.);
#1940=EDGE_CURVE('',#2625,#2626,#3090,.T.);
#1941=EDGE_CURVE('',#2627,#2626,#137,.T.);
#1942=EDGE_CURVE('',#2628,#2627,#3091,.T.);
#1943=EDGE_CURVE('',#2629,#2628,#138,.T.);
#1944=EDGE_CURVE('',#2630,#2629,#3092,.T.);
#1945=EDGE_CURVE('',#2631,#2630,#139,.T.);
#1946=EDGE_CURVE('',#2631,#2632,#3093,.T.);
#1947=EDGE_CURVE('',#2625,#2632,#140,.T.);
#1948=EDGE_CURVE('',#2633,#2634,#3094,.T.);
#1949=EDGE_CURVE('',#2635,#2633,#141,.T.);
#1950=EDGE_CURVE('',#2635,#2636,#3095,.T.);
#1951=EDGE_CURVE('',#2637,#2636,#142,.T.);
#1952=EDGE_CURVE('',#2637,#2638,#3096,.T.);
#1953=EDGE_CURVE('',#2639,#2638,#143,.T.);
#1954=EDGE_CURVE('',#2640,#2639,#3097,.T.);
#1955=EDGE_CURVE('',#2634,#2640,#144,.T.);
#1956=EDGE_CURVE('',#2641,#2642,#3098,.T.);
#1957=EDGE_CURVE('',#2643,#2642,#3099,.T.);
#1958=EDGE_CURVE('',#2644,#2643,#3100,.T.);
#1959=EDGE_CURVE('',#2644,#2641,#3101,.T.);
#1960=EDGE_CURVE('',#2645,#2646,#3102,.T.);
#1961=EDGE_CURVE('',#2646,#2647,#3103,.T.);
#1962=EDGE_CURVE('',#2648,#2647,#3104,.T.);
#1963=EDGE_CURVE('',#2645,#2648,#3105,.T.);
#1964=EDGE_CURVE('',#2649,#2650,#145,.T.);
#1965=EDGE_CURVE('',#2618,#2650,#3106,.T.);
#1966=EDGE_CURVE('',#2617,#2649,#3107,.T.);
#1967=EDGE_CURVE('',#2650,#2651,#3108,.T.);
#1968=EDGE_CURVE('',#2619,#2651,#3109,.T.);
#1969=EDGE_CURVE('',#2651,#2652,#146,.T.);
#1970=EDGE_CURVE('',#2620,#2652,#3110,.T.);
#1971=EDGE_CURVE('',#2652,#2653,#3111,.T.);
#1972=EDGE_CURVE('',#2621,#2653,#3112,.T.);
#1973=EDGE_CURVE('',#2653,#2654,#147,.T.);
#1974=EDGE_CURVE('',#2622,#2654,#3113,.T.);
#1975=EDGE_CURVE('',#2655,#2654,#3114,.T.);
#1976=EDGE_CURVE('',#2623,#2655,#3115,.T.);
#1977=EDGE_CURVE('',#2655,#2656,#148,.T.);
#1978=EDGE_CURVE('',#2624,#2656,#3116,.T.);
#1979=EDGE_CURVE('',#2657,#2658,#3117,.T.);
#1980=EDGE_CURVE('',#2645,#2657,#3118,.T.);
#1981=EDGE_CURVE('',#2648,#2658,#3119,.T.);
#1982=EDGE_CURVE('',#2657,#2659,#3120,.T.);
#1983=EDGE_CURVE('',#2646,#2659,#3121,.T.);
#1984=EDGE_CURVE('',#2659,#2660,#3122,.T.);
#1985=EDGE_CURVE('',#2647,#2660,#3123,.T.);
#1986=EDGE_CURVE('',#2661,#2662,#3124,.T.);
#1987=EDGE_CURVE('',#2601,#2661,#3125,.T.);
#1988=EDGE_CURVE('',#2604,#2662,#3126,.T.);
#1989=EDGE_CURVE('',#2661,#2663,#3127,.T.);
#1990=EDGE_CURVE('',#2602,#2663,#3128,.T.);
#1991=EDGE_CURVE('',#2663,#2664,#3129,.T.);
#1992=EDGE_CURVE('',#2603,#2664,#3130,.T.);
#1993=EDGE_CURVE('',#2665,#2666,#149,.T.);
#1994=EDGE_CURVE('',#2625,#2665,#3131,.T.);
#1995=EDGE_CURVE('',#2632,#2666,#3132,.T.);
#1996=EDGE_CURVE('',#2665,#2667,#3133,.T.);
#1997=EDGE_CURVE('',#2626,#2667,#3134,.T.);
#1998=EDGE_CURVE('',#2668,#2667,#150,.T.);
#1999=EDGE_CURVE('',#2627,#2668,#3135,.T.);
#2000=EDGE_CURVE('',#2669,#2668,#3136,.T.);
#2001=EDGE_CURVE('',#2628,#2669,#3137,.T.);
#2002=EDGE_CURVE('',#2670,#2669,#151,.T.);
#2003=EDGE_CURVE('',#2629,#2670,#3138,.T.);
#2004=EDGE_CURVE('',#2671,#2670,#3139,.T.);
#2005=EDGE_CURVE('',#2630,#2671,#3140,.T.);
#2006=EDGE_CURVE('',#2672,#2671,#152,.T.);
#2007=EDGE_CURVE('',#2631,#2672,#3141,.T.);
#2008=EDGE_CURVE('',#2673,#2674,#3142,.T.);
#2009=EDGE_CURVE('',#2675,#2674,#3143,.T.);
#2010=EDGE_CURVE('',#2676,#2675,#3144,.T.);
#2011=EDGE_CURVE('',#2676,#2673,#3145,.T.);
#2012=EDGE_CURVE('',#2677,#2674,#3146,.T.);
#2013=EDGE_CURVE('',#2678,#2677,#3147,.T.);
#2014=EDGE_CURVE('',#2678,#2675,#3148,.T.);
#2015=EDGE_CURVE('',#2677,#2679,#3149,.T.);
#2016=EDGE_CURVE('',#2680,#2679,#3150,.T.);
#2017=EDGE_CURVE('',#2678,#2680,#3151,.T.);
#2018=EDGE_CURVE('',#2681,#2682,#3152,.T.);
#2019=EDGE_CURVE('',#2683,#2681,#3153,.T.);
#2020=EDGE_CURVE('',#2683,#2684,#3154,.T.);
#2021=EDGE_CURVE('',#2684,#2682,#3155,.T.);
#2022=EDGE_CURVE('',#2685,#2681,#153,.T.);
#2023=EDGE_CURVE('',#2686,#2685,#3156,.T.);
#2024=EDGE_CURVE('',#2686,#2683,#154,.T.);
#2025=EDGE_CURVE('',#2685,#2687,#3157,.T.);
#2026=EDGE_CURVE('',#2688,#2687,#3158,.T.);
#2027=EDGE_CURVE('',#2686,#2688,#3159,.T.);
#2028=EDGE_CURVE('',#2689,#2687,#155,.T.);
#2029=EDGE_CURVE('',#2690,#2689,#3160,.T.);
#2030=EDGE_CURVE('',#2690,#2688,#156,.T.);
#2031=EDGE_CURVE('',#2689,#2691,#3161,.T.);
#2032=EDGE_CURVE('',#2692,#2691,#3162,.T.);
#2033=EDGE_CURVE('',#2690,#2692,#3163,.T.);
#2034=EDGE_CURVE('',#2691,#2693,#157,.T.);
#2035=EDGE_CURVE('',#2694,#2693,#3164,.T.);
#2036=EDGE_CURVE('',#2692,#2694,#158,.T.);
#2037=EDGE_CURVE('',#2695,#2693,#3165,.T.);
#2038=EDGE_CURVE('',#2696,#2695,#3166,.T.);
#2039=EDGE_CURVE('',#2696,#2694,#3167,.T.);
#2040=EDGE_CURVE('',#2697,#2697,#159,.T.);
#2041=EDGE_CURVE('',#2698,#2698,#160,.T.);
#2042=EDGE_CURVE('',#2658,#2660,#3168,.T.);
#2043=EDGE_CURVE('',#2662,#2664,#3169,.T.);
#2044=EDGE_CURVE('',#2672,#2666,#3170,.T.);
#2045=EDGE_CURVE('',#2679,#2673,#3171,.T.);
#2046=EDGE_CURVE('',#2680,#2676,#3172,.T.);
#2047=EDGE_CURVE('',#2695,#2682,#161,.T.);
#2048=EDGE_CURVE('',#2696,#2684,#162,.T.);
#2049=EDGE_CURVE('',#2649,#2656,#3173,.T.);
#2050=EDGE_CURVE('',#2699,#2700,#3174,.T.);
#2051=EDGE_CURVE('',#2700,#2701,#3175,.T.);
#2052=EDGE_CURVE('',#2702,#2701,#3176,.T.);
#2053=EDGE_CURVE('',#2699,#2702,#3177,.T.);
#2054=EDGE_CURVE('',#2703,#2704,#3178,.T.);
#2055=EDGE_CURVE('',#2703,#2705,#3179,.T.);
#2056=EDGE_CURVE('',#2705,#2706,#3180,.T.);
#2057=EDGE_CURVE('',#2704,#2706,#3181,.T.);
#2058=EDGE_CURVE('',#2707,#2705,#163,.T.);
#2059=EDGE_CURVE('',#2708,#2707,#3182,.T.);
#2060=EDGE_CURVE('',#2708,#2706,#164,.T.);
#2061=EDGE_CURVE('',#2709,#2684,#3183,.F.);
#2062=EDGE_CURVE('',#2710,#2709,#165,.T.);
#2063=EDGE_CURVE('',#2710,#2696,#3184,.F.);
#2064=EDGE_CURVE('',#2711,#2712,#11,.T.);
#2065=EDGE_CURVE('',#2711,#2713,#48,.T.);
#2066=EDGE_CURVE('',#2714,#2713,#12,.T.);
#2067=EDGE_CURVE('',#2714,#2712,#49,.T.);
#2068=EDGE_CURVE('',#2715,#2694,#3185,.F.);
#2069=EDGE_CURVE('',#2716,#2715,#166,.T.);
#2070=EDGE_CURVE('',#2716,#2692,#3186,.F.);
#2071=EDGE_CURVE('',#2717,#2718,#13,.T.);
#2072=EDGE_CURVE('',#2717,#2719,#50,.T.);
#2073=EDGE_CURVE('',#2720,#2719,#14,.T.);
#2074=EDGE_CURVE('',#2720,#2718,#51,.T.);
#2075=EDGE_CURVE('',#2721,#2690,#3187,.F.);
#2076=EDGE_CURVE('',#2721,#2722,#167,.F.);
#2077=EDGE_CURVE('',#2722,#2688,#3188,.F.);
#2078=EDGE_CURVE('',#2723,#2724,#52,.F.);
#2079=EDGE_CURVE('',#2723,#2725,#15,.T.);
#2080=EDGE_CURVE('',#2726,#2725,#53,.F.);
#2081=EDGE_CURVE('',#2726,#2724,#16,.T.);
#2082=EDGE_CURVE('',#2727,#2686,#3189,.F.);
#2083=EDGE_CURVE('',#2727,#2728,#168,.F.);
#2084=EDGE_CURVE('',#2728,#2683,#3190,.F.);
#2085=EDGE_CURVE('',#2729,#2730,#54,.F.);
#2086=EDGE_CURVE('',#2729,#2731,#17,.T.);
#2087=EDGE_CURVE('',#2732,#2731,#55,.F.);
#2088=EDGE_CURVE('',#2732,#2730,#18,.T.);
#2089=EDGE_CURVE('',#2733,#2734,#3191,.T.);
#2090=EDGE_CURVE('',#2734,#2735,#3192,.T.);
#2091=EDGE_CURVE('',#2736,#2735,#3193,.T.);
#2092=EDGE_CURVE('',#2736,#2733,#3194,.T.);
#2093=EDGE_CURVE('',#2737,#2737,#56,.F.);
#2094=EDGE_CURVE('',#2738,#2738,#57,.F.);
#2095=EDGE_CURVE('',#2739,#2739,#58,.F.);
#2096=EDGE_CURVE('',#2740,#2740,#59,.F.);
#2097=EDGE_CURVE('',#2741,#2735,#169,.T.);
#2098=EDGE_CURVE('',#2741,#2742,#3195,.T.);
#2099=EDGE_CURVE('',#2743,#2742,#170,.T.);
#2100=EDGE_CURVE('',#2743,#2744,#3196,.T.);
#2101=EDGE_CURVE('',#2745,#2744,#171,.T.);
#2102=EDGE_CURVE('',#2746,#2745,#3197,.T.);
#2103=EDGE_CURVE('',#2747,#2746,#172,.T.);
#2104=EDGE_CURVE('',#2748,#2747,#3198,.T.);
#2105=EDGE_CURVE('',#2736,#2748,#173,.T.);
#2106=EDGE_CURVE('',#2728,#2709,#3199,.T.);
#2107=EDGE_CURVE('',#2727,#2722,#3200,.F.);
#2108=EDGE_CURVE('',#2721,#2716,#3201,.F.);
#2109=EDGE_CURVE('',#2710,#2715,#3202,.T.);
#2110=EDGE_CURVE('',#2749,#2750,#3203,.T.);
#2111=EDGE_CURVE('',#2750,#2703,#174,.T.);
#2112=EDGE_CURVE('',#2704,#2749,#175,.T.);
#2113=EDGE_CURVE('',#2742,#2751,#3204,.T.);
#2114=EDGE_CURVE('',#2752,#2751,#176,.T.);
#2115=EDGE_CURVE('',#2743,#2752,#3205,.T.);
#2116=EDGE_CURVE('',#2741,#2753,#3206,.F.);
#2117=EDGE_CURVE('',#2753,#2751,#3207,.T.);
#2118=EDGE_CURVE('',#2748,#2754,#3208,.T.);
#2119=EDGE_CURVE('',#2733,#2754,#177,.T.);
#2120=EDGE_CURVE('',#2747,#2755,#3209,.T.);
#2121=EDGE_CURVE('',#2754,#2755,#3210,.T.);
#2122=EDGE_CURVE('',#2746,#2756,#3211,.T.);
#2123=EDGE_CURVE('',#2755,#2756,#178,.T.);
#2124=EDGE_CURVE('',#2745,#2757,#3212,.T.);
#2125=EDGE_CURVE('',#2756,#2757,#3213,.T.);
#2126=EDGE_CURVE('',#2744,#2758,#3214,.T.);
#2127=EDGE_CURVE('',#2757,#2758,#179,.T.);
#2128=EDGE_CURVE('',#2752,#2758,#3215,.T.);
#2129=EDGE_CURVE('',#2759,#2708,#3216,.T.);
#2130=EDGE_CURVE('',#2759,#2760,#3217,.T.);
#2131=EDGE_CURVE('',#2761,#2760,#180,.T.);
#2132=EDGE_CURVE('',#2762,#2761,#3218,.T.);
#2133=EDGE_CURVE('',#2763,#2762,#181,.T.);
#2134=EDGE_CURVE('',#2764,#2763,#3219,.T.);
#2135=EDGE_CURVE('',#2749,#2764,#3220,.T.);
#2136=EDGE_CURVE('',#2734,#2753,#182,.F.);
#2137=EDGE_CURVE('',#2765,#2765,#183,.T.);
#2138=EDGE_CURVE('',#2766,#2766,#184,.T.);
#2139=EDGE_CURVE('',#2729,#2731,#185,.T.);
#2140=EDGE_CURVE('',#2730,#2732,#186,.T.);
#2141=EDGE_CURVE('',#2767,#2767,#187,.T.);
#2142=EDGE_CURVE('',#2768,#2768,#188,.T.);
#2143=EDGE_CURVE('',#2723,#2725,#189,.T.);
#2144=EDGE_CURVE('',#2724,#2726,#190,.T.);
#2145=EDGE_CURVE('',#2769,#2769,#191,.T.);
#2146=EDGE_CURVE('',#2718,#2717,#192,.T.);
#2147=EDGE_CURVE('',#2720,#2719,#193,.T.);
#2148=EDGE_CURVE('',#2770,#2770,#194,.T.);
#2149=EDGE_CURVE('',#2771,#2771,#195,.T.);
#2150=EDGE_CURVE('',#2712,#2711,#196,.T.);
#2151=EDGE_CURVE('',#2714,#2713,#197,.T.);
#2152=EDGE_CURVE('',#2772,#2772,#198,.T.);
#2153=EDGE_CURVE('',#2773,#2774,#3221,.T.);
#2154=EDGE_CURVE('',#2774,#2775,#3222,.T.);
#2155=EDGE_CURVE('',#2775,#2776,#3223,.T.);
#2156=EDGE_CURVE('',#2776,#2773,#3224,.T.);
#2157=EDGE_CURVE('',#2777,#2777,#199,.T.);
#2158=EDGE_CURVE('',#2778,#2779,#200,.T.);
#2159=EDGE_CURVE('',#2779,#2780,#3225,.T.);
#2160=EDGE_CURVE('',#2780,#2781,#201,.T.);
#2161=EDGE_CURVE('',#2781,#2782,#3226,.T.);
#2162=EDGE_CURVE('',#2782,#2783,#202,.T.);
#2163=EDGE_CURVE('',#2784,#2783,#3227,.T.);
#2164=EDGE_CURVE('',#2784,#2785,#203,.T.);
#2165=EDGE_CURVE('',#2778,#2785,#3228,.T.);
#2166=EDGE_CURVE('',#2786,#2787,#3229,.T.);
#2167=EDGE_CURVE('',#2788,#2786,#3230,.T.);
#2168=EDGE_CURVE('',#2788,#2789,#3231,.T.);
#2169=EDGE_CURVE('',#2789,#2787,#3232,.T.);
#2170=EDGE_CURVE('',#2790,#2791,#3233,.T.);
#2171=EDGE_CURVE('',#2791,#2792,#3234,.T.);
#2172=EDGE_CURVE('',#2793,#2792,#3235,.T.);
#2173=EDGE_CURVE('',#2790,#2793,#3236,.T.);
#2174=EDGE_CURVE('',#2794,#2795,#204,.T.);
#2175=EDGE_CURVE('',#2796,#2794,#3237,.T.);
#2176=EDGE_CURVE('',#2797,#2796,#205,.T.);
#2177=EDGE_CURVE('',#2798,#2797,#3238,.T.);
#2178=EDGE_CURVE('',#2799,#2798,#206,.T.);
#2179=EDGE_CURVE('',#2799,#2800,#3239,.T.);
#2180=EDGE_CURVE('',#2801,#2800,#207,.T.);
#2181=EDGE_CURVE('',#2801,#2795,#3240,.T.);
#2182=EDGE_CURVE('',#2750,#2802,#3241,.T.);
#2183=EDGE_CURVE('',#2802,#2803,#3242,.T.);
#2184=EDGE_CURVE('',#2803,#2804,#208,.T.);
#2185=EDGE_CURVE('',#2804,#2805,#3243,.T.);
#2186=EDGE_CURVE('',#2805,#2806,#209,.T.);
#2187=EDGE_CURVE('',#2807,#2806,#3244,.T.);
#2188=EDGE_CURVE('',#2807,#2707,#3245,.T.);
#2189=EDGE_CURVE('',#2808,#2699,#3246,.T.);
#2190=EDGE_CURVE('',#2808,#2809,#3247,.T.);
#2191=EDGE_CURVE('',#2809,#2700,#3248,.T.);
#2192=EDGE_CURVE('',#2810,#2702,#3249,.T.);
#2193=EDGE_CURVE('',#2810,#2808,#3250,.T.);
#2194=EDGE_CURVE('',#2811,#2701,#3251,.T.);
#2195=EDGE_CURVE('',#2811,#2810,#3252,.T.);
#2196=EDGE_CURVE('',#2794,#2609,#3253,.T.);
#2197=EDGE_CURVE('',#2795,#2610,#3254,.T.);
#2198=EDGE_CURVE('',#2796,#2616,#3255,.T.);
#2199=EDGE_CURVE('',#2797,#2615,#3256,.T.);
#2200=EDGE_CURVE('',#2798,#2614,#3257,.T.);
#2201=EDGE_CURVE('',#2799,#2613,#3258,.T.);
#2202=EDGE_CURVE('',#2800,#2612,#3259,.T.);
#2203=EDGE_CURVE('',#2801,#2611,#3260,.T.);
#2204=EDGE_CURVE('',#2791,#2605,#3261,.T.);
#2205=EDGE_CURVE('',#2790,#2607,#3262,.T.);
#2206=EDGE_CURVE('',#2792,#2606,#3263,.T.);
#2207=EDGE_CURVE('',#2793,#2608,#3264,.T.);
#2208=EDGE_CURVE('',#2786,#2641,#3265,.T.);
#2209=EDGE_CURVE('',#2787,#2642,#3266,.T.);
#2210=EDGE_CURVE('',#2788,#2644,#3267,.T.);
#2211=EDGE_CURVE('',#2789,#2643,#3268,.T.);
#2212=EDGE_CURVE('',#2779,#2633,#3269,.T.);
#2213=EDGE_CURVE('',#2778,#2635,#3270,.T.);
#2214=EDGE_CURVE('',#2780,#2634,#3271,.T.);
#2215=EDGE_CURVE('',#2781,#2640,#3272,.T.);
#2216=EDGE_CURVE('',#2782,#2639,#3273,.T.);
#2217=EDGE_CURVE('',#2783,#2638,#3274,.T.);
#2218=EDGE_CURVE('',#2784,#2637,#3275,.T.);
#2219=EDGE_CURVE('',#2785,#2636,#3276,.T.);
#2220=EDGE_CURVE('',#2809,#2811,#3277,.T.);
#2221=EDGE_CURVE('',#2812,#2812,#210,.T.);
#2222=EDGE_CURVE('',#2764,#2802,#3278,.T.);
#2223=EDGE_CURVE('',#2759,#2807,#3279,.T.);
#2224=EDGE_CURVE('',#2760,#2806,#3280,.T.);
#2225=EDGE_CURVE('',#2761,#2805,#3281,.T.);
#2226=EDGE_CURVE('',#2762,#2804,#3282,.T.);
#2227=EDGE_CURVE('',#2763,#2803,#3283,.T.);
#2228=EDGE_CURVE('',#2773,#2810,#3284,.T.);
#2229=EDGE_CURVE('',#2808,#2776,#3285,.T.);
#2230=EDGE_CURVE('',#2809,#2775,#3286,.F.);
#2231=EDGE_CURVE('',#2774,#2811,#3287,.T.);
#2232=EDGE_CURVE('',#2813,#2813,#211,.F.);
#2233=EDGE_CURVE('',#2814,#2814,#212,.T.);
#2234=EDGE_CURVE('',#2815,#2815,#213,.T.);
#2235=EDGE_CURVE('',#2816,#2816,#214,.T.);
#2236=EDGE_CURVE('',#2817,#2817,#215,.T.);
#2237=EDGE_CURVE('',#2818,#2819,#3288,.T.);
#2238=EDGE_CURVE('',#2820,#2818,#3289,.T.);
#2239=EDGE_CURVE('',#2820,#2821,#3290,.T.);
#2240=EDGE_CURVE('',#2821,#2819,#3291,.T.);
#2241=EDGE_CURVE('',#2822,#2818,#3292,.T.);
#2242=EDGE_CURVE('',#2823,#2822,#3293,.T.);
#2243=EDGE_CURVE('',#2823,#2820,#3294,.T.);
#2244=EDGE_CURVE('',#2822,#2824,#3295,.T.);
#2245=EDGE_CURVE('',#2825,#2824,#3296,.T.);
#2246=EDGE_CURVE('',#2823,#2825,#3297,.T.);
#2247=EDGE_CURVE('',#2826,#2824,#216,.T.);
#2248=EDGE_CURVE('',#2827,#2826,#3298,.T.);
#2249=EDGE_CURVE('',#2827,#2825,#217,.T.);
#2250=EDGE_CURVE('',#2828,#2826,#3299,.T.);
#2251=EDGE_CURVE('',#2829,#2828,#3300,.T.);
#2252=EDGE_CURVE('',#2829,#2827,#3301,.T.);
#2253=EDGE_CURVE('',#2830,#2831,#3302,.T.);
#2254=EDGE_CURVE('',#2832,#2830,#3303,.T.);
#2255=EDGE_CURVE('',#2832,#2833,#3304,.T.);
#2256=EDGE_CURVE('',#2833,#2831,#3305,.T.);
#2257=EDGE_CURVE('',#2830,#2834,#3306,.T.);
#2258=EDGE_CURVE('',#2835,#2834,#3307,.T.);
#2259=EDGE_CURVE('',#2832,#2835,#3308,.T.);
#2260=EDGE_CURVE('',#2836,#2834,#3309,.T.);
#2261=EDGE_CURVE('',#2837,#2836,#3310,.T.);
#2262=EDGE_CURVE('',#2837,#2835,#3311,.T.);
#2263=EDGE_CURVE('',#2838,#2836,#3312,.T.);
#2264=EDGE_CURVE('',#2839,#2838,#3313,.T.);
#2265=EDGE_CURVE('',#2839,#2837,#3314,.T.);
#2266=EDGE_CURVE('',#2840,#2838,#3315,.T.);
#2267=EDGE_CURVE('',#2841,#2840,#3316,.T.);
#2268=EDGE_CURVE('',#2841,#2839,#3317,.T.);
#2269=EDGE_CURVE('',#2840,#2842,#3318,.T.);
#2270=EDGE_CURVE('',#2843,#2842,#3319,.T.);
#2271=EDGE_CURVE('',#2841,#2843,#3320,.T.);
#2272=EDGE_CURVE('',#2842,#2844,#218,.T.);
#2273=EDGE_CURVE('',#2845,#2844,#3321,.T.);
#2274=EDGE_CURVE('',#2843,#2845,#219,.T.);
#2275=EDGE_CURVE('',#2844,#2846,#3322,.T.);
#2276=EDGE_CURVE('',#2847,#2846,#3323,.T.);
#2277=EDGE_CURVE('',#2845,#2847,#3324,.T.);
#2278=EDGE_CURVE('',#2846,#2848,#220,.T.);
#2279=EDGE_CURVE('',#2849,#2848,#3325,.T.);
#2280=EDGE_CURVE('',#2847,#2849,#221,.T.);
#2281=EDGE_CURVE('',#2831,#2848,#3326,.T.);
#2282=EDGE_CURVE('',#2833,#2849,#3327,.T.);
#2283=EDGE_CURVE('',#2819,#2828,#222,.T.);
#2284=EDGE_CURVE('',#2821,#2829,#223,.T.);
#2285=EDGE_CURVE('',#2850,#2851,#3328,.F.);
#2286=EDGE_CURVE('',#2852,#2851,#3329,.F.);
#2287=EDGE_CURVE('',#2853,#2852,#3330,.T.);
#2288=EDGE_CURVE('',#2853,#2850,#3331,.T.);
#2289=EDGE_CURVE('',#2854,#2855,#3332,.F.);
#2290=EDGE_CURVE('',#2856,#2854,#3333,.T.);
#2291=EDGE_CURVE('',#2856,#2857,#3334,.T.);
#2292=EDGE_CURVE('',#2857,#2855,#3335,.T.);
#2293=EDGE_CURVE('',#2858,#2858,#224,.T.);
#2294=EDGE_CURVE('',#2859,#2859,#225,.T.);
#2295=EDGE_CURVE('',#2860,#2860,#226,.T.);
#2296=EDGE_CURVE('',#2861,#2861,#227,.T.);
#2297=EDGE_CURVE('',#2862,#2863,#228,.T.);
#2298=EDGE_CURVE('',#2863,#2850,#3336,.T.);
#2299=EDGE_CURVE('',#2864,#2853,#229,.F.);
#2300=EDGE_CURVE('',#2864,#2865,#3337,.T.);
#2301=EDGE_CURVE('',#2866,#2865,#230,.F.);
#2302=EDGE_CURVE('',#2867,#2866,#3338,.F.);
#2303=EDGE_CURVE('',#2868,#2867,#231,.F.);
#2304=EDGE_CURVE('',#2869,#2868,#3339,.F.);
#2305=EDGE_CURVE('',#2856,#2869,#232,.F.);
#2306=EDGE_CURVE('',#2854,#2862,#3340,.T.);
#2307=EDGE_CURVE('',#2870,#2871,#233,.T.);
#2308=EDGE_CURVE('',#2872,#2871,#3341,.T.);
#2309=EDGE_CURVE('',#2872,#2873,#234,.T.);
#2310=EDGE_CURVE('',#2873,#2874,#3342,.T.);
#2311=EDGE_CURVE('',#2874,#2875,#235,.T.);
#2312=EDGE_CURVE('',#2875,#2876,#3343,.T.);
#2313=EDGE_CURVE('',#2876,#2877,#236,.T.);
#2314=EDGE_CURVE('',#2877,#2870,#3344,.T.);
#2315=EDGE_CURVE('',#2878,#2879,#3345,.T.);
#2316=EDGE_CURVE('',#2879,#2880,#3346,.T.);
#2317=EDGE_CURVE('',#2881,#2880,#3347,.T.);
#2318=EDGE_CURVE('',#2882,#2881,#3348,.T.);
#2319=EDGE_CURVE('',#2883,#2882,#3349,.T.);
#2320=EDGE_CURVE('',#2884,#2883,#3350,.T.);
#2321=EDGE_CURVE('',#2884,#2885,#3351,.T.);
#2322=EDGE_CURVE('',#2885,#2878,#3352,.T.);
#2323=EDGE_CURVE('',#2886,#2887,#3353,.T.);
#2324=EDGE_CURVE('',#2887,#2888,#3354,.T.);
#2325=EDGE_CURVE('',#2889,#2888,#3355,.T.);
#2326=EDGE_CURVE('',#2890,#2889,#3356,.T.);
#2327=EDGE_CURVE('',#2891,#2890,#3357,.T.);
#2328=EDGE_CURVE('',#2891,#2892,#3358,.T.);
#2329=EDGE_CURVE('',#2892,#2893,#3359,.T.);
#2330=EDGE_CURVE('',#2893,#2886,#3360,.T.);
#2331=EDGE_CURVE('',#2894,#2895,#3361,.T.);
#2332=EDGE_CURVE('',#2895,#2896,#3362,.T.);
#2333=EDGE_CURVE('',#2897,#2896,#3363,.T.);
#2334=EDGE_CURVE('',#2898,#2897,#3364,.T.);
#2335=EDGE_CURVE('',#2899,#2898,#3365,.T.);
#2336=EDGE_CURVE('',#2900,#2899,#3366,.T.);
#2337=EDGE_CURVE('',#2900,#2901,#3367,.T.);
#2338=EDGE_CURVE('',#2901,#2894,#3368,.T.);
#2339=EDGE_CURVE('',#2902,#2903,#3369,.T.);
#2340=EDGE_CURVE('',#2903,#2904,#3370,.T.);
#2341=EDGE_CURVE('',#2905,#2904,#3371,.T.);
#2342=EDGE_CURVE('',#2906,#2905,#3372,.T.);
#2343=EDGE_CURVE('',#2907,#2906,#3373,.T.);
#2344=EDGE_CURVE('',#2908,#2907,#3374,.T.);
#2345=EDGE_CURVE('',#2908,#2909,#3375,.T.);
#2346=EDGE_CURVE('',#2909,#2902,#3376,.T.);
#2347=EDGE_CURVE('',#2882,#2909,#237,.F.);
#2348=EDGE_CURVE('',#2908,#2883,#238,.T.);
#2349=EDGE_CURVE('',#2890,#2885,#239,.F.);
#2350=EDGE_CURVE('',#2884,#2891,#240,.T.);
#2351=EDGE_CURVE('',#2898,#2893,#241,.F.);
#2352=EDGE_CURVE('',#2892,#2899,#242,.T.);
#2353=EDGE_CURVE('',#2906,#2901,#243,.F.);
#2354=EDGE_CURVE('',#2900,#2907,#244,.T.);
#2355=EDGE_CURVE('',#2910,#2911,#3377,.T.);
#2356=EDGE_CURVE('',#2911,#2912,#3378,.T.);
#2357=EDGE_CURVE('',#2912,#2913,#3379,.T.);
#2358=EDGE_CURVE('',#2913,#2914,#3380,.T.);
#2359=EDGE_CURVE('',#2914,#2915,#3381,.T.);
#2360=EDGE_CURVE('',#2915,#2916,#3382,.T.);
#2361=EDGE_CURVE('',#2916,#2917,#3383,.T.);
#2362=EDGE_CURVE('',#2917,#2918,#3384,.T.);
#2363=EDGE_CURVE('',#2918,#2919,#3385,.T.);
#2364=EDGE_CURVE('',#2919,#2920,#3386,.T.);
#2365=EDGE_CURVE('',#2920,#2921,#3387,.T.);
#2366=EDGE_CURVE('',#2921,#2922,#3388,.T.);
#2367=EDGE_CURVE('',#2922,#2923,#3389,.T.);
#2368=EDGE_CURVE('',#2923,#2924,#3390,.T.);
#2369=EDGE_CURVE('',#2924,#2925,#3391,.T.);
#2370=EDGE_CURVE('',#2925,#2910,#3392,.T.);
#2371=EDGE_CURVE('',#2926,#2927,#3393,.F.);
#2372=EDGE_CURVE('',#2928,#2927,#245,.T.);
#2373=EDGE_CURVE('',#2929,#2928,#3394,.T.);
#2374=EDGE_CURVE('',#2930,#2929,#246,.T.);
#2375=EDGE_CURVE('',#2931,#2930,#3395,.T.);
#2376=EDGE_CURVE('',#2932,#2931,#247,.T.);
#2377=EDGE_CURVE('',#2932,#2933,#3396,.F.);
#2378=EDGE_CURVE('',#2926,#2933,#248,.T.);
#2379=EDGE_CURVE('',#2934,#2928,#3397,.F.);
#2380=EDGE_CURVE('',#2934,#2935,#3398,.T.);
#2381=EDGE_CURVE('',#2935,#2929,#3399,.T.);
#2382=EDGE_CURVE('',#2852,#2930,#3400,.F.);
#2383=EDGE_CURVE('',#2851,#2936,#3401,.T.);
#2384=EDGE_CURVE('',#2936,#2937,#19,.T.);
#2385=EDGE_CURVE('',#2937,#2855,#3402,.T.);
#2386=EDGE_CURVE('',#2857,#2931,#3403,.T.);
#2387=EDGE_CURVE('',#2938,#2932,#3404,.F.);
#2388=EDGE_CURVE('',#2938,#2939,#3405,.T.);
#2389=EDGE_CURVE('',#2939,#2933,#3406,.T.);
#2390=EDGE_CURVE('',#2940,#2941,#60,.F.);
#2391=EDGE_CURVE('',#2942,#2941,#20,.T.);
#2392=EDGE_CURVE('',#2942,#2943,#61,.F.);
#2393=EDGE_CURVE('',#2940,#2943,#21,.T.);
#2394=EDGE_CURVE('',#2938,#2857,#249,.F.);
#2395=EDGE_CURVE('',#2944,#2926,#3407,.F.);
#2396=EDGE_CURVE('',#2944,#2945,#3408,.T.);
#2397=EDGE_CURVE('',#2945,#2927,#3409,.T.);
#2398=EDGE_CURVE('',#2946,#2947,#62,.F.);
#2399=EDGE_CURVE('',#2948,#2947,#22,.T.);
#2400=EDGE_CURVE('',#2948,#2949,#63,.F.);
#2401=EDGE_CURVE('',#2946,#2949,#23,.T.);
#2402=EDGE_CURVE('',#2944,#2939,#250,.F.);
#2403=EDGE_CURVE('',#2950,#2951,#24,.T.);
#2404=EDGE_CURVE('',#2952,#2951,#64,.T.);
#2405=EDGE_CURVE('',#2952,#2953,#25,.T.);
#2406=EDGE_CURVE('',#2950,#2953,#65,.T.);
#2407=EDGE_CURVE('',#2945,#2934,#251,.T.);
#2408=EDGE_CURVE('',#2954,#2955,#26,.T.);
#2409=EDGE_CURVE('',#2956,#2955,#66,.T.);
#2410=EDGE_CURVE('',#2956,#2957,#27,.T.);
#2411=EDGE_CURVE('',#2954,#2957,#67,.T.);
#2412=EDGE_CURVE('',#2935,#2852,#252,.T.);
#2413=EDGE_CURVE('',#2958,#2959,#253,.T.);
#2414=EDGE_CURVE('',#2960,#2958,#3410,.T.);
#2415=EDGE_CURVE('',#2961,#2960,#254,.T.);
#2416=EDGE_CURVE('',#2962,#2961,#3411,.T.);
#2417=EDGE_CURVE('',#2963,#2962,#255,.T.);
#2418=EDGE_CURVE('',#2964,#2963,#3412,.T.);
#2419=EDGE_CURVE('',#2965,#2964,#256,.T.);
#2420=EDGE_CURVE('',#2965,#2959,#3413,.T.);
#2421=EDGE_CURVE('',#2868,#2939,#3414,.T.);
#2422=EDGE_CURVE('',#2869,#2938,#3415,.F.);
#2423=EDGE_CURVE('',#2864,#2935,#3416,.T.);
#2424=EDGE_CURVE('',#2865,#2934,#3417,.F.);
#2425=EDGE_CURVE('',#2866,#2945,#3418,.T.);
#2426=EDGE_CURVE('',#2867,#2944,#3419,.F.);
#2427=EDGE_CURVE('',#2863,#2936,#28,.T.);
#2428=EDGE_CURVE('',#2862,#2937,#29,.T.);
#2429=EDGE_CURVE('',#2954,#2955,#257,.T.);
#2430=EDGE_CURVE('',#2957,#2956,#258,.T.);
#2431=EDGE_CURVE('',#2966,#2966,#259,.T.);
#2432=EDGE_CURVE('',#2950,#2951,#260,.T.);
#2433=EDGE_CURVE('',#2953,#2952,#261,.T.);
#2434=EDGE_CURVE('',#2967,#2967,#262,.T.);
#2435=EDGE_CURVE('',#2949,#2946,#263,.T.);
#2436=EDGE_CURVE('',#2948,#2947,#264,.T.);
#2437=EDGE_CURVE('',#2968,#2968,#265,.T.);
#2438=EDGE_CURVE('',#2943,#2940,#266,.T.);
#2439=EDGE_CURVE('',#2942,#2941,#267,.T.);
#2440=EDGE_CURVE('',#2969,#2969,#268,.T.);
#2441=EDGE_CURVE('',#2880,#2970,#3420,.T.);
#2442=EDGE_CURVE('',#2971,#2970,#3421,.T.);
#2443=EDGE_CURVE('',#2881,#2971,#3422,.T.);
#2444=EDGE_CURVE('',#2970,#2972,#3423,.T.);
#2445=EDGE_CURVE('',#2973,#2972,#3424,.T.);
#2446=EDGE_CURVE('',#2971,#2973,#3425,.T.);
#2447=EDGE_CURVE('',#2972,#2903,#3426,.T.);
#2448=EDGE_CURVE('',#2902,#2973,#3427,.T.);
#2449=EDGE_CURVE('',#2974,#2974,#269,.T.);
#2450=EDGE_CURVE('',#2904,#2975,#3428,.T.);
#2451=EDGE_CURVE('',#2976,#2975,#3429,.T.);
#2452=EDGE_CURVE('',#2905,#2976,#3430,.T.);
#2453=EDGE_CURVE('',#2975,#2977,#3431,.T.);
#2454=EDGE_CURVE('',#2978,#2977,#3432,.T.);
#2455=EDGE_CURVE('',#2978,#2976,#3433,.T.);
#2456=EDGE_CURVE('',#2977,#2895,#3434,.T.);
#2457=EDGE_CURVE('',#2894,#2978,#3435,.T.);
#2458=EDGE_CURVE('',#2979,#2979,#270,.T.);
#2459=EDGE_CURVE('',#2896,#2980,#3436,.T.);
#2460=EDGE_CURVE('',#2981,#2980,#3437,.T.);
#2461=EDGE_CURVE('',#2897,#2981,#3438,.T.);
#2462=EDGE_CURVE('',#2980,#2982,#3439,.T.);
#2463=EDGE_CURVE('',#2983,#2982,#3440,.T.);
#2464=EDGE_CURVE('',#2981,#2983,#3441,.T.);
#2465=EDGE_CURVE('',#2982,#2887,#3442,.T.);
#2466=EDGE_CURVE('',#2886,#2983,#3443,.T.);
#2467=EDGE_CURVE('',#2984,#2984,#271,.T.);
#2468=EDGE_CURVE('',#2888,#2985,#3444,.T.);
#2469=EDGE_CURVE('',#2986,#2985,#3445,.T.);
#2470=EDGE_CURVE('',#2889,#2986,#3446,.T.);
#2471=EDGE_CURVE('',#2985,#2987,#3447,.T.);
#2472=EDGE_CURVE('',#2988,#2987,#3448,.T.);
#2473=EDGE_CURVE('',#2988,#2986,#3449,.T.);
#2474=EDGE_CURVE('',#2987,#2879,#3450,.T.);
#2475=EDGE_CURVE('',#2878,#2988,#3451,.T.);
#2476=EDGE_CURVE('',#2989,#2989,#272,.T.);
#2477=EDGE_CURVE('',#2920,#2895,#3452,.T.);
#2478=EDGE_CURVE('',#2896,#2919,#3453,.T.);
#2479=EDGE_CURVE('',#2980,#2918,#3454,.T.);
#2480=EDGE_CURVE('',#2921,#2977,#3455,.F.);
#2481=EDGE_CURVE('',#2982,#2917,#3456,.F.);
#2482=EDGE_CURVE('',#2922,#2975,#3457,.T.);
#2483=EDGE_CURVE('',#2887,#2916,#3458,.T.);
#2484=EDGE_CURVE('',#2923,#2904,#3459,.F.);
#2485=EDGE_CURVE('',#2888,#2915,#3460,.F.);
#2486=EDGE_CURVE('',#2924,#2903,#3461,.T.);
#2487=EDGE_CURVE('',#2985,#2914,#3462,.F.);
#2488=EDGE_CURVE('',#2925,#2972,#3463,.T.);
#2489=EDGE_CURVE('',#2987,#2913,#3464,.T.);
#2490=EDGE_CURVE('',#2910,#2970,#3465,.F.);
#2491=EDGE_CURVE('',#2879,#2912,#3466,.T.);
#2492=EDGE_CURVE('',#2911,#2880,#3467,.F.);
#2493=EDGE_CURVE('',#2990,#2990,#273,.T.);
#2494=EDGE_CURVE('',#2991,#2991,#274,.T.);
#2495=EDGE_CURVE('',#2992,#2992,#275,.T.);
#2496=EDGE_CURVE('',#2993,#2993,#276,.T.);
#2497=EDGE_CURVE('',#2994,#2958,#3468,.T.);
#2498=EDGE_CURVE('',#2995,#2994,#3469,.T.);
#2499=EDGE_CURVE('',#2995,#2960,#3470,.T.);
#2500=EDGE_CURVE('',#2996,#2959,#3471,.T.);
#2501=EDGE_CURVE('',#2994,#2996,#277,.T.);
#2502=EDGE_CURVE('',#2997,#2965,#3472,.T.);
#2503=EDGE_CURVE('',#2997,#2996,#3473,.T.);
#2504=EDGE_CURVE('',#2998,#2964,#3474,.T.);
#2505=EDGE_CURVE('',#2997,#2998,#278,.T.);
#2506=EDGE_CURVE('',#2999,#2963,#3475,.T.);
#2507=EDGE_CURVE('',#2998,#2999,#3476,.T.);
#2508=EDGE_CURVE('',#3000,#2962,#3477,.T.);
#2509=EDGE_CURVE('',#2999,#3000,#279,.T.);
#2510=EDGE_CURVE('',#3001,#2961,#3478,.T.);
#2511=EDGE_CURVE('',#3000,#3001,#3479,.T.);
#2512=EDGE_CURVE('',#3002,#2870,#3480,.T.);
#2513=EDGE_CURVE('',#3002,#3003,#280,.T.);
#2514=EDGE_CURVE('',#3003,#2871,#3481,.T.);
#2515=EDGE_CURVE('',#3004,#2877,#3482,.T.);
#2516=EDGE_CURVE('',#3004,#3002,#3483,.T.);
#2517=EDGE_CURVE('',#3005,#2876,#3484,.T.);
#2518=EDGE_CURVE('',#3005,#3004,#281,.T.);
#2519=EDGE_CURVE('',#3006,#2875,#3485,.T.);
#2520=EDGE_CURVE('',#3006,#3005,#3486,.T.);
#2521=EDGE_CURVE('',#3007,#2874,#3487,.T.);
#2522=EDGE_CURVE('',#3007,#3006,#282,.T.);
#2523=EDGE_CURVE('',#3008,#2873,#3488,.T.);
#2524=EDGE_CURVE('',#3008,#3007,#3489,.T.);
#2525=EDGE_CURVE('',#3009,#2872,#3490,.T.);
#2526=EDGE_CURVE('',#3009,#3008,#283,.T.);
#2527=EDGE_CURVE('',#3009,#3003,#3491,.T.);
#2528=EDGE_CURVE('',#3001,#2995,#284,.T.);
#2529=VERTEX_POINT('',#7364);
#2530=VERTEX_POINT('',#7365);
#2531=VERTEX_POINT('',#7367);
#2532=VERTEX_POINT('',#7369);
#2533=VERTEX_POINT('',#7373);
#2534=VERTEX_POINT('',#7375);
#2535=VERTEX_POINT('',#7379);
#2536=VERTEX_POINT('',#7381);
#2537=VERTEX_POINT('',#7385);
#2538=VERTEX_POINT('',#7387);
#2539=VERTEX_POINT('',#7391);
#2540=VERTEX_POINT('',#7393);
#2541=VERTEX_POINT('',#7397);
#2542=VERTEX_POINT('',#7399);
#2543=VERTEX_POINT('',#7403);
#2544=VERTEX_POINT('',#7405);
#2545=VERTEX_POINT('',#7409);
#2546=VERTEX_POINT('',#7410);
#2547=VERTEX_POINT('',#7412);
#2548=VERTEX_POINT('',#7414);
#2549=VERTEX_POINT('',#7418);
#2550=VERTEX_POINT('',#7420);
#2551=VERTEX_POINT('',#7424);
#2552=VERTEX_POINT('',#7426);
#2553=VERTEX_POINT('',#7430);
#2554=VERTEX_POINT('',#7432);
#2555=VERTEX_POINT('',#7436);
#2556=VERTEX_POINT('',#7438);
#2557=VERTEX_POINT('',#7442);
#2558=VERTEX_POINT('',#7444);
#2559=VERTEX_POINT('',#7448);
#2560=VERTEX_POINT('',#7450);
#2561=VERTEX_POINT('',#7461);
#2562=VERTEX_POINT('',#7463);
#2563=VERTEX_POINT('',#7465);
#2564=VERTEX_POINT('',#7467);
#2565=VERTEX_POINT('',#7469);
#2566=VERTEX_POINT('',#7470);
#2567=VERTEX_POINT('',#7472);
#2568=VERTEX_POINT('',#7474);
#2569=VERTEX_POINT('',#7478);
#2570=VERTEX_POINT('',#7480);
#2571=VERTEX_POINT('',#7484);
#2572=VERTEX_POINT('',#7488);
#2573=VERTEX_POINT('',#7492);
#2574=VERTEX_POINT('',#7493);
#2575=VERTEX_POINT('',#7495);
#2576=VERTEX_POINT('',#7497);
#2577=VERTEX_POINT('',#7501);
#2578=VERTEX_POINT('',#7502);
#2579=VERTEX_POINT('',#7507);
#2580=VERTEX_POINT('',#7508);
#2581=VERTEX_POINT('',#7513);
#2582=VERTEX_POINT('',#7514);
#2583=VERTEX_POINT('',#7519);
#2584=VERTEX_POINT('',#7520);
#2585=VERTEX_POINT('',#7525);
#2586=VERTEX_POINT('',#7526);
#2587=VERTEX_POINT('',#7531);
#2588=VERTEX_POINT('',#7532);
#2589=VERTEX_POINT('',#7542);
#2590=VERTEX_POINT('',#7544);
#2591=VERTEX_POINT('',#7547);
#2592=VERTEX_POINT('',#7549);
#2593=VERTEX_POINT('',#7552);
#2594=VERTEX_POINT('',#7554);
#2595=VERTEX_POINT('',#7557);
#2596=VERTEX_POINT('',#7559);
#2597=VERTEX_POINT('',#7564);
#2598=VERTEX_POINT('',#7565);
#2599=VERTEX_POINT('',#7567);
#2600=VERTEX_POINT('',#7569);
#2601=VERTEX_POINT('',#7694);
#2602=VERTEX_POINT('',#7695);
#2603=VERTEX_POINT('',#7697);
#2604=VERTEX_POINT('',#7699);
#2605=VERTEX_POINT('',#7702);
#2606=VERTEX_POINT('',#7703);
#2607=VERTEX_POINT('',#7705);
#2608=VERTEX_POINT('',#7707);
#2609=VERTEX_POINT('',#7711);
#2610=VERTEX_POINT('',#7712);
#2611=VERTEX_POINT('',#7714);
#2612=VERTEX_POINT('',#7716);
#2613=VERTEX_POINT('',#7718);
#2614=VERTEX_POINT('',#7720);
#2615=VERTEX_POINT('',#7722);
#2616=VERTEX_POINT('',#7724);
#2617=VERTEX_POINT('',#7727);
#2618=VERTEX_POINT('',#7728);
#2619=VERTEX_POINT('',#7730);
#2620=VERTEX_POINT('',#7732);
#2621=VERTEX_POINT('',#7734);
#2622=VERTEX_POINT('',#7736);
#2623=VERTEX_POINT('',#7738);
#2624=VERTEX_POINT('',#7740);
#2625=VERTEX_POINT('',#7744);
#2626=VERTEX_POINT('',#7745);
#2627=VERTEX_POINT('',#7747);
#2628=VERTEX_POINT('',#7749);
#2629=VERTEX_POINT('',#7751);
#2630=VERTEX_POINT('',#7753);
#2631=VERTEX_POINT('',#7755);
#2632=VERTEX_POINT('',#7757);
#2633=VERTEX_POINT('',#7760);
#2634=VERTEX_POINT('',#7761);
#2635=VERTEX_POINT('',#7763);
#2636=VERTEX_POINT('',#7765);
#2637=VERTEX_POINT('',#7767);
#2638=VERTEX_POINT('',#7769);
#2639=VERTEX_POINT('',#7771);
#2640=VERTEX_POINT('',#7773);
#2641=VERTEX_POINT('',#7777);
#2642=VERTEX_POINT('',#7778);
#2643=VERTEX_POINT('',#7780);
#2644=VERTEX_POINT('',#7782);
#2645=VERTEX_POINT('',#7785);
#2646=VERTEX_POINT('',#7786);
#2647=VERTEX_POINT('',#7788);
#2648=VERTEX_POINT('',#7790);
#2649=VERTEX_POINT('',#7794);
#2650=VERTEX_POINT('',#7795);
#2651=VERTEX_POINT('',#7800);
#2652=VERTEX_POINT('',#7804);
#2653=VERTEX_POINT('',#7808);
#2654=VERTEX_POINT('',#7812);
#2655=VERTEX_POINT('',#7816);
#2656=VERTEX_POINT('',#7820);
#2657=VERTEX_POINT('',#7824);
#2658=VERTEX_POINT('',#7825);
#2659=VERTEX_POINT('',#7830);
#2660=VERTEX_POINT('',#7834);
#2661=VERTEX_POINT('',#7838);
#2662=VERTEX_POINT('',#7839);
#2663=VERTEX_POINT('',#7844);
#2664=VERTEX_POINT('',#7848);
#2665=VERTEX_POINT('',#7852);
#2666=VERTEX_POINT('',#7853);
#2667=VERTEX_POINT('',#7858);
#2668=VERTEX_POINT('',#7862);
#2669=VERTEX_POINT('',#7866);
#2670=VERTEX_POINT('',#7870);
#2671=VERTEX_POINT('',#7874);
#2672=VERTEX_POINT('',#7878);
#2673=VERTEX_POINT('',#7882);
#2674=VERTEX_POINT('',#7883);
#2675=VERTEX_POINT('',#7885);
#2676=VERTEX_POINT('',#7887);
#2677=VERTEX_POINT('',#7891);
#2678=VERTEX_POINT('',#7893);
#2679=VERTEX_POINT('',#7897);
#2680=VERTEX_POINT('',#7899);
#2681=VERTEX_POINT('',#7903);
#2682=VERTEX_POINT('',#7904);
#2683=VERTEX_POINT('',#7906);
#2684=VERTEX_POINT('',#7908);
#2685=VERTEX_POINT('',#7912);
#2686=VERTEX_POINT('',#7914);
#2687=VERTEX_POINT('',#7918);
#2688=VERTEX_POINT('',#7920);
#2689=VERTEX_POINT('',#7924);
#2690=VERTEX_POINT('',#7926);
#2691=VERTEX_POINT('',#7930);
#2692=VERTEX_POINT('',#7932);
#2693=VERTEX_POINT('',#7936);
#2694=VERTEX_POINT('',#7938);
#2695=VERTEX_POINT('',#7942);
#2696=VERTEX_POINT('',#7944);
#2697=VERTEX_POINT('',#7948);
#2698=VERTEX_POINT('',#7950);
#2699=VERTEX_POINT('',#7968);
#2700=VERTEX_POINT('',#7969);
#2701=VERTEX_POINT('',#7971);
#2702=VERTEX_POINT('',#7973);
#2703=VERTEX_POINT('',#7977);
#2704=VERTEX_POINT('',#7978);
#2705=VERTEX_POINT('',#7980);
#2706=VERTEX_POINT('',#7982);
#2707=VERTEX_POINT('',#7986);
#2708=VERTEX_POINT('',#7988);
#2709=VERTEX_POINT('',#7992);
#2710=VERTEX_POINT('',#7994);
#2711=VERTEX_POINT('',#8005);
#2712=VERTEX_POINT('',#8006);
#2713=VERTEX_POINT('',#8008);
#2714=VERTEX_POINT('',#8013);
#2715=VERTEX_POINT('',#8017);
#2716=VERTEX_POINT('',#8019);
#2717=VERTEX_POINT('',#8030);
#2718=VERTEX_POINT('',#8031);
#2719=VERTEX_POINT('',#8033);
#2720=VERTEX_POINT('',#8038);
#2721=VERTEX_POINT('',#8042);
#2722=VERTEX_POINT('',#8044);
#2723=VERTEX_POINT('',#8047);
#2724=VERTEX_POINT('',#8048);
#2725=VERTEX_POINT('',#8058);
#2726=VERTEX_POINT('',#8060);
#2727=VERTEX_POINT('',#8067);
#2728=VERTEX_POINT('',#8069);
#2729=VERTEX_POINT('',#8072);
#2730=VERTEX_POINT('',#8073);
#2731=VERTEX_POINT('',#8083);
#2732=VERTEX_POINT('',#8085);
#2733=VERTEX_POINT('',#8092);
#2734=VERTEX_POINT('',#8093);
#2735=VERTEX_POINT('',#8095);
#2736=VERTEX_POINT('',#8097);
#2737=VERTEX_POINT('',#8101);
#2738=VERTEX_POINT('',#8103);
#2739=VERTEX_POINT('',#8105);
#2740=VERTEX_POINT('',#8107);
#2741=VERTEX_POINT('',#8109);
#2742=VERTEX_POINT('',#8111);
#2743=VERTEX_POINT('',#8113);
#2744=VERTEX_POINT('',#8115);
#2745=VERTEX_POINT('',#8117);
#2746=VERTEX_POINT('',#8119);
#2747=VERTEX_POINT('',#8121);
#2748=VERTEX_POINT('',#8123);
#2749=VERTEX_POINT('',#8131);
#2750=VERTEX_POINT('',#8132);
#2751=VERTEX_POINT('',#8141);
#2752=VERTEX_POINT('',#8143);
#2753=VERTEX_POINT('',#8147);
#2754=VERTEX_POINT('',#8151);
#2755=VERTEX_POINT('',#8155);
#2756=VERTEX_POINT('',#8159);
#2757=VERTEX_POINT('',#8163);
#2758=VERTEX_POINT('',#8167);
#2759=VERTEX_POINT('',#8173);
#2760=VERTEX_POINT('',#8175);
#2761=VERTEX_POINT('',#8177);
#2762=VERTEX_POINT('',#8179);
#2763=VERTEX_POINT('',#8181);
#2764=VERTEX_POINT('',#8183);
#2765=VERTEX_POINT('',#8189);
#2766=VERTEX_POINT('',#8192);
#2767=VERTEX_POINT('',#8200);
#2768=VERTEX_POINT('',#8203);
#2769=VERTEX_POINT('',#8211);
#2770=VERTEX_POINT('',#8218);
#2771=VERTEX_POINT('',#8222);
#2772=VERTEX_POINT('',#8229);
#2773=VERTEX_POINT('',#8233);
#2774=VERTEX_POINT('',#8234);
#2775=VERTEX_POINT('',#8236);
#2776=VERTEX_POINT('',#8238);
#2777=VERTEX_POINT('',#8241);
#2778=VERTEX_POINT('',#8243);
#2779=VERTEX_POINT('',#8244);
#2780=VERTEX_POINT('',#8246);
#2781=VERTEX_POINT('',#8248);
#2782=VERTEX_POINT('',#8250);
#2783=VERTEX_POINT('',#8252);
#2784=VERTEX_POINT('',#8254);
#2785=VERTEX_POINT('',#8256);
#2786=VERTEX_POINT('',#8259);
#2787=VERTEX_POINT('',#8260);
#2788=VERTEX_POINT('',#8262);
#2789=VERTEX_POINT('',#8264);
#2790=VERTEX_POINT('',#8267);
#2791=VERTEX_POINT('',#8268);
#2792=VERTEX_POINT('',#8270);
#2793=VERTEX_POINT('',#8272);
#2794=VERTEX_POINT('',#8275);
#2795=VERTEX_POINT('',#8276);
#2796=VERTEX_POINT('',#8278);
#2797=VERTEX_POINT('',#8280);
#2798=VERTEX_POINT('',#8282);
#2799=VERTEX_POINT('',#8284);
#2800=VERTEX_POINT('',#8286);
#2801=VERTEX_POINT('',#8288);
#2802=VERTEX_POINT('',#8291);
#2803=VERTEX_POINT('',#8293);
#2804=VERTEX_POINT('',#8295);
#2805=VERTEX_POINT('',#8297);
#2806=VERTEX_POINT('',#8299);
#2807=VERTEX_POINT('',#8301);
#2808=VERTEX_POINT('',#8305);
#2809=VERTEX_POINT('',#8307);
#2810=VERTEX_POINT('',#8311);
#2811=VERTEX_POINT('',#8315);
#2812=VERTEX_POINT('',#8369);
#2813=VERTEX_POINT('',#8395);
#2814=VERTEX_POINT('',#8397);
#2815=VERTEX_POINT('',#8400);
#2816=VERTEX_POINT('',#8404);
#2817=VERTEX_POINT('',#8406);
#2818=VERTEX_POINT('',#8412);
#2819=VERTEX_POINT('',#8413);
#2820=VERTEX_POINT('',#8415);
#2821=VERTEX_POINT('',#8417);
#2822=VERTEX_POINT('',#8421);
#2823=VERTEX_POINT('',#8423);
#2824=VERTEX_POINT('',#8427);
#2825=VERTEX_POINT('',#8429);
#2826=VERTEX_POINT('',#8433);
#2827=VERTEX_POINT('',#8435);
#2828=VERTEX_POINT('',#8439);
#2829=VERTEX_POINT('',#8441);
#2830=VERTEX_POINT('',#8445);
#2831=VERTEX_POINT('',#8446);
#2832=VERTEX_POINT('',#8448);
#2833=VERTEX_POINT('',#8450);
#2834=VERTEX_POINT('',#8454);
#2835=VERTEX_POINT('',#8456);
#2836=VERTEX_POINT('',#8460);
#2837=VERTEX_POINT('',#8462);
#2838=VERTEX_POINT('',#8466);
#2839=VERTEX_POINT('',#8468);
#2840=VERTEX_POINT('',#8472);
#2841=VERTEX_POINT('',#8474);
#2842=VERTEX_POINT('',#8478);
#2843=VERTEX_POINT('',#8480);
#2844=VERTEX_POINT('',#8484);
#2845=VERTEX_POINT('',#8486);
#2846=VERTEX_POINT('',#8490);
#2847=VERTEX_POINT('',#8492);
#2848=VERTEX_POINT('',#8496);
#2849=VERTEX_POINT('',#8498);
#2850=VERTEX_POINT('',#8511);
#2851=VERTEX_POINT('',#8512);
#2852=VERTEX_POINT('',#8514);
#2853=VERTEX_POINT('',#8516);
#2854=VERTEX_POINT('',#8520);
#2855=VERTEX_POINT('',#8521);
#2856=VERTEX_POINT('',#8523);
#2857=VERTEX_POINT('',#8525);
#2858=VERTEX_POINT('',#8529);
#2859=VERTEX_POINT('',#8531);
#2860=VERTEX_POINT('',#8533);
#2861=VERTEX_POINT('',#8535);
#2862=VERTEX_POINT('',#8537);
#2863=VERTEX_POINT('',#8538);
#2864=VERTEX_POINT('',#8541);
#2865=VERTEX_POINT('',#8543);
#2866=VERTEX_POINT('',#8545);
#2867=VERTEX_POINT('',#8547);
#2868=VERTEX_POINT('',#8549);
#2869=VERTEX_POINT('',#8551);
#2870=VERTEX_POINT('',#8555);
#2871=VERTEX_POINT('',#8556);
#2872=VERTEX_POINT('',#8558);
#2873=VERTEX_POINT('',#8560);
#2874=VERTEX_POINT('',#8562);
#2875=VERTEX_POINT('',#8564);
#2876=VERTEX_POINT('',#8566);
#2877=VERTEX_POINT('',#8568);
#2878=VERTEX_POINT('',#8572);
#2879=VERTEX_POINT('',#8573);
#2880=VERTEX_POINT('',#8575);
#2881=VERTEX_POINT('',#8577);
#2882=VERTEX_POINT('',#8579);
#2883=VERTEX_POINT('',#8581);
#2884=VERTEX_POINT('',#8583);
#2885=VERTEX_POINT('',#8585);
#2886=VERTEX_POINT('',#8589);
#2887=VERTEX_POINT('',#8590);
#2888=VERTEX_POINT('',#8592);
#2889=VERTEX_POINT('',#8594);
#2890=VERTEX_POINT('',#8596);
#2891=VERTEX_POINT('',#8598);
#2892=VERTEX_POINT('',#8600);
#2893=VERTEX_POINT('',#8602);
#2894=VERTEX_POINT('',#8606);
#2895=VERTEX_POINT('',#8607);
#2896=VERTEX_POINT('',#8609);
#2897=VERTEX_POINT('',#8611);
#2898=VERTEX_POINT('',#8613);
#2899=VERTEX_POINT('',#8615);
#2900=VERTEX_POINT('',#8617);
#2901=VERTEX_POINT('',#8619);
#2902=VERTEX_POINT('',#8623);
#2903=VERTEX_POINT('',#8624);
#2904=VERTEX_POINT('',#8626);
#2905=VERTEX_POINT('',#8628);
#2906=VERTEX_POINT('',#8630);
#2907=VERTEX_POINT('',#8632);
#2908=VERTEX_POINT('',#8634);
#2909=VERTEX_POINT('',#8636);
#2910=VERTEX_POINT('',#8652);
#2911=VERTEX_POINT('',#8653);
#2912=VERTEX_POINT('',#8655);
#2913=VERTEX_POINT('',#8657);
#2914=VERTEX_POINT('',#8659);
#2915=VERTEX_POINT('',#8661);
#2916=VERTEX_POINT('',#8663);
#2917=VERTEX_POINT('',#8665);
#2918=VERTEX_POINT('',#8667);
#2919=VERTEX_POINT('',#8669);
#2920=VERTEX_POINT('',#8671);
#2921=VERTEX_POINT('',#8673);
#2922=VERTEX_POINT('',#8675);
#2923=VERTEX_POINT('',#8677);
#2924=VERTEX_POINT('',#8679);
#2925=VERTEX_POINT('',#8681);
#2926=VERTEX_POINT('',#8684);
#2927=VERTEX_POINT('',#8685);
#2928=VERTEX_POINT('',#8687);
#2929=VERTEX_POINT('',#8689);
#2930=VERTEX_POINT('',#8691);
#2931=VERTEX_POINT('',#8693);
#2932=VERTEX_POINT('',#8695);
#2933=VERTEX_POINT('',#8697);
#2934=VERTEX_POINT('',#8701);
#2935=VERTEX_POINT('',#8703);
#2936=VERTEX_POINT('',#8708);
#2937=VERTEX_POINT('',#8718);
#2938=VERTEX_POINT('',#8723);
#2939=VERTEX_POINT('',#8725);
#2940=VERTEX_POINT('',#8729);
#2941=VERTEX_POINT('',#8730);
#2942=VERTEX_POINT('',#8738);
#2943=VERTEX_POINT('',#8740);
#2944=VERTEX_POINT('',#8751);
#2945=VERTEX_POINT('',#8753);
#2946=VERTEX_POINT('',#8757);
#2947=VERTEX_POINT('',#8758);
#2948=VERTEX_POINT('',#8766);
#2949=VERTEX_POINT('',#8768);
#2950=VERTEX_POINT('',#8785);
#2951=VERTEX_POINT('',#8786);
#2952=VERTEX_POINT('',#8788);
#2953=VERTEX_POINT('',#8796);
#2954=VERTEX_POINT('',#8807);
#2955=VERTEX_POINT('',#8808);
#2956=VERTEX_POINT('',#8810);
#2957=VERTEX_POINT('',#8818);
#2958=VERTEX_POINT('',#8823);
#2959=VERTEX_POINT('',#8824);
#2960=VERTEX_POINT('',#8826);
#2961=VERTEX_POINT('',#8828);
#2962=VERTEX_POINT('',#8830);
#2963=VERTEX_POINT('',#8832);
#2964=VERTEX_POINT('',#8834);
#2965=VERTEX_POINT('',#8836);
#2966=VERTEX_POINT('',#8868);
#2967=VERTEX_POINT('',#8876);
#2968=VERTEX_POINT('',#8884);
#2969=VERTEX_POINT('',#8892);
#2970=VERTEX_POINT('',#8896);
#2971=VERTEX_POINT('',#8898);
#2972=VERTEX_POINT('',#8902);
#2973=VERTEX_POINT('',#8904);
#2974=VERTEX_POINT('',#8911);
#2975=VERTEX_POINT('',#8914);
#2976=VERTEX_POINT('',#8916);
#2977=VERTEX_POINT('',#8920);
#2978=VERTEX_POINT('',#8922);
#2979=VERTEX_POINT('',#8929);
#2980=VERTEX_POINT('',#8932);
#2981=VERTEX_POINT('',#8934);
#2982=VERTEX_POINT('',#8938);
#2983=VERTEX_POINT('',#8940);
#2984=VERTEX_POINT('',#8947);
#2985=VERTEX_POINT('',#8950);
#2986=VERTEX_POINT('',#8952);
#2987=VERTEX_POINT('',#8956);
#2988=VERTEX_POINT('',#8958);
#2989=VERTEX_POINT('',#8965);
#2990=VERTEX_POINT('',#9000);
#2991=VERTEX_POINT('',#9004);
#2992=VERTEX_POINT('',#9008);
#2993=VERTEX_POINT('',#9012);
#2994=VERTEX_POINT('',#9016);
#2995=VERTEX_POINT('',#9018);
#2996=VERTEX_POINT('',#9022);
#2997=VERTEX_POINT('',#9026);
#2998=VERTEX_POINT('',#9030);
#2999=VERTEX_POINT('',#9034);
#3000=VERTEX_POINT('',#9038);
#3001=VERTEX_POINT('',#9042);
#3002=VERTEX_POINT('',#9046);
#3003=VERTEX_POINT('',#9048);
#3004=VERTEX_POINT('',#9052);
#3005=VERTEX_POINT('',#9056);
#3006=VERTEX_POINT('',#9060);
#3007=VERTEX_POINT('',#9064);
#3008=VERTEX_POINT('',#9068);
#3009=VERTEX_POINT('',#9072);
#3010=LINE('',#7363,#3492);
#3011=LINE('',#7366,#3493);
#3012=LINE('',#7368,#3494);
#3013=LINE('',#7370,#3495);
#3014=LINE('',#7376,#3496);
#3015=LINE('',#7378,#3497);
#3016=LINE('',#7380,#3498);
#3017=LINE('',#7382,#3499);
#3018=LINE('',#7388,#3500);
#3019=LINE('',#7390,#3501);
#3020=LINE('',#7392,#3502);
#3021=LINE('',#7394,#3503);
#3022=LINE('',#7400,#3504);
#3023=LINE('',#7402,#3505);
#3024=LINE('',#7404,#3506);
#3025=LINE('',#7406,#3507);
#3026=LINE('',#7411,#3508);
#3027=LINE('',#7415,#3509);
#3028=LINE('',#7417,#3510);
#3029=LINE('',#7419,#3511);
#3030=LINE('',#7421,#3512);
#3031=LINE('',#7427,#3513);
#3032=LINE('',#7429,#3514);
#3033=LINE('',#7431,#3515);
#3034=LINE('',#7433,#3516);
#3035=LINE('',#7439,#3517);
#3036=LINE('',#7441,#3518);
#3037=LINE('',#7443,#3519);
#3038=LINE('',#7445,#3520);
#3039=LINE('',#7451,#3521);
#3040=LINE('',#7453,#3522);
#3041=LINE('',#7454,#3523);
#3042=LINE('',#7468,#3524);
#3043=LINE('',#7471,#3525);
#3044=LINE('',#7473,#3526);
#3045=LINE('',#7475,#3527);
#3046=LINE('',#7477,#3528);
#3047=LINE('',#7479,#3529);
#3048=LINE('',#7481,#3530);
#3049=LINE('',#7483,#3531);
#3050=LINE('',#7485,#3532);
#3051=LINE('',#7487,#3533);
#3052=LINE('',#7489,#3534);
#3053=LINE('',#7491,#3535);
#3054=LINE('',#7496,#3536);
#3055=LINE('',#7500,#3537);
#3056=LINE('',#7503,#3538);
#3057=LINE('',#7504,#3539);
#3058=LINE('',#7506,#3540);
#3059=LINE('',#7512,#3541);
#3060=LINE('',#7515,#3542);
#3061=LINE('',#7516,#3543);
#3062=LINE('',#7518,#3544);
#3063=LINE('',#7524,#3545);
#3064=LINE('',#7527,#3546);
#3065=LINE('',#7528,#3547);
#3066=LINE('',#7530,#3548);
#3067=LINE('',#7536,#3549);
#3068=LINE('',#7537,#3550);
#3069=LINE('',#7539,#3551);
#3070=LINE('',#7563,#3552);
#3071=LINE('',#7566,#3553);
#3072=LINE('',#7568,#3554);
#3073=LINE('',#7570,#3555);
#3074=LINE('',#7693,#3556);
#3075=LINE('',#7696,#3557);
#3076=LINE('',#7698,#3558);
#3077=LINE('',#7700,#3559);
#3078=LINE('',#7701,#3560);
#3079=LINE('',#7704,#3561);
#3080=LINE('',#7706,#3562);
#3081=LINE('',#7708,#3563);
#3082=LINE('',#7713,#3564);
#3083=LINE('',#7717,#3565);
#3084=LINE('',#7721,#3566);
#3085=LINE('',#7725,#3567);
#3086=LINE('',#7729,#3568);
#3087=LINE('',#7733,#3569);
#3088=LINE('',#7737,#3570);
#3089=LINE('',#7741,#3571);
#3090=LINE('',#7743,#3572);
#3091=LINE('',#7748,#3573);
#3092=LINE('',#7752,#3574);
#3093=LINE('',#7756,#3575);
#3094=LINE('',#7759,#3576);
#3095=LINE('',#7764,#3577);
#3096=LINE('',#7768,#3578);
#3097=LINE('',#7772,#3579);
#3098=LINE('',#7776,#3580);
#3099=LINE('',#7779,#3581);
#3100=LINE('',#7781,#3582);
#3101=LINE('',#7783,#3583);
#3102=LINE('',#7784,#3584);
#3103=LINE('',#7787,#3585);
#3104=LINE('',#7789,#3586);
#3105=LINE('',#7791,#3587);
#3106=LINE('',#7796,#3588);
#3107=LINE('',#7797,#3589);
#3108=LINE('',#7799,#3590);
#3109=LINE('',#7801,#3591);
#3110=LINE('',#7805,#3592);
#3111=LINE('',#7807,#3593);
#3112=LINE('',#7809,#3594);
#3113=LINE('',#7813,#3595);
#3114=LINE('',#7815,#3596);
#3115=LINE('',#7817,#3597);
#3116=LINE('',#7821,#3598);
#3117=LINE('',#7823,#3599);
#3118=LINE('',#7826,#3600);
#3119=LINE('',#7827,#3601);
#3120=LINE('',#7829,#3602);
#3121=LINE('',#7831,#3603);
#3122=LINE('',#7833,#3604);
#3123=LINE('',#7835,#3605);
#3124=LINE('',#7837,#3606);
#3125=LINE('',#7840,#3607);
#3126=LINE('',#7841,#3608);
#3127=LINE('',#7843,#3609);
#3128=LINE('',#7845,#3610);
#3129=LINE('',#7847,#3611);
#3130=LINE('',#7849,#3612);
#3131=LINE('',#7854,#3613);
#3132=LINE('',#7855,#3614);
#3133=LINE('',#7857,#3615);
#3134=LINE('',#7859,#3616);
#3135=LINE('',#7863,#3617);
#3136=LINE('',#7865,#3618);
#3137=LINE('',#7867,#3619);
#3138=LINE('',#7871,#3620);
#3139=LINE('',#7873,#3621);
#3140=LINE('',#7875,#3622);
#3141=LINE('',#7879,#3623);
#3142=LINE('',#7881,#3624);
#3143=LINE('',#7884,#3625);
#3144=LINE('',#7886,#3626);
#3145=LINE('',#7888,#3627);
#3146=LINE('',#7890,#3628);
#3147=LINE('',#7892,#3629);
#3148=LINE('',#7894,#3630);
#3149=LINE('',#7896,#3631);
#3150=LINE('',#7898,#3632);
#3151=LINE('',#7900,#3633);
#3152=LINE('',#7902,#3634);
#3153=LINE('',#7905,#3635);
#3154=LINE('',#7907,#3636);
#3155=LINE('',#7909,#3637);
#3156=LINE('',#7913,#3638);
#3157=LINE('',#7917,#3639);
#3158=LINE('',#7919,#3640);
#3159=LINE('',#7921,#3641);
#3160=LINE('',#7925,#3642);
#3161=LINE('',#7929,#3643);
#3162=LINE('',#7931,#3644);
#3163=LINE('',#7933,#3645);
#3164=LINE('',#7937,#3646);
#3165=LINE('',#7941,#3647);
#3166=LINE('',#7943,#3648);
#3167=LINE('',#7945,#3649);
#3168=LINE('',#7952,#3650);
#3169=LINE('',#7954,#3651);
#3170=LINE('',#7956,#3652);
#3171=LINE('',#7958,#3653);
#3172=LINE('',#7959,#3654);
#3173=LINE('',#7964,#3655);
#3174=LINE('',#7967,#3656);
#3175=LINE('',#7970,#3657);
#3176=LINE('',#7972,#3658);
#3177=LINE('',#7974,#3659);
#3178=LINE('',#7976,#3660);
#3179=LINE('',#7979,#3661);
#3180=LINE('',#7981,#3662);
#3181=LINE('',#7983,#3663);
#3182=LINE('',#7987,#3664);
#3183=LINE('',#7991,#3665);
#3184=LINE('',#7995,#3666);
#3185=LINE('',#8016,#3667);
#3186=LINE('',#8020,#3668);
#3187=LINE('',#8041,#3669);
#3188=LINE('',#8045,#3670);
#3189=LINE('',#8066,#3671);
#3190=LINE('',#8070,#3672);
#3191=LINE('',#8091,#3673);
#3192=LINE('',#8094,#3674);
#3193=LINE('',#8096,#3675);
#3194=LINE('',#8098,#3676);
#3195=LINE('',#8110,#3677);
#3196=LINE('',#8114,#3678);
#3197=LINE('',#8118,#3679);
#3198=LINE('',#8122,#3680);
#3199=LINE('',#8125,#3681);
#3200=LINE('',#8126,#3682);
#3201=LINE('',#8127,#3683);
#3202=LINE('',#8128,#3684);
#3203=LINE('',#8130,#3685);
#3204=LINE('',#8140,#3686);
#3205=LINE('',#8144,#3687);
#3206=LINE('',#8146,#3688);
#3207=LINE('',#8148,#3689);
#3208=LINE('',#8150,#3690);
#3209=LINE('',#8154,#3691);
#3210=LINE('',#8156,#3692);
#3211=LINE('',#8158,#3693);
#3212=LINE('',#8162,#3694);
#3213=LINE('',#8164,#3695);
#3214=LINE('',#8166,#3696);
#3215=LINE('',#8170,#3697);
#3216=LINE('',#8172,#3698);
#3217=LINE('',#8174,#3699);
#3218=LINE('',#8178,#3700);
#3219=LINE('',#8182,#3701);
#3220=LINE('',#8184,#3702);
#3221=LINE('',#8232,#3703);
#3222=LINE('',#8235,#3704);
#3223=LINE('',#8237,#3705);
#3224=LINE('',#8239,#3706);
#3225=LINE('',#8245,#3707);
#3226=LINE('',#8249,#3708);
#3227=LINE('',#8253,#3709);
#3228=LINE('',#8257,#3710);
#3229=LINE('',#8258,#3711);
#3230=LINE('',#8261,#3712);
#3231=LINE('',#8263,#3713);
#3232=LINE('',#8265,#3714);
#3233=LINE('',#8266,#3715);
#3234=LINE('',#8269,#3716);
#3235=LINE('',#8271,#3717);
#3236=LINE('',#8273,#3718);
#3237=LINE('',#8277,#3719);
#3238=LINE('',#8281,#3720);
#3239=LINE('',#8285,#3721);
#3240=LINE('',#8289,#3722);
#3241=LINE('',#8290,#3723);
#3242=LINE('',#8292,#3724);
#3243=LINE('',#8296,#3725);
#3244=LINE('',#8300,#3726);
#3245=LINE('',#8302,#3727);
#3246=LINE('',#8304,#3728);
#3247=LINE('',#8306,#3729);
#3248=LINE('',#8308,#3730);
#3249=LINE('',#8310,#3731);
#3250=LINE('',#8312,#3732);
#3251=LINE('',#8314,#3733);
#3252=LINE('',#8316,#3734);
#3253=LINE('',#8318,#3735);
#3254=LINE('',#8319,#3736);
#3255=LINE('',#8321,#3737);
#3256=LINE('',#8323,#3738);
#3257=LINE('',#8325,#3739);
#3258=LINE('',#8327,#3740);
#3259=LINE('',#8329,#3741);
#3260=LINE('',#8331,#3742);
#3261=LINE('',#8333,#3743);
#3262=LINE('',#8334,#3744);
#3263=LINE('',#8336,#3745);
#3264=LINE('',#8338,#3746);
#3265=LINE('',#8340,#3747);
#3266=LINE('',#8341,#3748);
#3267=LINE('',#8343,#3749);
#3268=LINE('',#8345,#3750);
#3269=LINE('',#8347,#3751);
#3270=LINE('',#8348,#3752);
#3271=LINE('',#8350,#3753);
#3272=LINE('',#8352,#3754);
#3273=LINE('',#8354,#3755);
#3274=LINE('',#8356,#3756);
#3275=LINE('',#8358,#3757);
#3276=LINE('',#8360,#3758);
#3277=LINE('',#8366,#3759);
#3278=LINE('',#8372,#3760);
#3279=LINE('',#8374,#3761);
#3280=LINE('',#8376,#3762);
#3281=LINE('',#8378,#3763);
#3282=LINE('',#8380,#3764);
#3283=LINE('',#8382,#3765);
#3284=LINE('',#8385,#3766);
#3285=LINE('',#8386,#3767);
#3286=LINE('',#8388,#3768);
#3287=LINE('',#8390,#3769);
#3288=LINE('',#8411,#3770);
#3289=LINE('',#8414,#3771);
#3290=LINE('',#8416,#3772);
#3291=LINE('',#8418,#3773);
#3292=LINE('',#8420,#3774);
#3293=LINE('',#8422,#3775);
#3294=LINE('',#8424,#3776);
#3295=LINE('',#8426,#3777);
#3296=LINE('',#8428,#3778);
#3297=LINE('',#8430,#3779);
#3298=LINE('',#8434,#3780);
#3299=LINE('',#8438,#3781);
#3300=LINE('',#8440,#3782);
#3301=LINE('',#8442,#3783);
#3302=LINE('',#8444,#3784);
#3303=LINE('',#8447,#3785);
#3304=LINE('',#8449,#3786);
#3305=LINE('',#8451,#3787);
#3306=LINE('',#8453,#3788);
#3307=LINE('',#8455,#3789);
#3308=LINE('',#8457,#3790);
#3309=LINE('',#8459,#3791);
#3310=LINE('',#8461,#3792);
#3311=LINE('',#8463,#3793);
#3312=LINE('',#8465,#3794);
#3313=LINE('',#8467,#3795);
#3314=LINE('',#8469,#3796);
#3315=LINE('',#8471,#3797);
#3316=LINE('',#8473,#3798);
#3317=LINE('',#8475,#3799);
#3318=LINE('',#8477,#3800);
#3319=LINE('',#8479,#3801);
#3320=LINE('',#8481,#3802);
#3321=LINE('',#8485,#3803);
#3322=LINE('',#8489,#3804);
#3323=LINE('',#8491,#3805);
#3324=LINE('',#8493,#3806);
#3325=LINE('',#8497,#3807);
#3326=LINE('',#8501,#3808);
#3327=LINE('',#8502,#3809);
#3328=LINE('',#8510,#3810);
#3329=LINE('',#8513,#3811);
#3330=LINE('',#8515,#3812);
#3331=LINE('',#8517,#3813);
#3332=LINE('',#8519,#3814);
#3333=LINE('',#8522,#3815);
#3334=LINE('',#8524,#3816);
#3335=LINE('',#8526,#3817);
#3336=LINE('',#8539,#3818);
#3337=LINE('',#8542,#3819);
#3338=LINE('',#8546,#3820);
#3339=LINE('',#8550,#3821);
#3340=LINE('',#8553,#3822);
#3341=LINE('',#8557,#3823);
#3342=LINE('',#8561,#3824);
#3343=LINE('',#8565,#3825);
#3344=LINE('',#8569,#3826);
#3345=LINE('',#8571,#3827);
#3346=LINE('',#8574,#3828);
#3347=LINE('',#8576,#3829);
#3348=LINE('',#8578,#3830);
#3349=LINE('',#8580,#3831);
#3350=LINE('',#8582,#3832);
#3351=LINE('',#8584,#3833);
#3352=LINE('',#8586,#3834);
#3353=LINE('',#8588,#3835);
#3354=LINE('',#8591,#3836);
#3355=LINE('',#8593,#3837);
#3356=LINE('',#8595,#3838);
#3357=LINE('',#8597,#3839);
#3358=LINE('',#8599,#3840);
#3359=LINE('',#8601,#3841);
#3360=LINE('',#8603,#3842);
#3361=LINE('',#8605,#3843);
#3362=LINE('',#8608,#3844);
#3363=LINE('',#8610,#3845);
#3364=LINE('',#8612,#3846);
#3365=LINE('',#8614,#3847);
#3366=LINE('',#8616,#3848);
#3367=LINE('',#8618,#3849);
#3368=LINE('',#8620,#3850);
#3369=LINE('',#8622,#3851);
#3370=LINE('',#8625,#3852);
#3371=LINE('',#8627,#3853);
#3372=LINE('',#8629,#3854);
#3373=LINE('',#8631,#3855);
#3374=LINE('',#8633,#3856);
#3375=LINE('',#8635,#3857);
#3376=LINE('',#8637,#3858);
#3377=LINE('',#8651,#3859);
#3378=LINE('',#8654,#3860);
#3379=LINE('',#8656,#3861);
#3380=LINE('',#8658,#3862);
#3381=LINE('',#8660,#3863);
#3382=LINE('',#8662,#3864);
#3383=LINE('',#8664,#3865);
#3384=LINE('',#8666,#3866);
#3385=LINE('',#8668,#3867);
#3386=LINE('',#8670,#3868);
#3387=LINE('',#8672,#3869);
#3388=LINE('',#8674,#3870);
#3389=LINE('',#8676,#3871);
#3390=LINE('',#8678,#3872);
#3391=LINE('',#8680,#3873);
#3392=LINE('',#8682,#3874);
#3393=LINE('',#8683,#3875);
#3394=LINE('',#8688,#3876);
#3395=LINE('',#8692,#3877);
#3396=LINE('',#8696,#3878);
#3397=LINE('',#8700,#3879);
#3398=LINE('',#8702,#3880);
#3399=LINE('',#8704,#3881);
#3400=LINE('',#8706,#3882);
#3401=LINE('',#8707,#3883);
#3402=LINE('',#8719,#3884);
#3403=LINE('',#8720,#3885);
#3404=LINE('',#8722,#3886);
#3405=LINE('',#8724,#3887);
#3406=LINE('',#8726,#3888);
#3407=LINE('',#8750,#3889);
#3408=LINE('',#8752,#3890);
#3409=LINE('',#8754,#3891);
#3410=LINE('',#8825,#3892);
#3411=LINE('',#8829,#3893);
#3412=LINE('',#8833,#3894);
#3413=LINE('',#8837,#3895);
#3414=LINE('',#8839,#3896);
#3415=LINE('',#8840,#3897);
#3416=LINE('',#8842,#3898);
#3417=LINE('',#8843,#3899);
#3418=LINE('',#8845,#3900);
#3419=LINE('',#8846,#3901);
#3420=LINE('',#8895,#3902);
#3421=LINE('',#8897,#3903);
#3422=LINE('',#8899,#3904);
#3423=LINE('',#8901,#3905);
#3424=LINE('',#8903,#3906);
#3425=LINE('',#8905,#3907);
#3426=LINE('',#8907,#3908);
#3427=LINE('',#8908,#3909);
#3428=LINE('',#8913,#3910);
#3429=LINE('',#8915,#3911);
#3430=LINE('',#8917,#3912);
#3431=LINE('',#8919,#3913);
#3432=LINE('',#8921,#3914);
#3433=LINE('',#8923,#3915);
#3434=LINE('',#8925,#3916);
#3435=LINE('',#8926,#3917);
#3436=LINE('',#8931,#3918);
#3437=LINE('',#8933,#3919);
#3438=LINE('',#8935,#3920);
#3439=LINE('',#8937,#3921);
#3440=LINE('',#8939,#3922);
#3441=LINE('',#8941,#3923);
#3442=LINE('',#8943,#3924);
#3443=LINE('',#8944,#3925);
#3444=LINE('',#8949,#3926);
#3445=LINE('',#8951,#3927);
#3446=LINE('',#8953,#3928);
#3447=LINE('',#8955,#3929);
#3448=LINE('',#8957,#3930);
#3449=LINE('',#8959,#3931);
#3450=LINE('',#8961,#3932);
#3451=LINE('',#8962,#3933);
#3452=LINE('',#8967,#3934);
#3453=LINE('',#8968,#3935);
#3454=LINE('',#8970,#3936);
#3455=LINE('',#8972,#3937);
#3456=LINE('',#8974,#3938);
#3457=LINE('',#8976,#3939);
#3458=LINE('',#8978,#3940);
#3459=LINE('',#8980,#3941);
#3460=LINE('',#8982,#3942);
#3461=LINE('',#8984,#3943);
#3462=LINE('',#8986,#3944);
#3463=LINE('',#8988,#3945);
#3464=LINE('',#8990,#3946);
#3465=LINE('',#8992,#3947);
#3466=LINE('',#8994,#3948);
#3467=LINE('',#8996,#3949);
#3468=LINE('',#9015,#3950);
#3469=LINE('',#9017,#3951);
#3470=LINE('',#9019,#3952);
#3471=LINE('',#9021,#3953);
#3472=LINE('',#9025,#3954);
#3473=LINE('',#9027,#3955);
#3474=LINE('',#9029,#3956);
#3475=LINE('',#9033,#3957);
#3476=LINE('',#9035,#3958);
#3477=LINE('',#9037,#3959);
#3478=LINE('',#9041,#3960);
#3479=LINE('',#9043,#3961);
#3480=LINE('',#9045,#3962);
#3481=LINE('',#9049,#3963);
#3482=LINE('',#9051,#3964);
#3483=LINE('',#9053,#3965);
#3484=LINE('',#9055,#3966);
#3485=LINE('',#9059,#3967);
#3486=LINE('',#9061,#3968);
#3487=LINE('',#9063,#3969);
#3488=LINE('',#9067,#3970);
#3489=LINE('',#9069,#3971);
#3490=LINE('',#9071,#3972);
#3491=LINE('',#9075,#3973);
#3492=VECTOR('',#5839,1.);
#3493=VECTOR('',#5840,1.);
#3494=VECTOR('',#5841,1.);
#3495=VECTOR('',#5842,1.);
#3496=VECTOR('',#5849,1.);
#3497=VECTOR('',#5852,1.);
#3498=VECTOR('',#5853,1.);
#3499=VECTOR('',#5854,1.);
#3500=VECTOR('',#5861,1.);
#3501=VECTOR('',#5864,1.);
#3502=VECTOR('',#5865,1.);
#3503=VECTOR('',#5866,1.);
#3504=VECTOR('',#5873,1.);
#3505=VECTOR('',#5876,1.);
#3506=VECTOR('',#5877,1.);
#3507=VECTOR('',#5878,1.);
#3508=VECTOR('',#5883,1.);
#3509=VECTOR('',#5886,1.);
#3510=VECTOR('',#5889,1.);
#3511=VECTOR('',#5890,1.);
#3512=VECTOR('',#5891,1.);
#3513=VECTOR('',#5898,1.);
#3514=VECTOR('',#5901,1.);
#3515=VECTOR('',#5902,1.);
#3516=VECTOR('',#5903,1.);
#3517=VECTOR('',#5910,1.);
#3518=VECTOR('',#5913,1.);
#3519=VECTOR('',#5914,1.);
#3520=VECTOR('',#5915,1.);
#3521=VECTOR('',#5922,1.);
#3522=VECTOR('',#5925,1.);
#3523=VECTOR('',#5926,1.);
#3524=VECTOR('',#5945,1.);
#3525=VECTOR('',#5946,1.);
#3526=VECTOR('',#5947,1.);
#3527=VECTOR('',#5948,1.);
#3528=VECTOR('',#5951,1.);
#3529=VECTOR('',#5952,1.);
#3530=VECTOR('',#5953,1.);
#3531=VECTOR('',#5956,1.);
#3532=VECTOR('',#5957,1.);
#3533=VECTOR('',#5960,1.);
#3534=VECTOR('',#5961,1.);
#3535=VECTOR('',#5964,1.);
#3536=VECTOR('',#5967,1.);
#3537=VECTOR('',#5972,1.);
#3538=VECTOR('',#5973,1.);
#3539=VECTOR('',#5974,1.);
#3540=VECTOR('',#5977,1.);
#3541=VECTOR('',#5984,1.);
#3542=VECTOR('',#5985,1.);
#3543=VECTOR('',#5986,1.);
#3544=VECTOR('',#5989,1.);
#3545=VECTOR('',#5996,1.);
#3546=VECTOR('',#5997,1.);
#3547=VECTOR('',#5998,1.);
#3548=VECTOR('',#6001,1.);
#3549=VECTOR('',#6008,1.);
#3550=VECTOR('',#6009,1.);
#3551=VECTOR('',#6012,1.);
#3552=VECTOR('',#6043,1.);
#3553=VECTOR('',#6044,1.);
#3554=VECTOR('',#6045,1.);
#3555=VECTOR('',#6046,1.);
#3556=VECTOR('',#6075,1.);
#3557=VECTOR('',#6076,1.);
#3558=VECTOR('',#6077,1.);
#3559=VECTOR('',#6078,1.);
#3560=VECTOR('',#6079,1.);
#3561=VECTOR('',#6080,1.);
#3562=VECTOR('',#6081,1.);
#3563=VECTOR('',#6082,1.);
#3564=VECTOR('',#6087,1.);
#3565=VECTOR('',#6090,1.);
#3566=VECTOR('',#6093,1.);
#3567=VECTOR('',#6096,1.);
#3568=VECTOR('',#6099,1.);
#3569=VECTOR('',#6102,1.);
#3570=VECTOR('',#6105,1.);
#3571=VECTOR('',#6108,1.);
#3572=VECTOR('',#6111,1.);
#3573=VECTOR('',#6114,1.);
#3574=VECTOR('',#6117,1.);
#3575=VECTOR('',#6120,1.);
#3576=VECTOR('',#6123,1.);
#3577=VECTOR('',#6126,1.);
#3578=VECTOR('',#6129,1.);
#3579=VECTOR('',#6132,1.);
#3580=VECTOR('',#6137,1.);
#3581=VECTOR('',#6138,1.);
#3582=VECTOR('',#6139,1.);
#3583=VECTOR('',#6140,1.);
#3584=VECTOR('',#6141,1.);
#3585=VECTOR('',#6142,1.);
#3586=VECTOR('',#6143,1.);
#3587=VECTOR('',#6144,1.);
#3588=VECTOR('',#6149,1.);
#3589=VECTOR('',#6150,1.);
#3590=VECTOR('',#6153,1.);
#3591=VECTOR('',#6154,1.);
#3592=VECTOR('',#6159,1.);
#3593=VECTOR('',#6162,1.);
#3594=VECTOR('',#6163,1.);
#3595=VECTOR('',#6168,1.);
#3596=VECTOR('',#6171,1.);
#3597=VECTOR('',#6172,1.);
#3598=VECTOR('',#6177,1.);
#3599=VECTOR('',#6180,1.);
#3600=VECTOR('',#6181,1.);
#3601=VECTOR('',#6182,1.);
#3602=VECTOR('',#6185,1.);
#3603=VECTOR('',#6186,1.);
#3604=VECTOR('',#6189,1.);
#3605=VECTOR('',#6190,1.);
#3606=VECTOR('',#6193,1.);
#3607=VECTOR('',#6194,1.);
#3608=VECTOR('',#6195,1.);
#3609=VECTOR('',#6198,1.);
#3610=VECTOR('',#6199,1.);
#3611=VECTOR('',#6202,1.);
#3612=VECTOR('',#6203,1.);
#3613=VECTOR('',#6208,1.);
#3614=VECTOR('',#6209,1.);
#3615=VECTOR('',#6212,1.);
#3616=VECTOR('',#6213,1.);
#3617=VECTOR('',#6218,1.);
#3618=VECTOR('',#6221,1.);
#3619=VECTOR('',#6222,1.);
#3620=VECTOR('',#6227,1.);
#3621=VECTOR('',#6230,1.);
#3622=VECTOR('',#6231,1.);
#3623=VECTOR('',#6236,1.);
#3624=VECTOR('',#6239,1.);
#3625=VECTOR('',#6240,1.);
#3626=VECTOR('',#6241,1.);
#3627=VECTOR('',#6242,1.);
#3628=VECTOR('',#6245,1.);
#3629=VECTOR('',#6246,1.);
#3630=VECTOR('',#6247,1.);
#3631=VECTOR('',#6250,1.);
#3632=VECTOR('',#6251,1.);
#3633=VECTOR('',#6252,1.);
#3634=VECTOR('',#6255,1.);
#3635=VECTOR('',#6256,1.);
#3636=VECTOR('',#6257,1.);
#3637=VECTOR('',#6258,1.);
#3638=VECTOR('',#6263,1.);
#3639=VECTOR('',#6268,1.);
#3640=VECTOR('',#6269,1.);
#3641=VECTOR('',#6270,1.);
#3642=VECTOR('',#6275,1.);
#3643=VECTOR('',#6280,1.);
#3644=VECTOR('',#6281,1.);
#3645=VECTOR('',#6282,1.);
#3646=VECTOR('',#6287,1.);
#3647=VECTOR('',#6292,1.);
#3648=VECTOR('',#6293,1.);
#3649=VECTOR('',#6294,1.);
#3650=VECTOR('',#6303,1.);
#3651=VECTOR('',#6306,1.);
#3652=VECTOR('',#6309,1.);
#3653=VECTOR('',#6312,1.);
#3654=VECTOR('',#6313,1.);
#3655=VECTOR('',#6322,1.);
#3656=VECTOR('',#6327,1.);
#3657=VECTOR('',#6328,1.);
#3658=VECTOR('',#6329,1.);
#3659=VECTOR('',#6330,1.);
#3660=VECTOR('',#6333,1.);
#3661=VECTOR('',#6334,1.);
#3662=VECTOR('',#6335,1.);
#3663=VECTOR('',#6336,1.);
#3664=VECTOR('',#6341,1.);
#3665=VECTOR('',#6346,1.);
#3666=VECTOR('',#6349,1.);
#3667=VECTOR('',#6356,1.);
#3668=VECTOR('',#6359,1.);
#3669=VECTOR('',#6366,1.);
#3670=VECTOR('',#6369,1.);
#3671=VECTOR('',#6376,1.);
#3672=VECTOR('',#6379,1.);
#3673=VECTOR('',#6386,1.);
#3674=VECTOR('',#6387,1.);
#3675=VECTOR('',#6388,1.);
#3676=VECTOR('',#6389,1.);
#3677=VECTOR('',#6402,1.);
#3678=VECTOR('',#6405,1.);
#3679=VECTOR('',#6408,1.);
#3680=VECTOR('',#6411,1.);
#3681=VECTOR('',#6414,1.);
#3682=VECTOR('',#6415,1.);
#3683=VECTOR('',#6416,1.);
#3684=VECTOR('',#6417,1.);
#3685=VECTOR('',#6420,1.);
#3686=VECTOR('',#6435,1.);
#3687=VECTOR('',#6438,1.);
#3688=VECTOR('',#6441,1.);
#3689=VECTOR('',#6442,1.);
#3690=VECTOR('',#6445,1.);
#3691=VECTOR('',#6450,1.);
#3692=VECTOR('',#6451,1.);
#3693=VECTOR('',#6454,1.);
#3694=VECTOR('',#6459,1.);
#3695=VECTOR('',#6460,1.);
#3696=VECTOR('',#6463,1.);
#3697=VECTOR('',#6468,1.);
#3698=VECTOR('',#6471,1.);
#3699=VECTOR('',#6472,1.);
#3700=VECTOR('',#6475,1.);
#3701=VECTOR('',#6478,1.);
#3702=VECTOR('',#6479,1.);
#3703=VECTOR('',#6558,1.);
#3704=VECTOR('',#6559,1.);
#3705=VECTOR('',#6560,1.);
#3706=VECTOR('',#6561,1.);
#3707=VECTOR('',#6566,1.);
#3708=VECTOR('',#6569,1.);
#3709=VECTOR('',#6572,1.);
#3710=VECTOR('',#6575,1.);
#3711=VECTOR('',#6576,1.);
#3712=VECTOR('',#6577,1.);
#3713=VECTOR('',#6578,1.);
#3714=VECTOR('',#6579,1.);
#3715=VECTOR('',#6580,1.);
#3716=VECTOR('',#6581,1.);
#3717=VECTOR('',#6582,1.);
#3718=VECTOR('',#6583,1.);
#3719=VECTOR('',#6586,1.);
#3720=VECTOR('',#6589,1.);
#3721=VECTOR('',#6592,1.);
#3722=VECTOR('',#6595,1.);
#3723=VECTOR('',#6596,1.);
#3724=VECTOR('',#6597,1.);
#3725=VECTOR('',#6600,1.);
#3726=VECTOR('',#6603,1.);
#3727=VECTOR('',#6604,1.);
#3728=VECTOR('',#6607,1.);
#3729=VECTOR('',#6608,1.);
#3730=VECTOR('',#6609,1.);
#3731=VECTOR('',#6612,1.);
#3732=VECTOR('',#6613,1.);
#3733=VECTOR('',#6616,1.);
#3734=VECTOR('',#6617,1.);
#3735=VECTOR('',#6620,1.);
#3736=VECTOR('',#6621,1.);
#3737=VECTOR('',#6624,1.);
#3738=VECTOR('',#6627,1.);
#3739=VECTOR('',#6630,1.);
#3740=VECTOR('',#6633,1.);
#3741=VECTOR('',#6636,1.);
#3742=VECTOR('',#6639,1.);
#3743=VECTOR('',#6642,1.);
#3744=VECTOR('',#6643,1.);
#3745=VECTOR('',#6646,1.);
#3746=VECTOR('',#6649,1.);
#3747=VECTOR('',#6652,1.);
#3748=VECTOR('',#6653,1.);
#3749=VECTOR('',#6656,1.);
#3750=VECTOR('',#6659,1.);
#3751=VECTOR('',#6662,1.);
#3752=VECTOR('',#6663,1.);
#3753=VECTOR('',#6666,1.);
#3754=VECTOR('',#6669,1.);
#3755=VECTOR('',#6672,1.);
#3756=VECTOR('',#6675,1.);
#3757=VECTOR('',#6678,1.);
#3758=VECTOR('',#6681,1.);
#3759=VECTOR('',#6692,1.);
#3760=VECTOR('',#6701,1.);
#3761=VECTOR('',#6704,1.);
#3762=VECTOR('',#6707,1.);
#3763=VECTOR('',#6710,1.);
#3764=VECTOR('',#6713,1.);
#3765=VECTOR('',#6716,1.);
#3766=VECTOR('',#6721,1.);
#3767=VECTOR('',#6722,1.);
#3768=VECTOR('',#6725,1.);
#3769=VECTOR('',#6728,1.);
#3770=VECTOR('',#6759,1.);
#3771=VECTOR('',#6760,1.);
#3772=VECTOR('',#6761,1.);
#3773=VECTOR('',#6762,1.);
#3774=VECTOR('',#6765,1.);
#3775=VECTOR('',#6766,1.);
#3776=VECTOR('',#6767,1.);
#3777=VECTOR('',#6770,1.);
#3778=VECTOR('',#6771,1.);
#3779=VECTOR('',#6772,1.);
#3780=VECTOR('',#6777,1.);
#3781=VECTOR('',#6782,1.);
#3782=VECTOR('',#6783,1.);
#3783=VECTOR('',#6784,1.);
#3784=VECTOR('',#6787,1.);
#3785=VECTOR('',#6788,1.);
#3786=VECTOR('',#6789,1.);
#3787=VECTOR('',#6790,1.);
#3788=VECTOR('',#6793,1.);
#3789=VECTOR('',#6794,1.);
#3790=VECTOR('',#6795,1.);
#3791=VECTOR('',#6798,1.);
#3792=VECTOR('',#6799,1.);
#3793=VECTOR('',#6800,1.);
#3794=VECTOR('',#6803,1.);
#3795=VECTOR('',#6804,1.);
#3796=VECTOR('',#6805,1.);
#3797=VECTOR('',#6808,1.);
#3798=VECTOR('',#6809,1.);
#3799=VECTOR('',#6810,1.);
#3800=VECTOR('',#6813,1.);
#3801=VECTOR('',#6814,1.);
#3802=VECTOR('',#6815,1.);
#3803=VECTOR('',#6820,1.);
#3804=VECTOR('',#6825,1.);
#3805=VECTOR('',#6826,1.);
#3806=VECTOR('',#6827,1.);
#3807=VECTOR('',#6832,1.);
#3808=VECTOR('',#6837,1.);
#3809=VECTOR('',#6838,1.);
#3810=VECTOR('',#6853,1.);
#3811=VECTOR('',#6854,1.);
#3812=VECTOR('',#6855,1.);
#3813=VECTOR('',#6856,1.);
#3814=VECTOR('',#6859,1.);
#3815=VECTOR('',#6860,1.);
#3816=VECTOR('',#6861,1.);
#3817=VECTOR('',#6862,1.);
#3818=VECTOR('',#6875,1.);
#3819=VECTOR('',#6878,1.);
#3820=VECTOR('',#6881,1.);
#3821=VECTOR('',#6884,1.);
#3822=VECTOR('',#6887,1.);
#3823=VECTOR('',#6890,1.);
#3824=VECTOR('',#6893,1.);
#3825=VECTOR('',#6896,1.);
#3826=VECTOR('',#6899,1.);
#3827=VECTOR('',#6902,1.);
#3828=VECTOR('',#6903,1.);
#3829=VECTOR('',#6904,1.);
#3830=VECTOR('',#6905,1.);
#3831=VECTOR('',#6906,1.);
#3832=VECTOR('',#6907,1.);
#3833=VECTOR('',#6908,1.);
#3834=VECTOR('',#6909,1.);
#3835=VECTOR('',#6912,1.);
#3836=VECTOR('',#6913,1.);
#3837=VECTOR('',#6914,1.);
#3838=VECTOR('',#6915,1.);
#3839=VECTOR('',#6916,1.);
#3840=VECTOR('',#6917,1.);
#3841=VECTOR('',#6918,1.);
#3842=VECTOR('',#6919,1.);
#3843=VECTOR('',#6922,1.);
#3844=VECTOR('',#6923,1.);
#3845=VECTOR('',#6924,1.);
#3846=VECTOR('',#6925,1.);
#3847=VECTOR('',#6926,1.);
#3848=VECTOR('',#6927,1.);
#3849=VECTOR('',#6928,1.);
#3850=VECTOR('',#6929,1.);
#3851=VECTOR('',#6932,1.);
#3852=VECTOR('',#6933,1.);
#3853=VECTOR('',#6934,1.);
#3854=VECTOR('',#6935,1.);
#3855=VECTOR('',#6936,1.);
#3856=VECTOR('',#6937,1.);
#3857=VECTOR('',#6938,1.);
#3858=VECTOR('',#6939,1.);
#3859=VECTOR('',#6966,1.);
#3860=VECTOR('',#6967,1.);
#3861=VECTOR('',#6968,1.);
#3862=VECTOR('',#6969,1.);
#3863=VECTOR('',#6970,1.);
#3864=VECTOR('',#6971,1.);
#3865=VECTOR('',#6972,1.);
#3866=VECTOR('',#6973,1.);
#3867=VECTOR('',#6974,1.);
#3868=VECTOR('',#6975,1.);
#3869=VECTOR('',#6976,1.);
#3870=VECTOR('',#6977,1.);
#3871=VECTOR('',#6978,1.);
#3872=VECTOR('',#6979,1.);
#3873=VECTOR('',#6980,1.);
#3874=VECTOR('',#6981,1.);
#3875=VECTOR('',#6982,1.);
#3876=VECTOR('',#6985,1.);
#3877=VECTOR('',#6988,1.);
#3878=VECTOR('',#6991,1.);
#3879=VECTOR('',#6996,1.);
#3880=VECTOR('',#6997,1.);
#3881=VECTOR('',#6998,1.);
#3882=VECTOR('',#7001,1.);
#3883=VECTOR('',#7002,1.);
#3884=VECTOR('',#7003,1.);
#3885=VECTOR('',#7004,1.);
#3886=VECTOR('',#7007,1.);
#3887=VECTOR('',#7008,1.);
#3888=VECTOR('',#7009,1.);
#3889=VECTOR('',#7020,1.);
#3890=VECTOR('',#7021,1.);
#3891=VECTOR('',#7022,1.);
#3892=VECTOR('',#7051,1.);
#3893=VECTOR('',#7054,1.);
#3894=VECTOR('',#7057,1.);
#3895=VECTOR('',#7060,1.);
#3896=VECTOR('',#7063,1.);
#3897=VECTOR('',#7064,1.);
#3898=VECTOR('',#7067,1.);
#3899=VECTOR('',#7068,1.);
#3900=VECTOR('',#7071,1.);
#3901=VECTOR('',#7072,1.);
#3902=VECTOR('',#7145,1.);
#3903=VECTOR('',#7146,1.);
#3904=VECTOR('',#7147,1.);
#3905=VECTOR('',#7150,1.);
#3906=VECTOR('',#7151,1.);
#3907=VECTOR('',#7152,1.);
#3908=VECTOR('',#7155,1.);
#3909=VECTOR('',#7156,1.);
#3910=VECTOR('',#7163,1.);
#3911=VECTOR('',#7164,1.);
#3912=VECTOR('',#7165,1.);
#3913=VECTOR('',#7168,1.);
#3914=VECTOR('',#7169,1.);
#3915=VECTOR('',#7170,1.);
#3916=VECTOR('',#7173,1.);
#3917=VECTOR('',#7174,1.);
#3918=VECTOR('',#7181,1.);
#3919=VECTOR('',#7182,1.);
#3920=VECTOR('',#7183,1.);
#3921=VECTOR('',#7186,1.);
#3922=VECTOR('',#7187,1.);
#3923=VECTOR('',#7188,1.);
#3924=VECTOR('',#7191,1.);
#3925=VECTOR('',#7192,1.);
#3926=VECTOR('',#7199,1.);
#3927=VECTOR('',#7200,1.);
#3928=VECTOR('',#7201,1.);
#3929=VECTOR('',#7204,1.);
#3930=VECTOR('',#7205,1.);
#3931=VECTOR('',#7206,1.);
#3932=VECTOR('',#7209,1.);
#3933=VECTOR('',#7210,1.);
#3934=VECTOR('',#7217,1.);
#3935=VECTOR('',#7218,1.);
#3936=VECTOR('',#7221,1.);
#3937=VECTOR('',#7224,1.);
#3938=VECTOR('',#7227,1.);
#3939=VECTOR('',#7230,1.);
#3940=VECTOR('',#7233,1.);
#3941=VECTOR('',#7236,1.);
#3942=VECTOR('',#7239,1.);
#3943=VECTOR('',#7242,1.);
#3944=VECTOR('',#7245,1.);
#3945=VECTOR('',#7248,1.);
#3946=VECTOR('',#7251,1.);
#3947=VECTOR('',#7254,1.);
#3948=VECTOR('',#7257,1.);
#3949=VECTOR('',#7260,1.);
#3950=VECTOR('',#7289,1.);
#3951=VECTOR('',#7290,1.);
#3952=VECTOR('',#7291,1.);
#3953=VECTOR('',#7294,1.);
#3954=VECTOR('',#7299,1.);
#3955=VECTOR('',#7300,1.);
#3956=VECTOR('',#7303,1.);
#3957=VECTOR('',#7308,1.);
#3958=VECTOR('',#7309,1.);
#3959=VECTOR('',#7312,1.);
#3960=VECTOR('',#7317,1.);
#3961=VECTOR('',#7318,1.);
#3962=VECTOR('',#7321,1.);
#3963=VECTOR('',#7324,1.);
#3964=VECTOR('',#7327,1.);
#3965=VECTOR('',#7328,1.);
#3966=VECTOR('',#7331,1.);
#3967=VECTOR('',#7336,1.);
#3968=VECTOR('',#7337,1.);
#3969=VECTOR('',#7340,1.);
#3970=VECTOR('',#7345,1.);
#3971=VECTOR('',#7346,1.);
#3972=VECTOR('',#7349,1.);
#3973=VECTOR('',#7354,1.);
#3974=EDGE_LOOP('',(#378,#379,#380,#381));
#3975=EDGE_LOOP('',(#382,#383,#384,#385));
#3976=EDGE_LOOP('',(#386,#387,#388,#389));
#3977=EDGE_LOOP('',(#390,#391,#392,#393));
#3978=EDGE_LOOP('',(#394,#395,#396,#397));
#3979=EDGE_LOOP('',(#398,#399,#400,#401));
#3980=EDGE_LOOP('',(#402,#403,#404,#405));
#3981=EDGE_LOOP('',(#406,#407,#408,#409));
#3982=EDGE_LOOP('',(#410,#411,#412,#413));
#3983=EDGE_LOOP('',(#414,#415,#416,#417));
#3984=EDGE_LOOP('',(#418,#419,#420,#421));
#3985=EDGE_LOOP('',(#422,#423,#424,#425));
#3986=EDGE_LOOP('',(#426,#427,#428,#429));
#3987=EDGE_LOOP('',(#430,#431,#432,#433));
#3988=EDGE_LOOP('',(#434,#435,#436,#437));
#3989=EDGE_LOOP('',(#438,#439,#440,#441));
#3990=EDGE_LOOP('',(#442,#443,#444,#445,#446,#447,#448,#449));
#3991=EDGE_LOOP('',(#450,#451,#452,#453,#454,#455,#456,#457));
#3992=EDGE_LOOP('',(#458));
#3993=EDGE_LOOP('',(#459));
#3994=EDGE_LOOP('',(#460));
#3995=EDGE_LOOP('',(#461));
#3996=EDGE_LOOP('',(#462,#463,#464,#465));
#3997=EDGE_LOOP('',(#466,#467,#468,#469,#470,#471,#472,#473));
#3998=EDGE_LOOP('',(#474,#475,#476,#477));
#3999=EDGE_LOOP('',(#478,#479,#480,#481));
#4000=EDGE_LOOP('',(#482,#483,#484,#485));
#4001=EDGE_LOOP('',(#486,#487,#488,#489));
#4002=EDGE_LOOP('',(#490,#491,#492,#493));
#4003=EDGE_LOOP('',(#494,#495,#496,#497));
#4004=EDGE_LOOP('',(#498,#499,#500,#501));
#4005=EDGE_LOOP('',(#502,#503,#504,#505));
#4006=EDGE_LOOP('',(#506,#507,#508,#509));
#4007=EDGE_LOOP('',(#510,#511,#512,#513));
#4008=EDGE_LOOP('',(#514,#515,#516,#517));
#4009=EDGE_LOOP('',(#518,#519,#520,#521));
#4010=EDGE_LOOP('',(#522,#523,#524,#525,#526,#527,#528,#529));
#4011=EDGE_LOOP('',(#530,#531,#532,#533,#534,#535,#536,#537));
#4012=EDGE_LOOP('',(#538));
#4013=EDGE_LOOP('',(#539));
#4014=EDGE_LOOP('',(#540));
#4015=EDGE_LOOP('',(#541));
#4016=EDGE_LOOP('',(#542));
#4017=EDGE_LOOP('',(#543));
#4018=EDGE_LOOP('',(#544));
#4019=EDGE_LOOP('',(#545));
#4020=EDGE_LOOP('',(#546));
#4021=EDGE_LOOP('',(#547));
#4022=EDGE_LOOP('',(#548));
#4023=EDGE_LOOP('',(#549));
#4024=EDGE_LOOP('',(#550,#551,#552,#553));
#4025=EDGE_LOOP('',(#554,#555,#556,#557));
#4026=EDGE_LOOP('',(#558,#559,#560));
#4027=EDGE_LOOP('',(#561,#562,#563,#564));
#4028=EDGE_LOOP('',(#565,#566,#567,#568));
#4029=EDGE_LOOP('',(#569,#570,#571));
#4030=EDGE_LOOP('',(#572,#573,#574));
#4031=EDGE_LOOP('',(#575,#576,#577,#578));
#4032=EDGE_LOOP('',(#579,#580,#581,#582));
#4033=EDGE_LOOP('',(#583,#584,#585));
#4034=EDGE_LOOP('',(#586,#587,#588,#589));
#4035=EDGE_LOOP('',(#590,#591,#592,#593));
#4036=EDGE_LOOP('',(#594,#595,#596,#597,#598,#599,#600,#601));
#4037=EDGE_LOOP('',(#602,#603,#604,#605,#606,#607,#608,#609));
#4038=EDGE_LOOP('',(#610,#611,#612,#613,#614,#615,#616,#617));
#4039=EDGE_LOOP('',(#618,#619,#620,#621,#622,#623,#624,#625));
#4040=EDGE_LOOP('',(#626,#627,#628,#629));
#4041=EDGE_LOOP('',(#630,#631,#632,#633));
#4042=EDGE_LOOP('',(#634,#635,#636,#637));
#4043=EDGE_LOOP('',(#638,#639,#640,#641));
#4044=EDGE_LOOP('',(#642,#643,#644,#645));
#4045=EDGE_LOOP('',(#646,#647,#648,#649));
#4046=EDGE_LOOP('',(#650,#651,#652,#653));
#4047=EDGE_LOOP('',(#654,#655,#656,#657));
#4048=EDGE_LOOP('',(#658,#659,#660,#661));
#4049=EDGE_LOOP('',(#662,#663,#664,#665));
#4050=EDGE_LOOP('',(#666,#667,#668,#669));
#4051=EDGE_LOOP('',(#670,#671,#672,#673));
#4052=EDGE_LOOP('',(#674,#675,#676,#677));
#4053=EDGE_LOOP('',(#678,#679,#680,#681));
#4054=EDGE_LOOP('',(#682,#683,#684,#685));
#4055=EDGE_LOOP('',(#686,#687,#688,#689));
#4056=EDGE_LOOP('',(#690,#691,#692,#693));
#4057=EDGE_LOOP('',(#694,#695,#696,#697));
#4058=EDGE_LOOP('',(#698,#699,#700,#701));
#4059=EDGE_LOOP('',(#702,#703,#704,#705));
#4060=EDGE_LOOP('',(#706,#707,#708,#709));
#4061=EDGE_LOOP('',(#710,#711,#712,#713));
#4062=EDGE_LOOP('',(#714,#715,#716,#717));
#4063=EDGE_LOOP('',(#718,#719,#720,#721));
#4064=EDGE_LOOP('',(#722,#723,#724,#725));
#4065=EDGE_LOOP('',(#726,#727,#728,#729));
#4066=EDGE_LOOP('',(#730,#731,#732,#733));
#4067=EDGE_LOOP('',(#734,#735,#736,#737));
#4068=EDGE_LOOP('',(#738,#739,#740,#741));
#4069=EDGE_LOOP('',(#742,#743,#744,#745));
#4070=EDGE_LOOP('',(#746,#747,#748,#749));
#4071=EDGE_LOOP('',(#750,#751,#752,#753));
#4072=EDGE_LOOP('',(#754));
#4073=EDGE_LOOP('',(#755));
#4074=EDGE_LOOP('',(#756,#757,#758,#759));
#4075=EDGE_LOOP('',(#760,#761,#762,#763));
#4076=EDGE_LOOP('',(#764,#765,#766,#767));
#4077=EDGE_LOOP('',(#768,#769,#770,#771));
#4078=EDGE_LOOP('',(#772,#773,#774,#775));
#4079=EDGE_LOOP('',(#776,#777,#778,#779));
#4080=EDGE_LOOP('',(#780,#781,#782,#783,#784,#785,#786,#787));
#4081=EDGE_LOOP('',(#788,#789,#790,#791));
#4082=EDGE_LOOP('',(#792,#793,#794,#795,#796,#797,#798,#799));
#4083=EDGE_LOOP('',(#800,#801,#802,#803));
#4084=EDGE_LOOP('',(#804,#805,#806,#807));
#4085=EDGE_LOOP('',(#808));
#4086=EDGE_LOOP('',(#809,#810,#811,#812,#813,#814,#815,#816));
#4087=EDGE_LOOP('',(#817,#818,#819,#820));
#4088=EDGE_LOOP('',(#821,#822,#823,#824));
#4089=EDGE_LOOP('',(#825,#826,#827,#828));
#4090=EDGE_LOOP('',(#829,#830,#831,#832));
#4091=EDGE_LOOP('',(#833,#834,#835,#836));
#4092=EDGE_LOOP('',(#837,#838,#839,#840));
#4093=EDGE_LOOP('',(#841,#842,#843,#844));
#4094=EDGE_LOOP('',(#845,#846,#847,#848));
#4095=EDGE_LOOP('',(#849,#850,#851,#852));
#4096=EDGE_LOOP('',(#853,#854,#855,#856));
#4097=EDGE_LOOP('',(#857,#858,#859,#860));
#4098=EDGE_LOOP('',(#861,#862,#863,#864));
#4099=EDGE_LOOP('',(#865,#866,#867,#868));
#4100=EDGE_LOOP('',(#869));
#4101=EDGE_LOOP('',(#870));
#4102=EDGE_LOOP('',(#871));
#4103=EDGE_LOOP('',(#872));
#4104=EDGE_LOOP('',(#873,#874,#875,#876,#877,#878,#879,#880,#881,#882));
#4105=EDGE_LOOP('',(#883,#884,#885,#886,#887,#888,#889,#890));
#4106=EDGE_LOOP('',(#891,#892,#893,#894));
#4107=EDGE_LOOP('',(#895,#896,#897,#898));
#4108=EDGE_LOOP('',(#899,#900,#901,#902));
#4109=EDGE_LOOP('',(#903,#904,#905,#906));
#4110=EDGE_LOOP('',(#907,#908,#909,#910));
#4111=EDGE_LOOP('',(#911,#912,#913,#914));
#4112=EDGE_LOOP('',(#915,#916,#917,#918));
#4113=EDGE_LOOP('',(#919,#920,#921,#922));
#4114=EDGE_LOOP('',(#923,#924,#925,#926));
#4115=EDGE_LOOP('',(#927,#928,#929,#930));
#4116=EDGE_LOOP('',(#931,#932,#933,#934));
#4117=EDGE_LOOP('',(#935,#936,#937,#938));
#4118=EDGE_LOOP('',(#939,#940,#941,#942));
#4119=EDGE_LOOP('',(#943,#944,#945,#946,#947,#948,#949,#950,#951,#952));
#4120=EDGE_LOOP('',(#953,#954,#955,#956,#957,#958,#959,#960,#961,#962));
#4121=EDGE_LOOP('',(#963,#964,#965,#966));
#4122=EDGE_LOOP('',(#967));
#4123=EDGE_LOOP('',(#968));
#4124=EDGE_LOOP('',(#969));
#4125=EDGE_LOOP('',(#970));
#4126=EDGE_LOOP('',(#971,#972));
#4127=EDGE_LOOP('',(#973));
#4128=EDGE_LOOP('',(#974,#975,#976,#977));
#4129=EDGE_LOOP('',(#978,#979));
#4130=EDGE_LOOP('',(#980));
#4131=EDGE_LOOP('',(#981));
#4132=EDGE_LOOP('',(#982));
#4133=EDGE_LOOP('',(#983));
#4134=EDGE_LOOP('',(#984,#985));
#4135=EDGE_LOOP('',(#986));
#4136=EDGE_LOOP('',(#987,#988,#989,#990));
#4137=EDGE_LOOP('',(#991,#992));
#4138=EDGE_LOOP('',(#993));
#4139=EDGE_LOOP('',(#994,#995));
#4140=EDGE_LOOP('',(#996,#997,#998,#999));
#4141=EDGE_LOOP('',(#1000,#1001));
#4142=EDGE_LOOP('',(#1002));
#4143=EDGE_LOOP('',(#1003));
#4144=EDGE_LOOP('',(#1004));
#4145=EDGE_LOOP('',(#1005));
#4146=EDGE_LOOP('',(#1006));
#4147=EDGE_LOOP('',(#1007,#1008));
#4148=EDGE_LOOP('',(#1009,#1010,#1011,#1012));
#4149=EDGE_LOOP('',(#1013,#1014));
#4150=EDGE_LOOP('',(#1015));
#4151=EDGE_LOOP('',(#1016));
#4152=EDGE_LOOP('',(#1017));
#4153=EDGE_LOOP('',(#1018));
#4154=EDGE_LOOP('',(#1019,#1020,#1021,#1022));
#4155=EDGE_LOOP('',(#1023));
#4156=EDGE_LOOP('',(#1024,#1025,#1026,#1027,#1028,#1029,#1030,#1031));
#4157=EDGE_LOOP('',(#1032,#1033,#1034,#1035));
#4158=EDGE_LOOP('',(#1036,#1037,#1038,#1039));
#4159=EDGE_LOOP('',(#1040,#1041,#1042,#1043,#1044,#1045,#1046,#1047));
#4160=EDGE_LOOP('',(#1048,#1049,#1050,#1051,#1052,#1053,#1054,#1055,#1056,
#1057));
#4161=EDGE_LOOP('',(#1058,#1059,#1060,#1061));
#4162=EDGE_LOOP('',(#1062,#1063,#1064,#1065));
#4163=EDGE_LOOP('',(#1066,#1067,#1068,#1069));
#4164=EDGE_LOOP('',(#1070,#1071,#1072,#1073));
#4165=EDGE_LOOP('',(#1074,#1075,#1076,#1077));
#4166=EDGE_LOOP('',(#1078,#1079,#1080,#1081));
#4167=EDGE_LOOP('',(#1082,#1083,#1084,#1085));
#4168=EDGE_LOOP('',(#1086,#1087,#1088,#1089));
#4169=EDGE_LOOP('',(#1090,#1091,#1092,#1093));
#4170=EDGE_LOOP('',(#1094,#1095,#1096,#1097));
#4171=EDGE_LOOP('',(#1098,#1099,#1100,#1101));
#4172=EDGE_LOOP('',(#1102,#1103,#1104,#1105));
#4173=EDGE_LOOP('',(#1106,#1107,#1108,#1109));
#4174=EDGE_LOOP('',(#1110,#1111,#1112,#1113));
#4175=EDGE_LOOP('',(#1114,#1115,#1116,#1117));
#4176=EDGE_LOOP('',(#1118,#1119,#1120,#1121));
#4177=EDGE_LOOP('',(#1122,#1123,#1124,#1125));
#4178=EDGE_LOOP('',(#1126,#1127,#1128,#1129));
#4179=EDGE_LOOP('',(#1130,#1131,#1132,#1133));
#4180=EDGE_LOOP('',(#1134,#1135,#1136,#1137));
#4181=EDGE_LOOP('',(#1138,#1139,#1140,#1141));
#4182=EDGE_LOOP('',(#1142,#1143,#1144,#1145));
#4183=EDGE_LOOP('',(#1146,#1147,#1148,#1149));
#4184=EDGE_LOOP('',(#1150,#1151,#1152,#1153));
#4185=EDGE_LOOP('',(#1154,#1155,#1156,#1157));
#4186=EDGE_LOOP('',(#1158,#1159,#1160,#1161));
#4187=EDGE_LOOP('',(#1162,#1163,#1164,#1165));
#4188=EDGE_LOOP('',(#1166,#1167,#1168,#1169));
#4189=EDGE_LOOP('',(#1170));
#4190=EDGE_LOOP('',(#1171));
#4191=EDGE_LOOP('',(#1172));
#4192=EDGE_LOOP('',(#1173));
#4193=EDGE_LOOP('',(#1174,#1175,#1176,#1177));
#4194=EDGE_LOOP('',(#1178,#1179,#1180,#1181));
#4195=EDGE_LOOP('',(#1182,#1183,#1184,#1185));
#4196=EDGE_LOOP('',(#1186,#1187,#1188,#1189));
#4197=EDGE_LOOP('',(#1190,#1191,#1192,#1193));
#4198=EDGE_LOOP('',(#1194,#1195,#1196,#1197));
#4199=EDGE_LOOP('',(#1198,#1199,#1200,#1201));
#4200=EDGE_LOOP('',(#1202,#1203,#1204,#1205));
#4201=EDGE_LOOP('',(#1206,#1207,#1208,#1209));
#4202=EDGE_LOOP('',(#1210,#1211,#1212,#1213));
#4203=EDGE_LOOP('',(#1214,#1215,#1216,#1217));
#4204=EDGE_LOOP('',(#1218));
#4205=EDGE_LOOP('',(#1219));
#4206=EDGE_LOOP('',(#1220));
#4207=EDGE_LOOP('',(#1221));
#4208=EDGE_LOOP('',(#1222));
#4209=EDGE_LOOP('',(#1223));
#4210=EDGE_LOOP('',(#1224));
#4211=EDGE_LOOP('',(#1225));
#4212=EDGE_LOOP('',(#1226));
#4213=EDGE_LOOP('',(#1227));
#4214=EDGE_LOOP('',(#1228,#1229,#1230,#1231));
#4215=EDGE_LOOP('',(#1232,#1233,#1234,#1235));
#4216=EDGE_LOOP('',(#1236,#1237,#1238,#1239));
#4217=EDGE_LOOP('',(#1240,#1241,#1242,#1243));
#4218=EDGE_LOOP('',(#1244,#1245,#1246,#1247));
#4219=EDGE_LOOP('',(#1248,#1249,#1250,#1251));
#4220=EDGE_LOOP('',(#1252,#1253,#1254,#1255));
#4221=EDGE_LOOP('',(#1256,#1257,#1258,#1259));
#4222=EDGE_LOOP('',(#1260,#1261,#1262,#1263));
#4223=EDGE_LOOP('',(#1264,#1265,#1266,#1267));
#4224=EDGE_LOOP('',(#1268,#1269,#1270,#1271));
#4225=EDGE_LOOP('',(#1272,#1273,#1274,#1275));
#4226=EDGE_LOOP('',(#1276,#1277,#1278,#1279));
#4227=EDGE_LOOP('',(#1280,#1281,#1282,#1283));
#4228=EDGE_LOOP('',(#1284,#1285,#1286,#1287));
#4229=EDGE_LOOP('',(#1288,#1289,#1290,#1291));
#4230=EDGE_LOOP('',(#1292,#1293,#1294,#1295,#1296,#1297,#1298,#1299,#1300,
#1301));
#4231=EDGE_LOOP('',(#1302,#1303,#1304,#1305,#1306,#1307));
#4232=EDGE_LOOP('',(#1308,#1309,#1310,#1311,#1312,#1313,#1314,#1315,#1316,
#1317));
#4233=EDGE_LOOP('',(#1318,#1319,#1320,#1321,#1322,#1323));
#4234=EDGE_LOOP('',(#1324,#1325,#1326,#1327));
#4235=EDGE_LOOP('',(#1328,#1329,#1330,#1331));
#4236=EDGE_LOOP('',(#1332));
#4237=EDGE_LOOP('',(#1333));
#4238=EDGE_LOOP('',(#1334));
#4239=EDGE_LOOP('',(#1335));
#4240=EDGE_LOOP('',(#1336,#1337,#1338,#1339,#1340,#1341,#1342,#1343,#1344,
#1345,#1346,#1347));
#4241=EDGE_LOOP('',(#1348,#1349,#1350,#1351,#1352,#1353,#1354,#1355));
#4242=EDGE_LOOP('',(#1356,#1357,#1358,#1359,#1360,#1361,#1362,#1363));
#4243=EDGE_LOOP('',(#1364,#1365,#1366,#1367,#1368,#1369,#1370,#1371));
#4244=EDGE_LOOP('',(#1372,#1373,#1374,#1375,#1376,#1377,#1378,#1379));
#4245=EDGE_LOOP('',(#1380,#1381,#1382,#1383,#1384,#1385,#1386,#1387));
#4246=EDGE_LOOP('',(#1388,#1389,#1390,#1391));
#4247=EDGE_LOOP('',(#1392,#1393,#1394,#1395));
#4248=EDGE_LOOP('',(#1396,#1397,#1398,#1399));
#4249=EDGE_LOOP('',(#1400,#1401,#1402,#1403));
#4250=EDGE_LOOP('',(#1404,#1405,#1406,#1407,#1408,#1409,#1410,#1411,#1412,
#1413,#1414,#1415,#1416,#1417,#1418,#1419));
#4251=EDGE_LOOP('',(#1420,#1421,#1422,#1423,#1424,#1425,#1426,#1427));
#4252=EDGE_LOOP('',(#1428,#1429,#1430,#1431));
#4253=EDGE_LOOP('',(#1432,#1433,#1434,#1435,#1436,#1437,#1438,#1439));
#4254=EDGE_LOOP('',(#1440,#1441,#1442,#1443));
#4255=EDGE_LOOP('',(#1444,#1445,#1446,#1447));
#4256=EDGE_LOOP('',(#1448,#1449,#1450,#1451));
#4257=EDGE_LOOP('',(#1452,#1453,#1454,#1455));
#4258=EDGE_LOOP('',(#1456,#1457,#1458,#1459));
#4259=EDGE_LOOP('',(#1460,#1461,#1462,#1463));
#4260=EDGE_LOOP('',(#1464,#1465,#1466,#1467));
#4261=EDGE_LOOP('',(#1468,#1469,#1470,#1471));
#4262=EDGE_LOOP('',(#1472,#1473,#1474,#1475));
#4263=EDGE_LOOP('',(#1476,#1477,#1478,#1479));
#4264=EDGE_LOOP('',(#1480,#1481,#1482,#1483,#1484,#1485,#1486,#1487));
#4265=EDGE_LOOP('',(#1488,#1489,#1490,#1491,#1492,#1493,#1494,#1495));
#4266=EDGE_LOOP('',(#1496,#1497,#1498,#1499));
#4267=EDGE_LOOP('',(#1500,#1501,#1502,#1503));
#4268=EDGE_LOOP('',(#1504,#1505,#1506,#1507));
#4269=EDGE_LOOP('',(#1508,#1509,#1510,#1511));
#4270=EDGE_LOOP('',(#1512,#1513,#1514,#1515));
#4271=EDGE_LOOP('',(#1516,#1517,#1518,#1519));
#4272=EDGE_LOOP('',(#1520,#1521,#1522,#1523));
#4273=EDGE_LOOP('',(#1524,#1525,#1526,#1527));
#4274=EDGE_LOOP('',(#1528,#1529,#1530,#1531));
#4275=EDGE_LOOP('',(#1532,#1533,#1534,#1535));
#4276=EDGE_LOOP('',(#1536,#1537));
#4277=EDGE_LOOP('',(#1538,#1539,#1540,#1541));
#4278=EDGE_LOOP('',(#1542));
#4279=EDGE_LOOP('',(#1543,#1544));
#4280=EDGE_LOOP('',(#1545));
#4281=EDGE_LOOP('',(#1546,#1547));
#4282=EDGE_LOOP('',(#1548,#1549,#1550,#1551));
#4283=EDGE_LOOP('',(#1552));
#4284=EDGE_LOOP('',(#1553,#1554));
#4285=EDGE_LOOP('',(#1555));
#4286=EDGE_LOOP('',(#1556,#1557));
#4287=EDGE_LOOP('',(#1558,#1559,#1560,#1561));
#4288=EDGE_LOOP('',(#1562));
#4289=EDGE_LOOP('',(#1563,#1564));
#4290=EDGE_LOOP('',(#1565));
#4291=EDGE_LOOP('',(#1566,#1567));
#4292=EDGE_LOOP('',(#1568,#1569,#1570,#1571));
#4293=EDGE_LOOP('',(#1572));
#4294=EDGE_LOOP('',(#1573,#1574));
#4295=EDGE_LOOP('',(#1575));
#4296=EDGE_LOOP('',(#1576,#1577,#1578,#1579));
#4297=EDGE_LOOP('',(#1580,#1581,#1582,#1583));
#4298=EDGE_LOOP('',(#1584,#1585,#1586,#1587));
#4299=EDGE_LOOP('',(#1588));
#4300=EDGE_LOOP('',(#1589,#1590,#1591,#1592,#1593,#1594));
#4301=EDGE_LOOP('',(#1595,#1596,#1597,#1598));
#4302=EDGE_LOOP('',(#1599,#1600,#1601,#1602));
#4303=EDGE_LOOP('',(#1603,#1604,#1605,#1606));
#4304=EDGE_LOOP('',(#1607));
#4305=EDGE_LOOP('',(#1608,#1609,#1610,#1611,#1612,#1613));
#4306=EDGE_LOOP('',(#1614,#1615,#1616,#1617));
#4307=EDGE_LOOP('',(#1618,#1619,#1620,#1621));
#4308=EDGE_LOOP('',(#1622,#1623,#1624,#1625));
#4309=EDGE_LOOP('',(#1626));
#4310=EDGE_LOOP('',(#1627,#1628,#1629,#1630,#1631,#1632));
#4311=EDGE_LOOP('',(#1633,#1634,#1635,#1636));
#4312=EDGE_LOOP('',(#1637,#1638,#1639,#1640));
#4313=EDGE_LOOP('',(#1641,#1642,#1643,#1644));
#4314=EDGE_LOOP('',(#1645));
#4315=EDGE_LOOP('',(#1646,#1647,#1648,#1649,#1650,#1651));
#4316=EDGE_LOOP('',(#1652,#1653,#1654,#1655));
#4317=EDGE_LOOP('',(#1656,#1657,#1658,#1659));
#4318=EDGE_LOOP('',(#1660,#1661,#1662,#1663));
#4319=EDGE_LOOP('',(#1664,#1665,#1666,#1667));
#4320=EDGE_LOOP('',(#1668,#1669,#1670,#1671));
#4321=EDGE_LOOP('',(#1672,#1673,#1674,#1675));
#4322=EDGE_LOOP('',(#1676,#1677,#1678,#1679));
#4323=EDGE_LOOP('',(#1680,#1681,#1682,#1683));
#4324=EDGE_LOOP('',(#1684,#1685,#1686,#1687));
#4325=EDGE_LOOP('',(#1688,#1689,#1690,#1691));
#4326=EDGE_LOOP('',(#1692,#1693,#1694,#1695));
#4327=EDGE_LOOP('',(#1696,#1697,#1698,#1699));
#4328=EDGE_LOOP('',(#1700,#1701,#1702,#1703));
#4329=EDGE_LOOP('',(#1704,#1705,#1706,#1707));
#4330=EDGE_LOOP('',(#1708,#1709,#1710,#1711));
#4331=EDGE_LOOP('',(#1712,#1713,#1714,#1715));
#4332=EDGE_LOOP('',(#1716));
#4333=EDGE_LOOP('',(#1717));
#4334=EDGE_LOOP('',(#1718));
#4335=EDGE_LOOP('',(#1719));
#4336=EDGE_LOOP('',(#1720));
#4337=EDGE_LOOP('',(#1721));
#4338=EDGE_LOOP('',(#1722));
#4339=EDGE_LOOP('',(#1723));
#4340=EDGE_LOOP('',(#1724));
#4341=EDGE_LOOP('',(#1725));
#4342=EDGE_LOOP('',(#1726));
#4343=EDGE_LOOP('',(#1727));
#4344=EDGE_LOOP('',(#1728));
#4345=EDGE_LOOP('',(#1729));
#4346=EDGE_LOOP('',(#1730));
#4347=EDGE_LOOP('',(#1731));
#4348=EDGE_LOOP('',(#1732,#1733,#1734,#1735));
#4349=EDGE_LOOP('',(#1736,#1737,#1738,#1739));
#4350=EDGE_LOOP('',(#1740,#1741,#1742,#1743));
#4351=EDGE_LOOP('',(#1744,#1745,#1746,#1747));
#4352=EDGE_LOOP('',(#1748,#1749,#1750,#1751));
#4353=EDGE_LOOP('',(#1752,#1753,#1754,#1755));
#4354=EDGE_LOOP('',(#1756,#1757,#1758,#1759));
#4355=EDGE_LOOP('',(#1760,#1761,#1762,#1763));
#4356=EDGE_LOOP('',(#1764,#1765,#1766,#1767));
#4357=EDGE_LOOP('',(#1768,#1769,#1770,#1771));
#4358=EDGE_LOOP('',(#1772,#1773,#1774,#1775));
#4359=EDGE_LOOP('',(#1776,#1777,#1778,#1779));
#4360=EDGE_LOOP('',(#1780,#1781,#1782,#1783));
#4361=EDGE_LOOP('',(#1784,#1785,#1786,#1787));
#4362=EDGE_LOOP('',(#1788,#1789,#1790,#1791));
#4363=EDGE_LOOP('',(#1792,#1793,#1794,#1795));
#4364=EDGE_LOOP('',(#1796,#1797,#1798,#1799,#1800,#1801,#1802,#1803));
#4365=EDGE_LOOP('',(#1804,#1805,#1806,#1807,#1808,#1809,#1810,#1811));
#4366=FACE_BOUND('',#3974,.T.);
#4367=FACE_BOUND('',#3975,.T.);
#4368=FACE_BOUND('',#3976,.T.);
#4369=FACE_BOUND('',#3977,.T.);
#4370=FACE_BOUND('',#3978,.T.);
#4371=FACE_BOUND('',#3979,.T.);
#4372=FACE_BOUND('',#3980,.T.);
#4373=FACE_BOUND('',#3981,.T.);
#4374=FACE_BOUND('',#3982,.T.);
#4375=FACE_BOUND('',#3983,.T.);
#4376=FACE_BOUND('',#3984,.T.);
#4377=FACE_BOUND('',#3985,.T.);
#4378=FACE_BOUND('',#3986,.T.);
#4379=FACE_BOUND('',#3987,.T.);
#4380=FACE_BOUND('',#3988,.T.);
#4381=FACE_BOUND('',#3989,.T.);
#4382=FACE_BOUND('',#3990,.T.);
#4383=FACE_BOUND('',#3991,.T.);
#4384=FACE_BOUND('',#3992,.T.);
#4385=FACE_BOUND('',#3993,.T.);
#4386=FACE_BOUND('',#3994,.T.);
#4387=FACE_BOUND('',#3995,.T.);
#4388=FACE_BOUND('',#3996,.T.);
#4389=FACE_BOUND('',#3997,.T.);
#4390=FACE_BOUND('',#3998,.T.);
#4391=FACE_BOUND('',#3999,.T.);
#4392=FACE_BOUND('',#4000,.T.);
#4393=FACE_BOUND('',#4001,.T.);
#4394=FACE_BOUND('',#4002,.T.);
#4395=FACE_BOUND('',#4003,.T.);
#4396=FACE_BOUND('',#4004,.T.);
#4397=FACE_BOUND('',#4005,.T.);
#4398=FACE_BOUND('',#4006,.T.);
#4399=FACE_BOUND('',#4007,.T.);
#4400=FACE_BOUND('',#4008,.T.);
#4401=FACE_BOUND('',#4009,.T.);
#4402=FACE_BOUND('',#4010,.T.);
#4403=FACE_BOUND('',#4011,.T.);
#4404=FACE_BOUND('',#72,.T.);
#4405=FACE_BOUND('',#4012,.T.);
#4406=FACE_BOUND('',#4013,.T.);
#4407=FACE_BOUND('',#4014,.T.);
#4408=FACE_BOUND('',#73,.T.);
#4409=FACE_BOUND('',#4015,.T.);
#4410=FACE_BOUND('',#4016,.T.);
#4411=FACE_BOUND('',#4017,.T.);
#4412=FACE_BOUND('',#74,.T.);
#4413=FACE_BOUND('',#4018,.T.);
#4414=FACE_BOUND('',#4019,.T.);
#4415=FACE_BOUND('',#4020,.T.);
#4416=FACE_BOUND('',#75,.T.);
#4417=FACE_BOUND('',#4021,.T.);
#4418=FACE_BOUND('',#4022,.T.);
#4419=FACE_BOUND('',#4023,.T.);
#4420=FACE_BOUND('',#4024,.T.);
#4421=FACE_BOUND('',#4025,.T.);
#4422=FACE_BOUND('',#4026,.T.);
#4423=FACE_BOUND('',#4027,.T.);
#4424=FACE_BOUND('',#4028,.T.);
#4425=FACE_BOUND('',#4029,.T.);
#4426=FACE_BOUND('',#4030,.T.);
#4427=FACE_BOUND('',#4031,.T.);
#4428=FACE_BOUND('',#4032,.T.);
#4429=FACE_BOUND('',#4033,.T.);
#4430=FACE_BOUND('',#4034,.T.);
#4431=FACE_BOUND('',#4035,.T.);
#4432=FACE_BOUND('',#4036,.T.);
#4433=FACE_BOUND('',#4037,.T.);
#4434=FACE_BOUND('',#4038,.T.);
#4435=FACE_BOUND('',#4039,.T.);
#4436=FACE_BOUND('',#4040,.T.);
#4437=FACE_BOUND('',#4041,.T.);
#4438=FACE_BOUND('',#4042,.T.);
#4439=FACE_BOUND('',#4043,.T.);
#4440=FACE_BOUND('',#4044,.T.);
#4441=FACE_BOUND('',#4045,.T.);
#4442=FACE_BOUND('',#4046,.T.);
#4443=FACE_BOUND('',#4047,.T.);
#4444=FACE_BOUND('',#4048,.T.);
#4445=FACE_BOUND('',#4049,.T.);
#4446=FACE_BOUND('',#4050,.T.);
#4447=FACE_BOUND('',#4051,.T.);
#4448=FACE_BOUND('',#4052,.T.);
#4449=FACE_BOUND('',#4053,.T.);
#4450=FACE_BOUND('',#4054,.T.);
#4451=FACE_BOUND('',#4055,.T.);
#4452=FACE_BOUND('',#4056,.T.);
#4453=FACE_BOUND('',#4057,.T.);
#4454=FACE_BOUND('',#4058,.T.);
#4455=FACE_BOUND('',#4059,.T.);
#4456=FACE_BOUND('',#4060,.T.);
#4457=FACE_BOUND('',#4061,.T.);
#4458=FACE_BOUND('',#4062,.T.);
#4459=FACE_BOUND('',#4063,.T.);
#4460=FACE_BOUND('',#4064,.T.);
#4461=FACE_BOUND('',#4065,.T.);
#4462=FACE_BOUND('',#4066,.T.);
#4463=FACE_BOUND('',#4067,.T.);
#4464=FACE_BOUND('',#4068,.T.);
#4465=FACE_BOUND('',#4069,.T.);
#4466=FACE_BOUND('',#4070,.T.);
#4467=FACE_BOUND('',#4071,.T.);
#4468=FACE_BOUND('',#4072,.T.);
#4469=FACE_BOUND('',#4073,.T.);
#4470=FACE_BOUND('',#4074,.T.);
#4471=FACE_BOUND('',#4075,.T.);
#4472=FACE_BOUND('',#4076,.T.);
#4473=FACE_BOUND('',#4077,.T.);
#4474=FACE_BOUND('',#4078,.T.);
#4475=FACE_BOUND('',#4079,.T.);
#4476=FACE_BOUND('',#4080,.T.);
#4477=FACE_BOUND('',#4081,.T.);
#4478=FACE_BOUND('',#4082,.T.);
#4479=FACE_BOUND('',#4083,.T.);
#4480=FACE_BOUND('',#4084,.T.);
#4481=FACE_BOUND('',#4085,.T.);
#4482=FACE_BOUND('',#4086,.T.);
#4483=FACE_BOUND('',#4087,.T.);
#4484=FACE_BOUND('',#4088,.T.);
#4485=FACE_BOUND('',#4089,.T.);
#4486=FACE_BOUND('',#4090,.T.);
#4487=FACE_BOUND('',#4091,.T.);
#4488=FACE_BOUND('',#4092,.T.);
#4489=FACE_BOUND('',#4093,.T.);
#4490=FACE_BOUND('',#4094,.T.);
#4491=FACE_BOUND('',#4095,.T.);
#4492=FACE_BOUND('',#4096,.T.);
#4493=FACE_BOUND('',#4097,.T.);
#4494=FACE_BOUND('',#4098,.T.);
#4495=FACE_BOUND('',#4099,.T.);
#4496=FACE_BOUND('',#4100,.T.);
#4497=FACE_BOUND('',#4101,.T.);
#4498=FACE_BOUND('',#4102,.T.);
#4499=FACE_BOUND('',#4103,.T.);
#4500=FACE_BOUND('',#4104,.T.);
#4501=FACE_BOUND('',#4105,.T.);
#4502=FACE_BOUND('',#4106,.T.);
#4503=FACE_BOUND('',#4107,.T.);
#4504=FACE_BOUND('',#4108,.T.);
#4505=FACE_BOUND('',#4109,.T.);
#4506=FACE_BOUND('',#4110,.T.);
#4507=FACE_BOUND('',#4111,.T.);
#4508=FACE_BOUND('',#4112,.T.);
#4509=FACE_BOUND('',#4113,.T.);
#4510=FACE_BOUND('',#4114,.T.);
#4511=FACE_BOUND('',#4115,.T.);
#4512=FACE_BOUND('',#4116,.T.);
#4513=FACE_BOUND('',#4117,.T.);
#4514=FACE_BOUND('',#4118,.T.);
#4515=FACE_BOUND('',#4119,.T.);
#4516=FACE_BOUND('',#4120,.T.);
#4517=FACE_BOUND('',#4121,.T.);
#4518=FACE_BOUND('',#4122,.T.);
#4519=FACE_BOUND('',#4123,.T.);
#4520=FACE_BOUND('',#4124,.T.);
#4521=FACE_BOUND('',#4125,.T.);
#4522=FACE_BOUND('',#4126,.T.);
#4523=FACE_BOUND('',#4127,.T.);
#4524=FACE_BOUND('',#4128,.T.);
#4525=FACE_BOUND('',#4129,.T.);
#4526=FACE_BOUND('',#4130,.T.);
#4527=FACE_BOUND('',#4131,.T.);
#4528=FACE_BOUND('',#4132,.T.);
#4529=FACE_BOUND('',#4133,.T.);
#4530=FACE_BOUND('',#4134,.T.);
#4531=FACE_BOUND('',#4135,.T.);
#4532=FACE_BOUND('',#4136,.T.);
#4533=FACE_BOUND('',#4137,.T.);
#4534=FACE_BOUND('',#4138,.T.);
#4535=FACE_BOUND('',#4139,.T.);
#4536=FACE_BOUND('',#4140,.T.);
#4537=FACE_BOUND('',#4141,.T.);
#4538=FACE_BOUND('',#4142,.T.);
#4539=FACE_BOUND('',#4143,.T.);
#4540=FACE_BOUND('',#4144,.T.);
#4541=FACE_BOUND('',#4145,.T.);
#4542=FACE_BOUND('',#4146,.T.);
#4543=FACE_BOUND('',#4147,.T.);
#4544=FACE_BOUND('',#4148,.T.);
#4545=FACE_BOUND('',#4149,.T.);
#4546=FACE_BOUND('',#4150,.T.);
#4547=FACE_BOUND('',#4151,.T.);
#4548=FACE_BOUND('',#4152,.T.);
#4549=FACE_BOUND('',#4153,.T.);
#4550=FACE_BOUND('',#4154,.T.);
#4551=FACE_BOUND('',#4155,.T.);
#4552=FACE_BOUND('',#4156,.T.);
#4553=FACE_BOUND('',#4157,.T.);
#4554=FACE_BOUND('',#4158,.T.);
#4555=FACE_BOUND('',#4159,.T.);
#4556=FACE_BOUND('',#4160,.T.);
#4557=FACE_BOUND('',#4161,.T.);
#4558=FACE_BOUND('',#4162,.T.);
#4559=FACE_BOUND('',#4163,.T.);
#4560=FACE_BOUND('',#4164,.T.);
#4561=FACE_BOUND('',#4165,.T.);
#4562=FACE_BOUND('',#4166,.T.);
#4563=FACE_BOUND('',#4167,.T.);
#4564=FACE_BOUND('',#4168,.T.);
#4565=FACE_BOUND('',#4169,.T.);
#4566=FACE_BOUND('',#4170,.T.);
#4567=FACE_BOUND('',#4171,.T.);
#4568=FACE_BOUND('',#4172,.T.);
#4569=FACE_BOUND('',#4173,.T.);
#4570=FACE_BOUND('',#4174,.T.);
#4571=FACE_BOUND('',#4175,.T.);
#4572=FACE_BOUND('',#4176,.T.);
#4573=FACE_BOUND('',#4177,.T.);
#4574=FACE_BOUND('',#4178,.T.);
#4575=FACE_BOUND('',#4179,.T.);
#4576=FACE_BOUND('',#4180,.T.);
#4577=FACE_BOUND('',#4181,.T.);
#4578=FACE_BOUND('',#4182,.T.);
#4579=FACE_BOUND('',#4183,.T.);
#4580=FACE_BOUND('',#4184,.T.);
#4581=FACE_BOUND('',#4185,.T.);
#4582=FACE_BOUND('',#4186,.T.);
#4583=FACE_BOUND('',#4187,.T.);
#4584=FACE_BOUND('',#4188,.T.);
#4585=FACE_BOUND('',#4189,.T.);
#4586=FACE_BOUND('',#4190,.T.);
#4587=FACE_BOUND('',#4191,.T.);
#4588=FACE_BOUND('',#4192,.T.);
#4589=FACE_BOUND('',#4193,.T.);
#4590=FACE_BOUND('',#4194,.T.);
#4591=FACE_BOUND('',#4195,.T.);
#4592=FACE_BOUND('',#4196,.T.);
#4593=FACE_BOUND('',#4197,.T.);
#4594=FACE_BOUND('',#4198,.T.);
#4595=FACE_BOUND('',#4199,.T.);
#4596=FACE_BOUND('',#4200,.T.);
#4597=FACE_BOUND('',#4201,.T.);
#4598=FACE_BOUND('',#4202,.T.);
#4599=FACE_BOUND('',#4203,.T.);
#4600=FACE_BOUND('',#4204,.T.);
#4601=FACE_BOUND('',#4205,.T.);
#4602=FACE_BOUND('',#4206,.T.);
#4603=FACE_BOUND('',#4207,.T.);
#4604=FACE_BOUND('',#4208,.T.);
#4605=FACE_BOUND('',#4209,.T.);
#4606=FACE_BOUND('',#4210,.T.);
#4607=FACE_BOUND('',#4211,.T.);
#4608=FACE_BOUND('',#4212,.T.);
#4609=FACE_BOUND('',#4213,.T.);
#4610=FACE_BOUND('',#4214,.T.);
#4611=FACE_BOUND('',#4215,.T.);
#4612=FACE_BOUND('',#4216,.T.);
#4613=FACE_BOUND('',#4217,.T.);
#4614=FACE_BOUND('',#4218,.T.);
#4615=FACE_BOUND('',#4219,.T.);
#4616=FACE_BOUND('',#4220,.T.);
#4617=FACE_BOUND('',#4221,.T.);
#4618=FACE_BOUND('',#4222,.T.);
#4619=FACE_BOUND('',#4223,.T.);
#4620=FACE_BOUND('',#4224,.T.);
#4621=FACE_BOUND('',#4225,.T.);
#4622=FACE_BOUND('',#4226,.T.);
#4623=FACE_BOUND('',#4227,.T.);
#4624=FACE_BOUND('',#4228,.T.);
#4625=FACE_BOUND('',#4229,.T.);
#4626=FACE_BOUND('',#4230,.T.);
#4627=FACE_BOUND('',#4231,.T.);
#4628=FACE_BOUND('',#4232,.T.);
#4629=FACE_BOUND('',#4233,.T.);
#4630=FACE_BOUND('',#4234,.T.);
#4631=FACE_BOUND('',#4235,.T.);
#4632=FACE_BOUND('',#4236,.T.);
#4633=FACE_BOUND('',#4237,.T.);
#4634=FACE_BOUND('',#4238,.T.);
#4635=FACE_BOUND('',#4239,.T.);
#4636=FACE_BOUND('',#4240,.T.);
#4637=FACE_BOUND('',#4241,.T.);
#4638=FACE_BOUND('',#4242,.T.);
#4639=FACE_BOUND('',#4243,.T.);
#4640=FACE_BOUND('',#4244,.T.);
#4641=FACE_BOUND('',#4245,.T.);
#4642=FACE_BOUND('',#4246,.T.);
#4643=FACE_BOUND('',#4247,.T.);
#4644=FACE_BOUND('',#4248,.T.);
#4645=FACE_BOUND('',#4249,.T.);
#4646=FACE_BOUND('',#4250,.T.);
#4647=FACE_BOUND('',#4251,.T.);
#4648=FACE_BOUND('',#4252,.T.);
#4649=FACE_BOUND('',#4253,.T.);
#4650=FACE_BOUND('',#4254,.T.);
#4651=FACE_BOUND('',#4255,.T.);
#4652=FACE_BOUND('',#4256,.T.);
#4653=FACE_BOUND('',#4257,.T.);
#4654=FACE_BOUND('',#4258,.T.);
#4655=FACE_BOUND('',#4259,.T.);
#4656=FACE_BOUND('',#4260,.T.);
#4657=FACE_BOUND('',#4261,.T.);
#4658=FACE_BOUND('',#4262,.T.);
#4659=FACE_BOUND('',#4263,.T.);
#4660=FACE_BOUND('',#4264,.T.);
#4661=FACE_BOUND('',#4265,.T.);
#4662=FACE_BOUND('',#4266,.T.);
#4663=FACE_BOUND('',#4267,.T.);
#4664=FACE_BOUND('',#4268,.T.);
#4665=FACE_BOUND('',#4269,.T.);
#4666=FACE_BOUND('',#4270,.T.);
#4667=FACE_BOUND('',#4271,.T.);
#4668=FACE_BOUND('',#4272,.T.);
#4669=FACE_BOUND('',#4273,.T.);
#4670=FACE_BOUND('',#4274,.T.);
#4671=FACE_BOUND('',#4275,.T.);
#4672=FACE_BOUND('',#4276,.T.);
#4673=FACE_BOUND('',#4277,.T.);
#4674=FACE_BOUND('',#4278,.T.);
#4675=FACE_BOUND('',#4279,.T.);
#4676=FACE_BOUND('',#4280,.T.);
#4677=FACE_BOUND('',#4281,.T.);
#4678=FACE_BOUND('',#4282,.T.);
#4679=FACE_BOUND('',#4283,.T.);
#4680=FACE_BOUND('',#4284,.T.);
#4681=FACE_BOUND('',#4285,.T.);
#4682=FACE_BOUND('',#4286,.T.);
#4683=FACE_BOUND('',#4287,.T.);
#4684=FACE_BOUND('',#4288,.T.);
#4685=FACE_BOUND('',#4289,.T.);
#4686=FACE_BOUND('',#4290,.T.);
#4687=FACE_BOUND('',#4291,.T.);
#4688=FACE_BOUND('',#4292,.T.);
#4689=FACE_BOUND('',#4293,.T.);
#4690=FACE_BOUND('',#4294,.T.);
#4691=FACE_BOUND('',#4295,.T.);
#4692=FACE_BOUND('',#4296,.T.);
#4693=FACE_BOUND('',#4297,.T.);
#4694=FACE_BOUND('',#4298,.T.);
#4695=FACE_BOUND('',#4299,.T.);
#4696=FACE_BOUND('',#4300,.T.);
#4697=FACE_BOUND('',#4301,.T.);
#4698=FACE_BOUND('',#4302,.T.);
#4699=FACE_BOUND('',#4303,.T.);
#4700=FACE_BOUND('',#4304,.T.);
#4701=FACE_BOUND('',#4305,.T.);
#4702=FACE_BOUND('',#4306,.T.);
#4703=FACE_BOUND('',#4307,.T.);
#4704=FACE_BOUND('',#4308,.T.);
#4705=FACE_BOUND('',#4309,.T.);
#4706=FACE_BOUND('',#4310,.T.);
#4707=FACE_BOUND('',#4311,.T.);
#4708=FACE_BOUND('',#4312,.T.);
#4709=FACE_BOUND('',#4313,.T.);
#4710=FACE_BOUND('',#4314,.T.);
#4711=FACE_BOUND('',#4315,.T.);
#4712=FACE_BOUND('',#4316,.T.);
#4713=FACE_BOUND('',#4317,.T.);
#4714=FACE_BOUND('',#4318,.T.);
#4715=FACE_BOUND('',#4319,.T.);
#4716=FACE_BOUND('',#4320,.T.);
#4717=FACE_BOUND('',#4321,.T.);
#4718=FACE_BOUND('',#4322,.T.);
#4719=FACE_BOUND('',#4323,.T.);
#4720=FACE_BOUND('',#4324,.T.);
#4721=FACE_BOUND('',#4325,.T.);
#4722=FACE_BOUND('',#4326,.T.);
#4723=FACE_BOUND('',#4327,.T.);
#4724=FACE_BOUND('',#4328,.T.);
#4725=FACE_BOUND('',#4329,.T.);
#4726=FACE_BOUND('',#4330,.T.);
#4727=FACE_BOUND('',#4331,.T.);
#4728=FACE_BOUND('',#4332,.T.);
#4729=FACE_BOUND('',#4333,.T.);
#4730=FACE_BOUND('',#4334,.T.);
#4731=FACE_BOUND('',#4335,.T.);
#4732=FACE_BOUND('',#4336,.T.);
#4733=FACE_BOUND('',#4337,.T.);
#4734=FACE_BOUND('',#4338,.T.);
#4735=FACE_BOUND('',#4339,.T.);
#4736=FACE_BOUND('',#4340,.T.);
#4737=FACE_BOUND('',#4341,.T.);
#4738=FACE_BOUND('',#4342,.T.);
#4739=FACE_BOUND('',#4343,.T.);
#4740=FACE_BOUND('',#4344,.T.);
#4741=FACE_BOUND('',#4345,.T.);
#4742=FACE_BOUND('',#4346,.T.);
#4743=FACE_BOUND('',#4347,.T.);
#4744=FACE_BOUND('',#4348,.T.);
#4745=FACE_BOUND('',#4349,.T.);
#4746=FACE_BOUND('',#4350,.T.);
#4747=FACE_BOUND('',#4351,.T.);
#4748=FACE_BOUND('',#4352,.T.);
#4749=FACE_BOUND('',#4353,.T.);
#4750=FACE_BOUND('',#4354,.T.);
#4751=FACE_BOUND('',#4355,.T.);
#4752=FACE_BOUND('',#4356,.T.);
#4753=FACE_BOUND('',#4357,.T.);
#4754=FACE_BOUND('',#4358,.T.);
#4755=FACE_BOUND('',#4359,.T.);
#4756=FACE_BOUND('',#4360,.T.);
#4757=FACE_BOUND('',#4361,.T.);
#4758=FACE_BOUND('',#4362,.T.);
#4759=FACE_BOUND('',#4363,.T.);
#4760=FACE_BOUND('',#4364,.T.);
#4761=FACE_BOUND('',#4365,.T.);
#4762=PLANE('',#5314);
#4763=PLANE('',#5318);
#4764=PLANE('',#5322);
#4765=PLANE('',#5326);
#4766=PLANE('',#5330);
#4767=PLANE('',#5334);
#4768=PLANE('',#5338);
#4769=PLANE('',#5342);
#4770=PLANE('',#5346);
#4771=PLANE('',#5347);
#4772=PLANE('',#5352);
#4773=PLANE('',#5353);
#4774=PLANE('',#5354);
#4775=PLANE('',#5358);
#4776=PLANE('',#5362);
#4777=PLANE('',#5366);
#4778=PLANE('',#5370);
#4779=PLANE('',#5371);
#4780=PLANE('',#5372);
#4781=PLANE('',#5385);
#4782=PLANE('',#5386);
#4783=PLANE('',#5400);
#4784=PLANE('',#5401);
#4785=PLANE('',#5410);
#4786=PLANE('',#5419);
#4787=PLANE('',#5422);
#4788=PLANE('',#5425);
#4789=PLANE('',#5428);
#4790=PLANE('',#5431);
#4791=PLANE('',#5432);
#4792=PLANE('',#5433);
#4793=PLANE('',#5434);
#4794=PLANE('',#5435);
#4795=PLANE('',#5436);
#4796=PLANE('',#5439);
#4797=PLANE('',#5442);
#4798=PLANE('',#5445);
#4799=PLANE('',#5448);
#4800=PLANE('',#5449);
#4801=PLANE('',#5450);
#4802=PLANE('',#5451);
#4803=PLANE('',#5455);
#4804=PLANE('',#5459);
#4805=PLANE('',#5463);
#4806=PLANE('',#5467);
#4807=PLANE('',#5468);
#4808=PLANE('',#5469);
#4809=PLANE('',#5470);
#4810=PLANE('',#5474);
#4811=PLANE('',#5475);
#4812=PLANE('',#5476);
#4813=PLANE('',#5477);
#4814=PLANE('',#5497);
#4815=PLANE('',#5498);
#4816=PLANE('',#5511);
#4817=PLANE('',#5512);
#4818=PLANE('',#5513);
#4819=PLANE('',#5514);
#4820=PLANE('',#5517);
#4821=PLANE('',#5520);
#4822=PLANE('',#5523);
#4823=PLANE('',#5526);
#4824=PLANE('',#5527);
#4825=PLANE('',#5534);
#4826=PLANE('',#5538);
#4827=PLANE('',#5543);
#4828=PLANE('',#5547);
#4829=PLANE('',#5553);
#4830=PLANE('',#5558);
#4831=PLANE('',#5562);
#4832=PLANE('',#5567);
#4833=PLANE('',#5568);
#4834=PLANE('',#5580);
#4835=PLANE('',#5581);
#4836=PLANE('',#5582);
#4837=PLANE('',#5584);
#4838=PLANE('',#5586);
#4839=PLANE('',#5588);
#4840=PLANE('',#5590);
#4841=PLANE('',#5591);
#4842=PLANE('',#5592);
#4843=PLANE('',#5593);
#4844=PLANE('',#5594);
#4845=PLANE('',#5595);
#4846=PLANE('',#5597);
#4847=PLANE('',#5599);
#4848=PLANE('',#5601);
#4849=PLANE('',#5603);
#4850=PLANE('',#5604);
#4851=PLANE('',#5605);
#4852=PLANE('',#5606);
#4853=PLANE('',#5607);
#4854=PLANE('',#5610);
#4855=PLANE('',#5611);
#4856=PLANE('',#5612);
#4857=PLANE('',#5613);
#4858=PLANE('',#5615);
#4859=PLANE('',#5617);
#4860=PLANE('',#5618);
#4861=PLANE('',#5619);
#4862=PLANE('',#5620);
#4863=PLANE('',#5621);
#4864=PLANE('',#5626);
#4865=PLANE('',#5632);
#4866=PLANE('',#5633);
#4867=PLANE('',#5635);
#4868=PLANE('',#5636);
#4869=PLANE('',#5637);
#4870=PLANE('',#5641);
#4871=PLANE('',#5642);
#4872=PLANE('',#5643);
#4873=PLANE('',#5644);
#4874=PLANE('',#5645);
#4875=PLANE('',#5646);
#4876=PLANE('',#5647);
#4877=PLANE('',#5651);
#4878=PLANE('',#5655);
#4879=PLANE('',#5659);
#4880=PLANE('',#5660);
#4881=PLANE('',#5662);
#4882=PLANE('',#5663);
#4883=PLANE('',#5664);
#4884=PLANE('',#5678);
#4885=PLANE('',#5679);
#4886=PLANE('',#5680);
#4887=PLANE('',#5681);
#4888=PLANE('',#5694);
#4889=PLANE('',#5699);
#4890=PLANE('',#5700);
#4891=PLANE('',#5701);
#4892=PLANE('',#5706);
#4893=PLANE('',#5719);
#4894=PLANE('',#5724);
#4895=PLANE('',#5725);
#4896=PLANE('',#5726);
#4897=PLANE('',#5727);
#4898=PLANE('',#5728);
#4899=PLANE('',#5736);
#4900=PLANE('',#5740);
#4901=PLANE('',#5743);
#4902=PLANE('',#5747);
#4903=PLANE('',#5750);
#4904=PLANE('',#5754);
#4905=PLANE('',#5757);
#4906=PLANE('',#5761);
#4907=PLANE('',#5762);
#4908=PLANE('',#5763);
#4909=PLANE('',#5764);
#4910=PLANE('',#5765);
#4911=PLANE('',#5767);
#4912=PLANE('',#5768);
#4913=PLANE('',#5769);
#4914=PLANE('',#5770);
#4915=PLANE('',#5772);
#4916=PLANE('',#5773);
#4917=PLANE('',#5774);
#4918=PLANE('',#5775);
#4919=PLANE('',#5777);
#4920=PLANE('',#5778);
#4921=PLANE('',#5779);
#4922=PLANE('',#5780);
#4923=PLANE('',#5782);
#4924=PLANE('',#5783);
#4925=PLANE('',#5784);
#4926=PLANE('',#5785);
#4927=PLANE('',#5786);
#4928=PLANE('',#5787);
#4929=PLANE('',#5788);
#4930=PLANE('',#5789);
#4931=PLANE('',#5790);
#4932=PLANE('',#5791);
#4933=PLANE('',#5792);
#4934=PLANE('',#5793);
#4935=PLANE('',#5794);
#4936=PLANE('',#5795);
#4937=PLANE('',#5796);
#4938=PLANE('',#5797);
#4939=PLANE('',#5810);
#4940=PLANE('',#5813);
#4941=PLANE('',#5816);
#4942=PLANE('',#5819);
#4943=PLANE('',#5822);
#4944=PLANE('',#5825);
#4945=PLANE('',#5828);
#4946=PLANE('',#5831);
#4947=PLANE('',#5834);
#4948=ADVANCED_FACE('',(#4366),#4762,.T.);
#4949=ADVANCED_FACE('',(#4367),#285,.T.);
#4950=ADVANCED_FACE('',(#4368),#4763,.F.);
#4951=ADVANCED_FACE('',(#4369),#286,.T.);
#4952=ADVANCED_FACE('',(#4370),#4764,.T.);
#4953=ADVANCED_FACE('',(#4371),#287,.T.);
#4954=ADVANCED_FACE('',(#4372),#4765,.T.);
#4955=ADVANCED_FACE('',(#4373),#288,.F.);
#4956=ADVANCED_FACE('',(#4374),#4766,.F.);
#4957=ADVANCED_FACE('',(#4375),#289,.F.);
#4958=ADVANCED_FACE('',(#4376),#4767,.F.);
#4959=ADVANCED_FACE('',(#4377),#290,.F.);
#4960=ADVANCED_FACE('',(#4378),#4768,.F.);
#4961=ADVANCED_FACE('',(#4379),#291,.F.);
#4962=ADVANCED_FACE('',(#4380),#4769,.T.);
#4963=ADVANCED_FACE('',(#4381),#292,.T.);
#4964=ADVANCED_FACE('',(#4382,#4383),#4770,.F.);
#4965=ADVANCED_FACE('',(#4384,#4385,#4386,#4387,#4388,#4389),#4771,.F.);
#4966=ADVANCED_FACE('',(#4390),#4772,.T.);
#4967=ADVANCED_FACE('',(#4391),#4773,.F.);
#4968=ADVANCED_FACE('',(#4392),#4774,.F.);
#4969=ADVANCED_FACE('',(#4393),#293,.T.);
#4970=ADVANCED_FACE('',(#4394),#4775,.F.);
#4971=ADVANCED_FACE('',(#4395),#294,.T.);
#4972=ADVANCED_FACE('',(#4396),#4776,.T.);
#4973=ADVANCED_FACE('',(#4397),#295,.T.);
#4974=ADVANCED_FACE('',(#4398),#4777,.F.);
#4975=ADVANCED_FACE('',(#4399),#296,.T.);
#4976=ADVANCED_FACE('',(#4400),#4778,.F.);
#4977=ADVANCED_FACE('',(#4401),#4779,.T.);
#4978=ADVANCED_FACE('',(#4402,#4403),#4780,.F.);
#4979=ADVANCED_FACE('',(#4404,#4405),#76,.F.);
#4980=ADVANCED_FACE('',(#4406,#4407),#297,.F.);
#4981=ADVANCED_FACE('',(#4408,#4409),#77,.F.);
#4982=ADVANCED_FACE('',(#4410,#4411),#298,.F.);
#4983=ADVANCED_FACE('',(#4412,#4413),#78,.F.);
#4984=ADVANCED_FACE('',(#4414,#4415),#299,.F.);
#4985=ADVANCED_FACE('',(#4416,#4417),#79,.F.);
#4986=ADVANCED_FACE('',(#4418,#4419),#300,.F.);
#4987=ADVANCED_FACE('',(#4420),#4781,.F.);
#4988=ADVANCED_FACE('',(#4421),#4782,.T.);
#4989=ADVANCED_FACE('',(#4422),#68,.T.);
#4990=ADVANCED_FACE('',(#4423),#301,.T.);
#4991=ADVANCED_FACE('',(#4424),#302,.T.);
#4992=ADVANCED_FACE('',(#4425),#69,.T.);
#4993=ADVANCED_FACE('',(#4426),#70,.T.);
#4994=ADVANCED_FACE('',(#4427),#303,.T.);
#4995=ADVANCED_FACE('',(#4428),#304,.T.);
#4996=ADVANCED_FACE('',(#4429),#71,.T.);
#4997=ADVANCED_FACE('',(#4430,#4431),#4783,.T.);
#4998=ADVANCED_FACE('',(#4432,#4433),#4784,.T.);
#4999=ADVANCED_FACE('',(#4434,#4435),#4785,.T.);
#5000=ADVANCED_FACE('',(#4436,#4437),#4786,.T.);
#5001=ADVANCED_FACE('',(#4438),#305,.F.);
#5002=ADVANCED_FACE('',(#4439),#4787,.F.);
#5003=ADVANCED_FACE('',(#4440),#306,.F.);
#5004=ADVANCED_FACE('',(#4441),#4788,.F.);
#5005=ADVANCED_FACE('',(#4442),#307,.F.);
#5006=ADVANCED_FACE('',(#4443),#4789,.T.);
#5007=ADVANCED_FACE('',(#4444),#308,.F.);
#5008=ADVANCED_FACE('',(#4445),#4790,.T.);
#5009=ADVANCED_FACE('',(#4446),#4791,.F.);
#5010=ADVANCED_FACE('',(#4447),#4792,.F.);
#5011=ADVANCED_FACE('',(#4448),#4793,.T.);
#5012=ADVANCED_FACE('',(#4449),#4794,.F.);
#5013=ADVANCED_FACE('',(#4450),#4795,.F.);
#5014=ADVANCED_FACE('',(#4451),#309,.F.);
#5015=ADVANCED_FACE('',(#4452),#4796,.F.);
#5016=ADVANCED_FACE('',(#4453),#310,.F.);
#5017=ADVANCED_FACE('',(#4454),#4797,.T.);
#5018=ADVANCED_FACE('',(#4455),#311,.F.);
#5019=ADVANCED_FACE('',(#4456),#4798,.T.);
#5020=ADVANCED_FACE('',(#4457),#312,.F.);
#5021=ADVANCED_FACE('',(#4458),#4799,.F.);
#5022=ADVANCED_FACE('',(#4459),#4800,.T.);
#5023=ADVANCED_FACE('',(#4460),#4801,.F.);
#5024=ADVANCED_FACE('',(#4461),#4802,.T.);
#5025=ADVANCED_FACE('',(#4462),#313,.T.);
#5026=ADVANCED_FACE('',(#4463),#4803,.F.);
#5027=ADVANCED_FACE('',(#4464),#314,.T.);
#5028=ADVANCED_FACE('',(#4465),#4804,.F.);
#5029=ADVANCED_FACE('',(#4466),#315,.T.);
#5030=ADVANCED_FACE('',(#4467),#4805,.T.);
#5031=ADVANCED_FACE('',(#4468,#4469),#316,.F.);
#5032=ADVANCED_FACE('',(#4470),#4806,.T.);
#5033=ADVANCED_FACE('',(#4471),#4807,.T.);
#5034=ADVANCED_FACE('',(#4472),#4808,.F.);
#5035=ADVANCED_FACE('',(#4473),#4809,.F.);
#5036=ADVANCED_FACE('',(#4474),#317,.T.);
#5037=ADVANCED_FACE('',(#4475),#4810,.T.);
#5038=ADVANCED_FACE('',(#4476,#4477,#4478,#4479,#4480,#4481,#4482),#4811,
 .F.);
#5039=ADVANCED_FACE('',(#4483,#4484),#4812,.T.);
#5040=ADVANCED_FACE('',(#4485),#4813,.T.);
#5041=ADVANCED_FACE('',(#4486),#318,.F.);
#5042=ADVANCED_FACE('',(#4487,#4488),#80,.T.);
#5043=ADVANCED_FACE('',(#4489,#4490),#81,.T.);
#5044=ADVANCED_FACE('',(#4491,#4492),#82,.T.);
#5045=ADVANCED_FACE('',(#4493,#4494),#83,.T.);
#5046=ADVANCED_FACE('',(#4495),#4814,.F.);
#5047=ADVANCED_FACE('',(#4496,#4497,#4498,#4499,#4500,#4501),#4815,.T.);
#5048=ADVANCED_FACE('',(#4502),#319,.F.);
#5049=ADVANCED_FACE('',(#4503),#4816,.T.);
#5050=ADVANCED_FACE('',(#4504),#4817,.T.);
#5051=ADVANCED_FACE('',(#4505),#4818,.T.);
#5052=ADVANCED_FACE('',(#4506),#4819,.T.);
#5053=ADVANCED_FACE('',(#4507),#320,.F.);
#5054=ADVANCED_FACE('',(#4508),#4820,.F.);
#5055=ADVANCED_FACE('',(#4509),#321,.F.);
#5056=ADVANCED_FACE('',(#4510),#4821,.T.);
#5057=ADVANCED_FACE('',(#4511),#322,.F.);
#5058=ADVANCED_FACE('',(#4512),#4822,.T.);
#5059=ADVANCED_FACE('',(#4513),#323,.F.);
#5060=ADVANCED_FACE('',(#4514),#4823,.F.);
#5061=ADVANCED_FACE('',(#4515,#4516),#4824,.T.);
#5062=ADVANCED_FACE('',(#4517),#324,.F.);
#5063=ADVANCED_FACE('',(#4518,#4519),#325,.F.);
#5064=ADVANCED_FACE('',(#4520,#4521),#4825,.F.);
#5065=ADVANCED_FACE('',(#4522,#4523),#326,.F.);
#5066=ADVANCED_FACE('',(#4524),#4826,.F.);
#5067=ADVANCED_FACE('',(#4525),#327,.F.);
#5068=ADVANCED_FACE('',(#4526,#4527),#328,.F.);
#5069=ADVANCED_FACE('',(#4528,#4529),#4827,.F.);
#5070=ADVANCED_FACE('',(#4530,#4531),#329,.F.);
#5071=ADVANCED_FACE('',(#4532),#4828,.F.);
#5072=ADVANCED_FACE('',(#4533),#330,.F.);
#5073=ADVANCED_FACE('',(#4534,#4535),#331,.F.);
#5074=ADVANCED_FACE('',(#4536),#4829,.F.);
#5075=ADVANCED_FACE('',(#4537),#332,.F.);
#5076=ADVANCED_FACE('',(#4538,#4539),#333,.F.);
#5077=ADVANCED_FACE('',(#4540,#4541),#4830,.F.);
#5078=ADVANCED_FACE('',(#4542,#4543),#334,.F.);
#5079=ADVANCED_FACE('',(#4544),#4831,.F.);
#5080=ADVANCED_FACE('',(#4545),#335,.F.);
#5081=ADVANCED_FACE('',(#4546,#4547),#336,.F.);
#5082=ADVANCED_FACE('',(#4548,#4549),#4832,.F.);
#5083=ADVANCED_FACE('',(#4550,#4551,#4552,#4553,#4554,#4555,#4556),#4833,
 .T.);
#5084=ADVANCED_FACE('',(#4557),#4834,.T.);
#5085=ADVANCED_FACE('',(#4558),#4835,.F.);
#5086=ADVANCED_FACE('',(#4559),#4836,.F.);
#5087=ADVANCED_FACE('',(#4560),#337,.F.);
#5088=ADVANCED_FACE('',(#4561),#4837,.T.);
#5089=ADVANCED_FACE('',(#4562),#338,.F.);
#5090=ADVANCED_FACE('',(#4563),#4838,.T.);
#5091=ADVANCED_FACE('',(#4564),#339,.F.);
#5092=ADVANCED_FACE('',(#4565),#4839,.F.);
#5093=ADVANCED_FACE('',(#4566),#340,.F.);
#5094=ADVANCED_FACE('',(#4567),#4840,.F.);
#5095=ADVANCED_FACE('',(#4568),#4841,.F.);
#5096=ADVANCED_FACE('',(#4569),#4842,.T.);
#5097=ADVANCED_FACE('',(#4570),#4843,.T.);
#5098=ADVANCED_FACE('',(#4571),#4844,.T.);
#5099=ADVANCED_FACE('',(#4572),#4845,.F.);
#5100=ADVANCED_FACE('',(#4573),#341,.F.);
#5101=ADVANCED_FACE('',(#4574),#4846,.F.);
#5102=ADVANCED_FACE('',(#4575),#342,.F.);
#5103=ADVANCED_FACE('',(#4576),#4847,.F.);
#5104=ADVANCED_FACE('',(#4577),#343,.F.);
#5105=ADVANCED_FACE('',(#4578),#4848,.T.);
#5106=ADVANCED_FACE('',(#4579),#344,.F.);
#5107=ADVANCED_FACE('',(#4580),#4849,.F.);
#5108=ADVANCED_FACE('',(#4581),#4850,.T.);
#5109=ADVANCED_FACE('',(#4582),#4851,.F.);
#5110=ADVANCED_FACE('',(#4583),#4852,.T.);
#5111=ADVANCED_FACE('',(#4584),#4853,.T.);
#5112=ADVANCED_FACE('',(#4585,#4586),#345,.F.);
#5113=ADVANCED_FACE('',(#4587,#4588),#4854,.T.);
#5114=ADVANCED_FACE('',(#4589),#4855,.T.);
#5115=ADVANCED_FACE('',(#4590),#4856,.T.);
#5116=ADVANCED_FACE('',(#4591),#4857,.F.);
#5117=ADVANCED_FACE('',(#4592),#346,.F.);
#5118=ADVANCED_FACE('',(#4593),#4858,.T.);
#5119=ADVANCED_FACE('',(#4594),#347,.F.);
#5120=ADVANCED_FACE('',(#4595),#4859,.T.);
#5121=ADVANCED_FACE('',(#4596),#4860,.T.);
#5122=ADVANCED_FACE('',(#4597),#4861,.F.);
#5123=ADVANCED_FACE('',(#4598),#4862,.T.);
#5124=ADVANCED_FACE('',(#4599),#4863,.F.);
#5125=ADVANCED_FACE('',(#4600,#4601),#348,.T.);
#5126=ADVANCED_FACE('',(#4602),#4864,.T.);
#5127=ADVANCED_FACE('',(#4603,#4604),#10,.T.);
#5128=ADVANCED_FACE('',(#4605,#4606),#349,.T.);
#5129=ADVANCED_FACE('',(#4607),#4865,.T.);
#5130=ADVANCED_FACE('',(#4608,#4609),#4866,.F.);
#5131=ADVANCED_FACE('',(#4610),#4867,.T.);
#5132=ADVANCED_FACE('',(#4611),#4868,.T.);
#5133=ADVANCED_FACE('',(#4612),#4869,.F.);
#5134=ADVANCED_FACE('',(#4613),#350,.F.);
#5135=ADVANCED_FACE('',(#4614),#4870,.T.);
#5136=ADVANCED_FACE('',(#4615),#4871,.T.);
#5137=ADVANCED_FACE('',(#4616),#4872,.F.);
#5138=ADVANCED_FACE('',(#4617),#4873,.T.);
#5139=ADVANCED_FACE('',(#4618),#4874,.T.);
#5140=ADVANCED_FACE('',(#4619),#4875,.T.);
#5141=ADVANCED_FACE('',(#4620),#4876,.F.);
#5142=ADVANCED_FACE('',(#4621),#351,.T.);
#5143=ADVANCED_FACE('',(#4622),#4877,.F.);
#5144=ADVANCED_FACE('',(#4623),#352,.T.);
#5145=ADVANCED_FACE('',(#4624),#4878,.T.);
#5146=ADVANCED_FACE('',(#4625),#353,.F.);
#5147=ADVANCED_FACE('',(#4626,#4627),#4879,.T.);
#5148=ADVANCED_FACE('',(#4628,#4629),#4880,.F.);
#5149=ADVANCED_FACE('',(#4630),#4881,.F.);
#5150=ADVANCED_FACE('',(#4631),#4882,.T.);
#5151=ADVANCED_FACE('',(#4632,#4633,#4634,#4635,#4636,#4637),#4883,.F.);
#5152=ADVANCED_FACE('',(#4638),#4884,.F.);
#5153=ADVANCED_FACE('',(#4639),#4885,.T.);
#5154=ADVANCED_FACE('',(#4640),#4886,.F.);
#5155=ADVANCED_FACE('',(#4641),#4887,.F.);
#5156=ADVANCED_FACE('',(#4642),#354,.T.);
#5157=ADVANCED_FACE('',(#4643),#355,.T.);
#5158=ADVANCED_FACE('',(#4644),#356,.T.);
#5159=ADVANCED_FACE('',(#4645),#357,.T.);
#5160=ADVANCED_FACE('',(#4646,#4647),#4888,.T.);
#5161=ADVANCED_FACE('',(#4648),#4889,.F.);
#5162=ADVANCED_FACE('',(#4649),#4890,.F.);
#5163=ADVANCED_FACE('',(#4650),#4891,.F.);
#5164=ADVANCED_FACE('',(#4651,#4652),#84,.F.);
#5165=ADVANCED_FACE('',(#4653),#4892,.F.);
#5166=ADVANCED_FACE('',(#4654,#4655),#85,.F.);
#5167=ADVANCED_FACE('',(#4656,#4657),#86,.F.);
#5168=ADVANCED_FACE('',(#4658,#4659),#87,.F.);
#5169=ADVANCED_FACE('',(#4660,#4661),#4893,.F.);
#5170=ADVANCED_FACE('',(#4662),#4894,.F.);
#5171=ADVANCED_FACE('',(#4663),#4895,.F.);
#5172=ADVANCED_FACE('',(#4664),#4896,.F.);
#5173=ADVANCED_FACE('',(#4665),#4897,.F.);
#5174=ADVANCED_FACE('',(#4666),#4898,.F.);
#5175=ADVANCED_FACE('',(#4667),#88,.F.);
#5176=ADVANCED_FACE('',(#4668),#89,.F.);
#5177=ADVANCED_FACE('',(#4669),#90,.F.);
#5178=ADVANCED_FACE('',(#4670),#91,.F.);
#5179=ADVANCED_FACE('',(#4671),#92,.F.);
#5180=ADVANCED_FACE('',(#4672),#358,.F.);
#5181=ADVANCED_FACE('',(#4673),#4899,.F.);
#5182=ADVANCED_FACE('',(#4674,#4675),#359,.F.);
#5183=ADVANCED_FACE('',(#4676),#4900,.F.);
#5184=ADVANCED_FACE('',(#4677),#360,.F.);
#5185=ADVANCED_FACE('',(#4678),#4901,.F.);
#5186=ADVANCED_FACE('',(#4679,#4680),#361,.F.);
#5187=ADVANCED_FACE('',(#4681),#4902,.F.);
#5188=ADVANCED_FACE('',(#4682),#362,.F.);
#5189=ADVANCED_FACE('',(#4683),#4903,.F.);
#5190=ADVANCED_FACE('',(#4684,#4685),#363,.F.);
#5191=ADVANCED_FACE('',(#4686),#4904,.F.);
#5192=ADVANCED_FACE('',(#4687),#364,.F.);
#5193=ADVANCED_FACE('',(#4688),#4905,.F.);
#5194=ADVANCED_FACE('',(#4689,#4690),#365,.F.);
#5195=ADVANCED_FACE('',(#4691),#4906,.F.);
#5196=ADVANCED_FACE('',(#4692),#4907,.F.);
#5197=ADVANCED_FACE('',(#4693),#4908,.F.);
#5198=ADVANCED_FACE('',(#4694),#4909,.T.);
#5199=ADVANCED_FACE('',(#4695,#4696),#4910,.T.);
#5200=ADVANCED_FACE('',(#4697),#4911,.F.);
#5201=ADVANCED_FACE('',(#4698),#4912,.T.);
#5202=ADVANCED_FACE('',(#4699),#4913,.T.);
#5203=ADVANCED_FACE('',(#4700,#4701),#4914,.T.);
#5204=ADVANCED_FACE('',(#4702),#4915,.F.);
#5205=ADVANCED_FACE('',(#4703),#4916,.F.);
#5206=ADVANCED_FACE('',(#4704),#4917,.T.);
#5207=ADVANCED_FACE('',(#4705,#4706),#4918,.T.);
#5208=ADVANCED_FACE('',(#4707),#4919,.F.);
#5209=ADVANCED_FACE('',(#4708),#4920,.T.);
#5210=ADVANCED_FACE('',(#4709),#4921,.T.);
#5211=ADVANCED_FACE('',(#4710,#4711),#4922,.T.);
#5212=ADVANCED_FACE('',(#4712),#4923,.T.);
#5213=ADVANCED_FACE('',(#4713),#4924,.T.);
#5214=ADVANCED_FACE('',(#4714),#4925,.F.);
#5215=ADVANCED_FACE('',(#4715),#4926,.T.);
#5216=ADVANCED_FACE('',(#4716),#4927,.F.);
#5217=ADVANCED_FACE('',(#4717),#4928,.F.);
#5218=ADVANCED_FACE('',(#4718),#4929,.T.);
#5219=ADVANCED_FACE('',(#4719),#4930,.F.);
#5220=ADVANCED_FACE('',(#4720),#4931,.T.);
#5221=ADVANCED_FACE('',(#4721),#4932,.T.);
#5222=ADVANCED_FACE('',(#4722),#4933,.F.);
#5223=ADVANCED_FACE('',(#4723),#4934,.F.);
#5224=ADVANCED_FACE('',(#4724),#4935,.T.);
#5225=ADVANCED_FACE('',(#4725),#4936,.F.);
#5226=ADVANCED_FACE('',(#4726),#4937,.T.);
#5227=ADVANCED_FACE('',(#4727),#4938,.T.);
#5228=ADVANCED_FACE('',(#4728,#4729),#366,.F.);
#5229=ADVANCED_FACE('',(#4730,#4731),#93,.F.);
#5230=ADVANCED_FACE('',(#4732,#4733),#367,.F.);
#5231=ADVANCED_FACE('',(#4734,#4735),#94,.F.);
#5232=ADVANCED_FACE('',(#4736,#4737),#368,.F.);
#5233=ADVANCED_FACE('',(#4738,#4739),#95,.F.);
#5234=ADVANCED_FACE('',(#4740,#4741),#369,.F.);
#5235=ADVANCED_FACE('',(#4742,#4743),#96,.F.);
#5236=ADVANCED_FACE('',(#4744),#4939,.F.);
#5237=ADVANCED_FACE('',(#4745),#370,.F.);
#5238=ADVANCED_FACE('',(#4746),#4940,.T.);
#5239=ADVANCED_FACE('',(#4747),#371,.F.);
#5240=ADVANCED_FACE('',(#4748),#4941,.F.);
#5241=ADVANCED_FACE('',(#4749),#372,.F.);
#5242=ADVANCED_FACE('',(#4750),#4942,.F.);
#5243=ADVANCED_FACE('',(#4751),#373,.T.);
#5244=ADVANCED_FACE('',(#4752),#4943,.T.);
#5245=ADVANCED_FACE('',(#4753),#374,.T.);
#5246=ADVANCED_FACE('',(#4754),#4944,.T.);
#5247=ADVANCED_FACE('',(#4755),#375,.T.);
#5248=ADVANCED_FACE('',(#4756),#4945,.T.);
#5249=ADVANCED_FACE('',(#4757),#376,.T.);
#5250=ADVANCED_FACE('',(#4758),#4946,.F.);
#5251=ADVANCED_FACE('',(#4759),#377,.F.);
#5252=ADVANCED_FACE('',(#4760,#4761),#4947,.T.);
#5253=CLOSED_SHELL('',(#4948,#4949,#4950,#4951,#4952,#4953,#4954,#4955,
#4956,#4957,#4958,#4959,#4960,#4961,#4962,#4963,#4964,#4965,#4966,#4967,
#4968,#4969,#4970,#4971,#4972,#4973,#4974,#4975,#4976,#4977,#4978,#4979,
#4980,#4981,#4982,#4983,#4984,#4985,#4986,#4987,#4988,#4989,#4990,#4991,
#4992,#4993,#4994,#4995,#4996));
#5254=CLOSED_SHELL('',(#4997,#4998,#4999,#5000,#5001,#5002,#5003,#5004,
#5005,#5006,#5007,#5008,#5009,#5010,#5011,#5012,#5013,#5014,#5015,#5016,
#5017,#5018,#5019,#5020,#5021,#5022,#5023,#5024,#5025,#5026,#5027,#5028,
#5029,#5030,#5031,#5032,#5033,#5034,#5035,#5036,#5037,#5038,#5039,#5040,
#5041,#5042,#5043,#5044,#5045,#5046,#5047,#5048,#5049,#5050,#5051,#5052,
#5053,#5054,#5055,#5056,#5057,#5058,#5059,#5060,#5061,#5062,#5063,#5064,
#5065,#5066,#5067,#5068,#5069,#5070,#5071,#5072,#5073,#5074,#5075,#5076,
#5077,#5078,#5079,#5080,#5081,#5082,#5083,#5084,#5085,#5086,#5087,#5088,
#5089,#5090,#5091,#5092,#5093,#5094,#5095,#5096,#5097,#5098,#5099,#5100,
#5101,#5102,#5103,#5104,#5105,#5106,#5107,#5108,#5109,#5110,#5111,#5112,
#5113,#5114,#5115,#5116,#5117,#5118,#5119,#5120,#5121,#5122,#5123,#5124));
#5255=CLOSED_SHELL('',(#5125,#5126,#5127,#5128,#5129,#5130));
#5256=CLOSED_SHELL('',(#5131,#5132,#5133,#5134,#5135,#5136,#5137,#5138,
#5139,#5140,#5141,#5142,#5143,#5144,#5145,#5146,#5147,#5148));
#5257=CLOSED_SHELL('',(#5149,#5150,#5151,#5152,#5153,#5154,#5155,#5156,
#5157,#5158,#5159,#5160,#5161,#5162,#5163,#5164,#5165,#5166,#5167,#5168,
#5169,#5170,#5171,#5172,#5173,#5174,#5175,#5176,#5177,#5178,#5179,#5180,
#5181,#5182,#5183,#5184,#5185,#5186,#5187,#5188,#5189,#5190,#5191,#5192,
#5193,#5194,#5195,#5196,#5197,#5198,#5199,#5200,#5201,#5202,#5203,#5204,
#5205,#5206,#5207,#5208,#5209,#5210,#5211,#5212,#5213,#5214,#5215,#5216,
#5217,#5218,#5219,#5220,#5221,#5222,#5223,#5224,#5225,#5226,#5227,#5228,
#5229,#5230,#5231,#5232,#5233,#5234,#5235,#5236,#5237,#5238,#5239,#5240,
#5241,#5242,#5243,#5244,#5245,#5246,#5247,#5248,#5249,#5250,#5251,#5252));
#5258=STYLED_ITEM('',(#5263),#5298);
#5259=STYLED_ITEM('',(#5264),#5299);
#5260=STYLED_ITEM('',(#5265),#5300);
#5261=STYLED_ITEM('',(#5266),#5301);
#5262=STYLED_ITEM('',(#5267),#5302);
#5263=PRESENTATION_STYLE_ASSIGNMENT((#5268));
#5264=PRESENTATION_STYLE_ASSIGNMENT((#5269));
#5265=PRESENTATION_STYLE_ASSIGNMENT((#5270));
#5266=PRESENTATION_STYLE_ASSIGNMENT((#5271));
#5267=PRESENTATION_STYLE_ASSIGNMENT((#5272));
#5268=SURFACE_STYLE_USAGE(.BOTH.,#5273);
#5269=SURFACE_STYLE_USAGE(.BOTH.,#5274);
#5270=SURFACE_STYLE_USAGE(.BOTH.,#5275);
#5271=SURFACE_STYLE_USAGE(.BOTH.,#5276);
#5272=SURFACE_STYLE_USAGE(.BOTH.,#5277);
#5273=SURFACE_SIDE_STYLE('',(#5278));
#5274=SURFACE_SIDE_STYLE('',(#5279));
#5275=SURFACE_SIDE_STYLE('',(#5280));
#5276=SURFACE_SIDE_STYLE('',(#5281));
#5277=SURFACE_SIDE_STYLE('',(#5282));
#5278=SURFACE_STYLE_FILL_AREA(#5283);
#5279=SURFACE_STYLE_FILL_AREA(#5284);
#5280=SURFACE_STYLE_FILL_AREA(#5285);
#5281=SURFACE_STYLE_FILL_AREA(#5286);
#5282=SURFACE_STYLE_FILL_AREA(#5287);
#5283=FILL_AREA_STYLE('',(#5288));
#5284=FILL_AREA_STYLE('',(#5289));
#5285=FILL_AREA_STYLE('',(#5290));
#5286=FILL_AREA_STYLE('',(#5291));
#5287=FILL_AREA_STYLE('',(#5292));
#5288=FILL_AREA_STYLE_COLOUR('',#5293);
#5289=FILL_AREA_STYLE_COLOUR('',#5294);
#5290=FILL_AREA_STYLE_COLOUR('',#5295);
#5291=FILL_AREA_STYLE_COLOUR('',#5296);
#5292=FILL_AREA_STYLE_COLOUR('',#5297);
#5293=COLOUR_RGB('',0.498039215686275,0.498039215686275,0.498039215686275);
#5294=COLOUR_RGB('',0.615686274509804,0.811764705882353,0.929411764705882);
#5295=COLOUR_RGB('',0.917647058823529,0.917647058823529,0.917647058823529);
#5296=COLOUR_RGB('',0.768627450980392,0.886274509803922,0.952941176470588);
#5297=COLOUR_RGB('',0.972549019607843,0.529411764705882,0.00392156862745098);
#5298=MANIFOLD_SOLID_BREP('BatteryEnclosure',#5253);
#5299=MANIFOLD_SOLID_BREP('MainBoardMount',#5254);
#5300=MANIFOLD_SOLID_BREP('Button',#5255);
#5301=MANIFOLD_SOLID_BREP('Retainer',#5256);
#5302=MANIFOLD_SOLID_BREP('FrontBezel',#5257);
#5303=SHAPE_DEFINITION_REPRESENTATION(#9109,#5308);
#5304=SHAPE_DEFINITION_REPRESENTATION(#9110,#5309);
#5305=SHAPE_DEFINITION_REPRESENTATION(#9111,#5310);
#5306=SHAPE_DEFINITION_REPRESENTATION(#9112,#5311);
#5307=SHAPE_DEFINITION_REPRESENTATION(#9113,#5312);
#5308=SHAPE_REPRESENTATION('BatteryEnclosure',(#5313),#9084);
#5309=SHAPE_REPRESENTATION('MainBoardMount',(#5399),#9085);
#5310=SHAPE_REPRESENTATION('Button',(#5622),#9086);
#5311=SHAPE_REPRESENTATION('Retainer',(#5634),#9087);
#5312=SHAPE_REPRESENTATION('FrontBezel',(#5661),#9088);
#5313=AXIS2_PLACEMENT_3D('',#7361,#5835,#5836);
#5314=AXIS2_PLACEMENT_3D('',#7362,#5837,#5838);
#5315=AXIS2_PLACEMENT_3D('',#7371,#5843,#5844);
#5316=AXIS2_PLACEMENT_3D('',#7372,#5845,#5846);
#5317=AXIS2_PLACEMENT_3D('',#7374,#5847,#5848);
#5318=AXIS2_PLACEMENT_3D('',#7377,#5850,#5851);
#5319=AXIS2_PLACEMENT_3D('',#7383,#5855,#5856);
#5320=AXIS2_PLACEMENT_3D('',#7384,#5857,#5858);
#5321=AXIS2_PLACEMENT_3D('',#7386,#5859,#5860);
#5322=AXIS2_PLACEMENT_3D('',#7389,#5862,#5863);
#5323=AXIS2_PLACEMENT_3D('',#7395,#5867,#5868);
#5324=AXIS2_PLACEMENT_3D('',#7396,#5869,#5870);
#5325=AXIS2_PLACEMENT_3D('',#7398,#5871,#5872);
#5326=AXIS2_PLACEMENT_3D('',#7401,#5874,#5875);
#5327=AXIS2_PLACEMENT_3D('',#7407,#5879,#5880);
#5328=AXIS2_PLACEMENT_3D('',#7408,#5881,#5882);
#5329=AXIS2_PLACEMENT_3D('',#7413,#5884,#5885);
#5330=AXIS2_PLACEMENT_3D('',#7416,#5887,#5888);
#5331=AXIS2_PLACEMENT_3D('',#7422,#5892,#5893);
#5332=AXIS2_PLACEMENT_3D('',#7423,#5894,#5895);
#5333=AXIS2_PLACEMENT_3D('',#7425,#5896,#5897);
#5334=AXIS2_PLACEMENT_3D('',#7428,#5899,#5900);
#5335=AXIS2_PLACEMENT_3D('',#7434,#5904,#5905);
#5336=AXIS2_PLACEMENT_3D('',#7435,#5906,#5907);
#5337=AXIS2_PLACEMENT_3D('',#7437,#5908,#5909);
#5338=AXIS2_PLACEMENT_3D('',#7440,#5911,#5912);
#5339=AXIS2_PLACEMENT_3D('',#7446,#5916,#5917);
#5340=AXIS2_PLACEMENT_3D('',#7447,#5918,#5919);
#5341=AXIS2_PLACEMENT_3D('',#7449,#5920,#5921);
#5342=AXIS2_PLACEMENT_3D('',#7452,#5923,#5924);
#5343=AXIS2_PLACEMENT_3D('',#7455,#5927,#5928);
#5344=AXIS2_PLACEMENT_3D('',#7456,#5929,#5930);
#5345=AXIS2_PLACEMENT_3D('',#7457,#5931,#5932);
#5346=AXIS2_PLACEMENT_3D('',#7458,#5933,#5934);
#5347=AXIS2_PLACEMENT_3D('',#7459,#5935,#5936);
#5348=AXIS2_PLACEMENT_3D('',#7460,#5937,#5938);
#5349=AXIS2_PLACEMENT_3D('',#7462,#5939,#5940);
#5350=AXIS2_PLACEMENT_3D('',#7464,#5941,#5942);
#5351=AXIS2_PLACEMENT_3D('',#7466,#5943,#5944);
#5352=AXIS2_PLACEMENT_3D('',#7476,#5949,#5950);
#5353=AXIS2_PLACEMENT_3D('',#7482,#5954,#5955);
#5354=AXIS2_PLACEMENT_3D('',#7486,#5958,#5959);
#5355=AXIS2_PLACEMENT_3D('',#7490,#5962,#5963);
#5356=AXIS2_PLACEMENT_3D('',#7494,#5965,#5966);
#5357=AXIS2_PLACEMENT_3D('',#7498,#5968,#5969);
#5358=AXIS2_PLACEMENT_3D('',#7499,#5970,#5971);
#5359=AXIS2_PLACEMENT_3D('',#7505,#5975,#5976);
#5360=AXIS2_PLACEMENT_3D('',#7509,#5978,#5979);
#5361=AXIS2_PLACEMENT_3D('',#7510,#5980,#5981);
#5362=AXIS2_PLACEMENT_3D('',#7511,#5982,#5983);
#5363=AXIS2_PLACEMENT_3D('',#7517,#5987,#5988);
#5364=AXIS2_PLACEMENT_3D('',#7521,#5990,#5991);
#5365=AXIS2_PLACEMENT_3D('',#7522,#5992,#5993);
#5366=AXIS2_PLACEMENT_3D('',#7523,#5994,#5995);
#5367=AXIS2_PLACEMENT_3D('',#7529,#5999,#6000);
#5368=AXIS2_PLACEMENT_3D('',#7533,#6002,#6003);
#5369=AXIS2_PLACEMENT_3D('',#7534,#6004,#6005);
#5370=AXIS2_PLACEMENT_3D('',#7535,#6006,#6007);
#5371=AXIS2_PLACEMENT_3D('',#7538,#6010,#6011);
#5372=AXIS2_PLACEMENT_3D('',#7540,#6013,#6014);
#5373=AXIS2_PLACEMENT_3D('',#7541,#6015,#6016);
#5374=AXIS2_PLACEMENT_3D('',#7543,#6017,#6018);
#5375=AXIS2_PLACEMENT_3D('',#7545,#6019,#6020);
#5376=AXIS2_PLACEMENT_3D('',#7546,#6021,#6022);
#5377=AXIS2_PLACEMENT_3D('',#7548,#6023,#6024);
#5378=AXIS2_PLACEMENT_3D('',#7550,#6025,#6026);
#5379=AXIS2_PLACEMENT_3D('',#7551,#6027,#6028);
#5380=AXIS2_PLACEMENT_3D('',#7553,#6029,#6030);
#5381=AXIS2_PLACEMENT_3D('',#7555,#6031,#6032);
#5382=AXIS2_PLACEMENT_3D('',#7556,#6033,#6034);
#5383=AXIS2_PLACEMENT_3D('',#7558,#6035,#6036);
#5384=AXIS2_PLACEMENT_3D('',#7560,#6037,#6038);
#5385=AXIS2_PLACEMENT_3D('',#7561,#6039,#6040);
#5386=AXIS2_PLACEMENT_3D('',#7562,#6041,#6042);
#5387=AXIS2_PLACEMENT_3D('',#7598,#6047,#6048);
#5388=AXIS2_PLACEMENT_3D('',#7599,#6049,#6050);
#5389=AXIS2_PLACEMENT_3D('',#7600,#6051,#6052);
#5390=AXIS2_PLACEMENT_3D('',#7601,#6053,#6054);
#5391=AXIS2_PLACEMENT_3D('',#7602,#6055,#6056);
#5392=AXIS2_PLACEMENT_3D('',#7603,#6057,#6058);
#5393=AXIS2_PLACEMENT_3D('',#7631,#6059,#6060);
#5394=AXIS2_PLACEMENT_3D('',#7659,#6061,#6062);
#5395=AXIS2_PLACEMENT_3D('',#7660,#6063,#6064);
#5396=AXIS2_PLACEMENT_3D('',#7661,#6065,#6066);
#5397=AXIS2_PLACEMENT_3D('',#7662,#6067,#6068);
#5398=AXIS2_PLACEMENT_3D('',#7663,#6069,#6070);
#5399=AXIS2_PLACEMENT_3D('',#7691,#6071,#6072);
#5400=AXIS2_PLACEMENT_3D('',#7692,#6073,#6074);
#5401=AXIS2_PLACEMENT_3D('',#7709,#6083,#6084);
#5402=AXIS2_PLACEMENT_3D('',#7710,#6085,#6086);
#5403=AXIS2_PLACEMENT_3D('',#7715,#6088,#6089);
#5404=AXIS2_PLACEMENT_3D('',#7719,#6091,#6092);
#5405=AXIS2_PLACEMENT_3D('',#7723,#6094,#6095);
#5406=AXIS2_PLACEMENT_3D('',#7726,#6097,#6098);
#5407=AXIS2_PLACEMENT_3D('',#7731,#6100,#6101);
#5408=AXIS2_PLACEMENT_3D('',#7735,#6103,#6104);
#5409=AXIS2_PLACEMENT_3D('',#7739,#6106,#6107);
#5410=AXIS2_PLACEMENT_3D('',#7742,#6109,#6110);
#5411=AXIS2_PLACEMENT_3D('',#7746,#6112,#6113);
#5412=AXIS2_PLACEMENT_3D('',#7750,#6115,#6116);
#5413=AXIS2_PLACEMENT_3D('',#7754,#6118,#6119);
#5414=AXIS2_PLACEMENT_3D('',#7758,#6121,#6122);
#5415=AXIS2_PLACEMENT_3D('',#7762,#6124,#6125);
#5416=AXIS2_PLACEMENT_3D('',#7766,#6127,#6128);
#5417=AXIS2_PLACEMENT_3D('',#7770,#6130,#6131);
#5418=AXIS2_PLACEMENT_3D('',#7774,#6133,#6134);
#5419=AXIS2_PLACEMENT_3D('',#7775,#6135,#6136);
#5420=AXIS2_PLACEMENT_3D('',#7792,#6145,#6146);
#5421=AXIS2_PLACEMENT_3D('',#7793,#6147,#6148);
#5422=AXIS2_PLACEMENT_3D('',#7798,#6151,#6152);
#5423=AXIS2_PLACEMENT_3D('',#7802,#6155,#6156);
#5424=AXIS2_PLACEMENT_3D('',#7803,#6157,#6158);
#5425=AXIS2_PLACEMENT_3D('',#7806,#6160,#6161);
#5426=AXIS2_PLACEMENT_3D('',#7810,#6164,#6165);
#5427=AXIS2_PLACEMENT_3D('',#7811,#6166,#6167);
#5428=AXIS2_PLACEMENT_3D('',#7814,#6169,#6170);
#5429=AXIS2_PLACEMENT_3D('',#7818,#6173,#6174);
#5430=AXIS2_PLACEMENT_3D('',#7819,#6175,#6176);
#5431=AXIS2_PLACEMENT_3D('',#7822,#6178,#6179);
#5432=AXIS2_PLACEMENT_3D('',#7828,#6183,#6184);
#5433=AXIS2_PLACEMENT_3D('',#7832,#6187,#6188);
#5434=AXIS2_PLACEMENT_3D('',#7836,#6191,#6192);
#5435=AXIS2_PLACEMENT_3D('',#7842,#6196,#6197);
#5436=AXIS2_PLACEMENT_3D('',#7846,#6200,#6201);
#5437=AXIS2_PLACEMENT_3D('',#7850,#6204,#6205);
#5438=AXIS2_PLACEMENT_3D('',#7851,#6206,#6207);
#5439=AXIS2_PLACEMENT_3D('',#7856,#6210,#6211);
#5440=AXIS2_PLACEMENT_3D('',#7860,#6214,#6215);
#5441=AXIS2_PLACEMENT_3D('',#7861,#6216,#6217);
#5442=AXIS2_PLACEMENT_3D('',#7864,#6219,#6220);
#5443=AXIS2_PLACEMENT_3D('',#7868,#6223,#6224);
#5444=AXIS2_PLACEMENT_3D('',#7869,#6225,#6226);
#5445=AXIS2_PLACEMENT_3D('',#7872,#6228,#6229);
#5446=AXIS2_PLACEMENT_3D('',#7876,#6232,#6233);
#5447=AXIS2_PLACEMENT_3D('',#7877,#6234,#6235);
#5448=AXIS2_PLACEMENT_3D('',#7880,#6237,#6238);
#5449=AXIS2_PLACEMENT_3D('',#7889,#6243,#6244);
#5450=AXIS2_PLACEMENT_3D('',#7895,#6248,#6249);
#5451=AXIS2_PLACEMENT_3D('',#7901,#6253,#6254);
#5452=AXIS2_PLACEMENT_3D('',#7910,#6259,#6260);
#5453=AXIS2_PLACEMENT_3D('',#7911,#6261,#6262);
#5454=AXIS2_PLACEMENT_3D('',#7915,#6264,#6265);
#5455=AXIS2_PLACEMENT_3D('',#7916,#6266,#6267);
#5456=AXIS2_PLACEMENT_3D('',#7922,#6271,#6272);
#5457=AXIS2_PLACEMENT_3D('',#7923,#6273,#6274);
#5458=AXIS2_PLACEMENT_3D('',#7927,#6276,#6277);
#5459=AXIS2_PLACEMENT_3D('',#7928,#6278,#6279);
#5460=AXIS2_PLACEMENT_3D('',#7934,#6283,#6284);
#5461=AXIS2_PLACEMENT_3D('',#7935,#6285,#6286);
#5462=AXIS2_PLACEMENT_3D('',#7939,#6288,#6289);
#5463=AXIS2_PLACEMENT_3D('',#7940,#6290,#6291);
#5464=AXIS2_PLACEMENT_3D('',#7946,#6295,#6296);
#5465=AXIS2_PLACEMENT_3D('',#7947,#6297,#6298);
#5466=AXIS2_PLACEMENT_3D('',#7949,#6299,#6300);
#5467=AXIS2_PLACEMENT_3D('',#7951,#6301,#6302);
#5468=AXIS2_PLACEMENT_3D('',#7953,#6304,#6305);
#5469=AXIS2_PLACEMENT_3D('',#7955,#6307,#6308);
#5470=AXIS2_PLACEMENT_3D('',#7957,#6310,#6311);
#5471=AXIS2_PLACEMENT_3D('',#7960,#6314,#6315);
#5472=AXIS2_PLACEMENT_3D('',#7961,#6316,#6317);
#5473=AXIS2_PLACEMENT_3D('',#7962,#6318,#6319);
#5474=AXIS2_PLACEMENT_3D('',#7963,#6320,#6321);
#5475=AXIS2_PLACEMENT_3D('',#7965,#6323,#6324);
#5476=AXIS2_PLACEMENT_3D('',#7966,#6325,#6326);
#5477=AXIS2_PLACEMENT_3D('',#7975,#6331,#6332);
#5478=AXIS2_PLACEMENT_3D('',#7984,#6337,#6338);
#5479=AXIS2_PLACEMENT_3D('',#7985,#6339,#6340);
#5480=AXIS2_PLACEMENT_3D('',#7989,#6342,#6343);
#5481=AXIS2_PLACEMENT_3D('',#7990,#6344,#6345);
#5482=AXIS2_PLACEMENT_3D('',#7993,#6347,#6348);
#5483=AXIS2_PLACEMENT_3D('',#8007,#6350,#6351);
#5484=AXIS2_PLACEMENT_3D('',#8014,#6352,#6353);
#5485=AXIS2_PLACEMENT_3D('',#8015,#6354,#6355);
#5486=AXIS2_PLACEMENT_3D('',#8018,#6357,#6358);
#5487=AXIS2_PLACEMENT_3D('',#8032,#6360,#6361);
#5488=AXIS2_PLACEMENT_3D('',#8039,#6362,#6363);
#5489=AXIS2_PLACEMENT_3D('',#8040,#6364,#6365);
#5490=AXIS2_PLACEMENT_3D('',#8043,#6367,#6368);
#5491=AXIS2_PLACEMENT_3D('',#8046,#6370,#6371);
#5492=AXIS2_PLACEMENT_3D('',#8059,#6372,#6373);
#5493=AXIS2_PLACEMENT_3D('',#8065,#6374,#6375);
#5494=AXIS2_PLACEMENT_3D('',#8068,#6377,#6378);
#5495=AXIS2_PLACEMENT_3D('',#8071,#6380,#6381);
#5496=AXIS2_PLACEMENT_3D('',#8084,#6382,#6383);
#5497=AXIS2_PLACEMENT_3D('',#8090,#6384,#6385);
#5498=AXIS2_PLACEMENT_3D('',#8099,#6390,#6391);
#5499=AXIS2_PLACEMENT_3D('',#8100,#6392,#6393);
#5500=AXIS2_PLACEMENT_3D('',#8102,#6394,#6395);
#5501=AXIS2_PLACEMENT_3D('',#8104,#6396,#6397);
#5502=AXIS2_PLACEMENT_3D('',#8106,#6398,#6399);
#5503=AXIS2_PLACEMENT_3D('',#8108,#6400,#6401);
#5504=AXIS2_PLACEMENT_3D('',#8112,#6403,#6404);
#5505=AXIS2_PLACEMENT_3D('',#8116,#6406,#6407);
#5506=AXIS2_PLACEMENT_3D('',#8120,#6409,#6410);
#5507=AXIS2_PLACEMENT_3D('',#8124,#6412,#6413);
#5508=AXIS2_PLACEMENT_3D('',#8129,#6418,#6419);
#5509=AXIS2_PLACEMENT_3D('',#8133,#6421,#6422);
#5510=AXIS2_PLACEMENT_3D('',#8134,#6423,#6424);
#5511=AXIS2_PLACEMENT_3D('',#8135,#6425,#6426);
#5512=AXIS2_PLACEMENT_3D('',#8136,#6427,#6428);
#5513=AXIS2_PLACEMENT_3D('',#8137,#6429,#6430);
#5514=AXIS2_PLACEMENT_3D('',#8138,#6431,#6432);
#5515=AXIS2_PLACEMENT_3D('',#8139,#6433,#6434);
#5516=AXIS2_PLACEMENT_3D('',#8142,#6436,#6437);
#5517=AXIS2_PLACEMENT_3D('',#8145,#6439,#6440);
#5518=AXIS2_PLACEMENT_3D('',#8149,#6443,#6444);
#5519=AXIS2_PLACEMENT_3D('',#8152,#6446,#6447);
#5520=AXIS2_PLACEMENT_3D('',#8153,#6448,#6449);
#5521=AXIS2_PLACEMENT_3D('',#8157,#6452,#6453);
#5522=AXIS2_PLACEMENT_3D('',#8160,#6455,#6456);
#5523=AXIS2_PLACEMENT_3D('',#8161,#6457,#6458);
#5524=AXIS2_PLACEMENT_3D('',#8165,#6461,#6462);
#5525=AXIS2_PLACEMENT_3D('',#8168,#6464,#6465);
#5526=AXIS2_PLACEMENT_3D('',#8169,#6466,#6467);
#5527=AXIS2_PLACEMENT_3D('',#8171,#6469,#6470);
#5528=AXIS2_PLACEMENT_3D('',#8176,#6473,#6474);
#5529=AXIS2_PLACEMENT_3D('',#8180,#6476,#6477);
#5530=AXIS2_PLACEMENT_3D('',#8185,#6480,#6481);
#5531=AXIS2_PLACEMENT_3D('',#8186,#6482,#6483);
#5532=AXIS2_PLACEMENT_3D('',#8187,#6484,#6485);
#5533=AXIS2_PLACEMENT_3D('',#8188,#6486,#6487);
#5534=AXIS2_PLACEMENT_3D('',#8190,#6488,#6489);
#5535=AXIS2_PLACEMENT_3D('',#8191,#6490,#6491);
#5536=AXIS2_PLACEMENT_3D('',#8193,#6492,#6493);
#5537=AXIS2_PLACEMENT_3D('',#8194,#6494,#6495);
#5538=AXIS2_PLACEMENT_3D('',#8195,#6496,#6497);
#5539=AXIS2_PLACEMENT_3D('',#8196,#6498,#6499);
#5540=AXIS2_PLACEMENT_3D('',#8197,#6500,#6501);
#5541=AXIS2_PLACEMENT_3D('',#8198,#6502,#6503);
#5542=AXIS2_PLACEMENT_3D('',#8199,#6504,#6505);
#5543=AXIS2_PLACEMENT_3D('',#8201,#6506,#6507);
#5544=AXIS2_PLACEMENT_3D('',#8202,#6508,#6509);
#5545=AXIS2_PLACEMENT_3D('',#8204,#6510,#6511);
#5546=AXIS2_PLACEMENT_3D('',#8205,#6512,#6513);
#5547=AXIS2_PLACEMENT_3D('',#8206,#6514,#6515);
#5548=AXIS2_PLACEMENT_3D('',#8207,#6516,#6517);
#5549=AXIS2_PLACEMENT_3D('',#8208,#6518,#6519);
#5550=AXIS2_PLACEMENT_3D('',#8209,#6520,#6521);
#5551=AXIS2_PLACEMENT_3D('',#8210,#6522,#6523);
#5552=AXIS2_PLACEMENT_3D('',#8212,#6524,#6525);
#5553=AXIS2_PLACEMENT_3D('',#8213,#6526,#6527);
#5554=AXIS2_PLACEMENT_3D('',#8214,#6528,#6529);
#5555=AXIS2_PLACEMENT_3D('',#8215,#6530,#6531);
#5556=AXIS2_PLACEMENT_3D('',#8216,#6532,#6533);
#5557=AXIS2_PLACEMENT_3D('',#8217,#6534,#6535);
#5558=AXIS2_PLACEMENT_3D('',#8219,#6536,#6537);
#5559=AXIS2_PLACEMENT_3D('',#8220,#6538,#6539);
#5560=AXIS2_PLACEMENT_3D('',#8221,#6540,#6541);
#5561=AXIS2_PLACEMENT_3D('',#8223,#6542,#6543);
#5562=AXIS2_PLACEMENT_3D('',#8224,#6544,#6545);
#5563=AXIS2_PLACEMENT_3D('',#8225,#6546,#6547);
#5564=AXIS2_PLACEMENT_3D('',#8226,#6548,#6549);
#5565=AXIS2_PLACEMENT_3D('',#8227,#6550,#6551);
#5566=AXIS2_PLACEMENT_3D('',#8228,#6552,#6553);
#5567=AXIS2_PLACEMENT_3D('',#8230,#6554,#6555);
#5568=AXIS2_PLACEMENT_3D('',#8231,#6556,#6557);
#5569=AXIS2_PLACEMENT_3D('',#8240,#6562,#6563);
#5570=AXIS2_PLACEMENT_3D('',#8242,#6564,#6565);
#5571=AXIS2_PLACEMENT_3D('',#8247,#6567,#6568);
#5572=AXIS2_PLACEMENT_3D('',#8251,#6570,#6571);
#5573=AXIS2_PLACEMENT_3D('',#8255,#6573,#6574);
#5574=AXIS2_PLACEMENT_3D('',#8274,#6584,#6585);
#5575=AXIS2_PLACEMENT_3D('',#8279,#6587,#6588);
#5576=AXIS2_PLACEMENT_3D('',#8283,#6590,#6591);
#5577=AXIS2_PLACEMENT_3D('',#8287,#6593,#6594);
#5578=AXIS2_PLACEMENT_3D('',#8294,#6598,#6599);
#5579=AXIS2_PLACEMENT_3D('',#8298,#6601,#6602);
#5580=AXIS2_PLACEMENT_3D('',#8303,#6605,#6606);
#5581=AXIS2_PLACEMENT_3D('',#8309,#6610,#6611);
#5582=AXIS2_PLACEMENT_3D('',#8313,#6614,#6615);
#5583=AXIS2_PLACEMENT_3D('',#8317,#6618,#6619);
#5584=AXIS2_PLACEMENT_3D('',#8320,#6622,#6623);
#5585=AXIS2_PLACEMENT_3D('',#8322,#6625,#6626);
#5586=AXIS2_PLACEMENT_3D('',#8324,#6628,#6629);
#5587=AXIS2_PLACEMENT_3D('',#8326,#6631,#6632);
#5588=AXIS2_PLACEMENT_3D('',#8328,#6634,#6635);
#5589=AXIS2_PLACEMENT_3D('',#8330,#6637,#6638);
#5590=AXIS2_PLACEMENT_3D('',#8332,#6640,#6641);
#5591=AXIS2_PLACEMENT_3D('',#8335,#6644,#6645);
#5592=AXIS2_PLACEMENT_3D('',#8337,#6647,#6648);
#5593=AXIS2_PLACEMENT_3D('',#8339,#6650,#6651);
#5594=AXIS2_PLACEMENT_3D('',#8342,#6654,#6655);
#5595=AXIS2_PLACEMENT_3D('',#8344,#6657,#6658);
#5596=AXIS2_PLACEMENT_3D('',#8346,#6660,#6661);
#5597=AXIS2_PLACEMENT_3D('',#8349,#6664,#6665);
#5598=AXIS2_PLACEMENT_3D('',#8351,#6667,#6668);
#5599=AXIS2_PLACEMENT_3D('',#8353,#6670,#6671);
#5600=AXIS2_PLACEMENT_3D('',#8355,#6673,#6674);
#5601=AXIS2_PLACEMENT_3D('',#8357,#6676,#6677);
#5602=AXIS2_PLACEMENT_3D('',#8359,#6679,#6680);
#5603=AXIS2_PLACEMENT_3D('',#8361,#6682,#6683);
#5604=AXIS2_PLACEMENT_3D('',#8362,#6684,#6685);
#5605=AXIS2_PLACEMENT_3D('',#8363,#6686,#6687);
#5606=AXIS2_PLACEMENT_3D('',#8364,#6688,#6689);
#5607=AXIS2_PLACEMENT_3D('',#8365,#6690,#6691);
#5608=AXIS2_PLACEMENT_3D('',#8367,#6693,#6694);
#5609=AXIS2_PLACEMENT_3D('',#8368,#6695,#6696);
#5610=AXIS2_PLACEMENT_3D('',#8370,#6697,#6698);
#5611=AXIS2_PLACEMENT_3D('',#8371,#6699,#6700);
#5612=AXIS2_PLACEMENT_3D('',#8373,#6702,#6703);
#5613=AXIS2_PLACEMENT_3D('',#8375,#6705,#6706);
#5614=AXIS2_PLACEMENT_3D('',#8377,#6708,#6709);
#5615=AXIS2_PLACEMENT_3D('',#8379,#6711,#6712);
#5616=AXIS2_PLACEMENT_3D('',#8381,#6714,#6715);
#5617=AXIS2_PLACEMENT_3D('',#8383,#6717,#6718);
#5618=AXIS2_PLACEMENT_3D('',#8384,#6719,#6720);
#5619=AXIS2_PLACEMENT_3D('',#8387,#6723,#6724);
#5620=AXIS2_PLACEMENT_3D('',#8389,#6726,#6727);
#5621=AXIS2_PLACEMENT_3D('',#8391,#6729,#6730);
#5622=AXIS2_PLACEMENT_3D('',#8392,#6731,#6732);
#5623=AXIS2_PLACEMENT_3D('',#8393,#6733,#6734);
#5624=AXIS2_PLACEMENT_3D('',#8394,#6735,#6736);
#5625=AXIS2_PLACEMENT_3D('',#8396,#6737,#6738);
#5626=AXIS2_PLACEMENT_3D('',#8398,#6739,#6740);
#5627=AXIS2_PLACEMENT_3D('',#8399,#6741,#6742);
#5628=AXIS2_PLACEMENT_3D('',#8401,#6743,#6744);
#5629=AXIS2_PLACEMENT_3D('',#8402,#6745,#6746);
#5630=AXIS2_PLACEMENT_3D('',#8403,#6747,#6748);
#5631=AXIS2_PLACEMENT_3D('',#8405,#6749,#6750);
#5632=AXIS2_PLACEMENT_3D('',#8407,#6751,#6752);
#5633=AXIS2_PLACEMENT_3D('',#8408,#6753,#6754);
#5634=AXIS2_PLACEMENT_3D('',#8409,#6755,#6756);
#5635=AXIS2_PLACEMENT_3D('',#8410,#6757,#6758);
#5636=AXIS2_PLACEMENT_3D('',#8419,#6763,#6764);
#5637=AXIS2_PLACEMENT_3D('',#8425,#6768,#6769);
#5638=AXIS2_PLACEMENT_3D('',#8431,#6773,#6774);
#5639=AXIS2_PLACEMENT_3D('',#8432,#6775,#6776);
#5640=AXIS2_PLACEMENT_3D('',#8436,#6778,#6779);
#5641=AXIS2_PLACEMENT_3D('',#8437,#6780,#6781);
#5642=AXIS2_PLACEMENT_3D('',#8443,#6785,#6786);
#5643=AXIS2_PLACEMENT_3D('',#8452,#6791,#6792);
#5644=AXIS2_PLACEMENT_3D('',#8458,#6796,#6797);
#5645=AXIS2_PLACEMENT_3D('',#8464,#6801,#6802);
#5646=AXIS2_PLACEMENT_3D('',#8470,#6806,#6807);
#5647=AXIS2_PLACEMENT_3D('',#8476,#6811,#6812);
#5648=AXIS2_PLACEMENT_3D('',#8482,#6816,#6817);
#5649=AXIS2_PLACEMENT_3D('',#8483,#6818,#6819);
#5650=AXIS2_PLACEMENT_3D('',#8487,#6821,#6822);
#5651=AXIS2_PLACEMENT_3D('',#8488,#6823,#6824);
#5652=AXIS2_PLACEMENT_3D('',#8494,#6828,#6829);
#5653=AXIS2_PLACEMENT_3D('',#8495,#6830,#6831);
#5654=AXIS2_PLACEMENT_3D('',#8499,#6833,#6834);
#5655=AXIS2_PLACEMENT_3D('',#8500,#6835,#6836);
#5656=AXIS2_PLACEMENT_3D('',#8503,#6839,#6840);
#5657=AXIS2_PLACEMENT_3D('',#8504,#6841,#6842);
#5658=AXIS2_PLACEMENT_3D('',#8505,#6843,#6844);
#5659=AXIS2_PLACEMENT_3D('',#8506,#6845,#6846);
#5660=AXIS2_PLACEMENT_3D('',#8507,#6847,#6848);
#5661=AXIS2_PLACEMENT_3D('',#8508,#6849,#6850);
#5662=AXIS2_PLACEMENT_3D('',#8509,#6851,#6852);
#5663=AXIS2_PLACEMENT_3D('',#8518,#6857,#6858);
#5664=AXIS2_PLACEMENT_3D('',#8527,#6863,#6864);
#5665=AXIS2_PLACEMENT_3D('',#8528,#6865,#6866);
#5666=AXIS2_PLACEMENT_3D('',#8530,#6867,#6868);
#5667=AXIS2_PLACEMENT_3D('',#8532,#6869,#6870);
#5668=AXIS2_PLACEMENT_3D('',#8534,#6871,#6872);
#5669=AXIS2_PLACEMENT_3D('',#8536,#6873,#6874);
#5670=AXIS2_PLACEMENT_3D('',#8540,#6876,#6877);
#5671=AXIS2_PLACEMENT_3D('',#8544,#6879,#6880);
#5672=AXIS2_PLACEMENT_3D('',#8548,#6882,#6883);
#5673=AXIS2_PLACEMENT_3D('',#8552,#6885,#6886);
#5674=AXIS2_PLACEMENT_3D('',#8554,#6888,#6889);
#5675=AXIS2_PLACEMENT_3D('',#8559,#6891,#6892);
#5676=AXIS2_PLACEMENT_3D('',#8563,#6894,#6895);
#5677=AXIS2_PLACEMENT_3D('',#8567,#6897,#6898);
#5678=AXIS2_PLACEMENT_3D('',#8570,#6900,#6901);
#5679=AXIS2_PLACEMENT_3D('',#8587,#6910,#6911);
#5680=AXIS2_PLACEMENT_3D('',#8604,#6920,#6921);
#5681=AXIS2_PLACEMENT_3D('',#8621,#6930,#6931);
#5682=AXIS2_PLACEMENT_3D('',#8638,#6940,#6941);
#5683=AXIS2_PLACEMENT_3D('',#8639,#6942,#6943);
#5684=AXIS2_PLACEMENT_3D('',#8640,#6944,#6945);
#5685=AXIS2_PLACEMENT_3D('',#8641,#6946,#6947);
#5686=AXIS2_PLACEMENT_3D('',#8642,#6948,#6949);
#5687=AXIS2_PLACEMENT_3D('',#8643,#6950,#6951);
#5688=AXIS2_PLACEMENT_3D('',#8644,#6952,#6953);
#5689=AXIS2_PLACEMENT_3D('',#8645,#6954,#6955);
#5690=AXIS2_PLACEMENT_3D('',#8646,#6956,#6957);
#5691=AXIS2_PLACEMENT_3D('',#8647,#6958,#6959);
#5692=AXIS2_PLACEMENT_3D('',#8648,#6960,#6961);
#5693=AXIS2_PLACEMENT_3D('',#8649,#6962,#6963);
#5694=AXIS2_PLACEMENT_3D('',#8650,#6964,#6965);
#5695=AXIS2_PLACEMENT_3D('',#8686,#6983,#6984);
#5696=AXIS2_PLACEMENT_3D('',#8690,#6986,#6987);
#5697=AXIS2_PLACEMENT_3D('',#8694,#6989,#6990);
#5698=AXIS2_PLACEMENT_3D('',#8698,#6992,#6993);
#5699=AXIS2_PLACEMENT_3D('',#8699,#6994,#6995);
#5700=AXIS2_PLACEMENT_3D('',#8705,#6999,#7000);
#5701=AXIS2_PLACEMENT_3D('',#8721,#7005,#7006);
#5702=AXIS2_PLACEMENT_3D('',#8727,#7010,#7011);
#5703=AXIS2_PLACEMENT_3D('',#8728,#7012,#7013);
#5704=AXIS2_PLACEMENT_3D('',#8739,#7014,#7015);
#5705=AXIS2_PLACEMENT_3D('',#8748,#7016,#7017);
#5706=AXIS2_PLACEMENT_3D('',#8749,#7018,#7019);
#5707=AXIS2_PLACEMENT_3D('',#8755,#7023,#7024);
#5708=AXIS2_PLACEMENT_3D('',#8756,#7025,#7026);
#5709=AXIS2_PLACEMENT_3D('',#8767,#7027,#7028);
#5710=AXIS2_PLACEMENT_3D('',#8776,#7029,#7030);
#5711=AXIS2_PLACEMENT_3D('',#8777,#7031,#7032);
#5712=AXIS2_PLACEMENT_3D('',#8787,#7033,#7034);
#5713=AXIS2_PLACEMENT_3D('',#8797,#7035,#7036);
#5714=AXIS2_PLACEMENT_3D('',#8798,#7037,#7038);
#5715=AXIS2_PLACEMENT_3D('',#8799,#7039,#7040);
#5716=AXIS2_PLACEMENT_3D('',#8809,#7041,#7042);
#5717=AXIS2_PLACEMENT_3D('',#8819,#7043,#7044);
#5718=AXIS2_PLACEMENT_3D('',#8820,#7045,#7046);
#5719=AXIS2_PLACEMENT_3D('',#8821,#7047,#7048);
#5720=AXIS2_PLACEMENT_3D('',#8822,#7049,#7050);
#5721=AXIS2_PLACEMENT_3D('',#8827,#7052,#7053);
#5722=AXIS2_PLACEMENT_3D('',#8831,#7055,#7056);
#5723=AXIS2_PLACEMENT_3D('',#8835,#7058,#7059);
#5724=AXIS2_PLACEMENT_3D('',#8838,#7061,#7062);
#5725=AXIS2_PLACEMENT_3D('',#8841,#7065,#7066);
#5726=AXIS2_PLACEMENT_3D('',#8844,#7069,#7070);
#5727=AXIS2_PLACEMENT_3D('',#8847,#7073,#7074);
#5728=AXIS2_PLACEMENT_3D('',#8852,#7075,#7076);
#5729=AXIS2_PLACEMENT_3D('',#8857,#7077,#7078);
#5730=AXIS2_PLACEMENT_3D('',#8858,#7079,#7080);
#5731=AXIS2_PLACEMENT_3D('',#8859,#7081,#7082);
#5732=AXIS2_PLACEMENT_3D('',#8860,#7083,#7084);
#5733=AXIS2_PLACEMENT_3D('',#8861,#7085,#7086);
#5734=AXIS2_PLACEMENT_3D('',#8862,#7087,#7088);
#5735=AXIS2_PLACEMENT_3D('',#8863,#7089,#7090);
#5736=AXIS2_PLACEMENT_3D('',#8864,#7091,#7092);
#5737=AXIS2_PLACEMENT_3D('',#8865,#7093,#7094);
#5738=AXIS2_PLACEMENT_3D('',#8866,#7095,#7096);
#5739=AXIS2_PLACEMENT_3D('',#8867,#7097,#7098);
#5740=AXIS2_PLACEMENT_3D('',#8869,#7099,#7100);
#5741=AXIS2_PLACEMENT_3D('',#8870,#7101,#7102);
#5742=AXIS2_PLACEMENT_3D('',#8871,#7103,#7104);
#5743=AXIS2_PLACEMENT_3D('',#8872,#7105,#7106);
#5744=AXIS2_PLACEMENT_3D('',#8873,#7107,#7108);
#5745=AXIS2_PLACEMENT_3D('',#8874,#7109,#7110);
#5746=AXIS2_PLACEMENT_3D('',#8875,#7111,#7112);
#5747=AXIS2_PLACEMENT_3D('',#8877,#7113,#7114);
#5748=AXIS2_PLACEMENT_3D('',#8878,#7115,#7116);
#5749=AXIS2_PLACEMENT_3D('',#8879,#7117,#7118);
#5750=AXIS2_PLACEMENT_3D('',#8880,#7119,#7120);
#5751=AXIS2_PLACEMENT_3D('',#8881,#7121,#7122);
#5752=AXIS2_PLACEMENT_3D('',#8882,#7123,#7124);
#5753=AXIS2_PLACEMENT_3D('',#8883,#7125,#7126);
#5754=AXIS2_PLACEMENT_3D('',#8885,#7127,#7128);
#5755=AXIS2_PLACEMENT_3D('',#8886,#7129,#7130);
#5756=AXIS2_PLACEMENT_3D('',#8887,#7131,#7132);
#5757=AXIS2_PLACEMENT_3D('',#8888,#7133,#7134);
#5758=AXIS2_PLACEMENT_3D('',#8889,#7135,#7136);
#5759=AXIS2_PLACEMENT_3D('',#8890,#7137,#7138);
#5760=AXIS2_PLACEMENT_3D('',#8891,#7139,#7140);
#5761=AXIS2_PLACEMENT_3D('',#8893,#7141,#7142);
#5762=AXIS2_PLACEMENT_3D('',#8894,#7143,#7144);
#5763=AXIS2_PLACEMENT_3D('',#8900,#7148,#7149);
#5764=AXIS2_PLACEMENT_3D('',#8906,#7153,#7154);
#5765=AXIS2_PLACEMENT_3D('',#8909,#7157,#7158);
#5766=AXIS2_PLACEMENT_3D('',#8910,#7159,#7160);
#5767=AXIS2_PLACEMENT_3D('',#8912,#7161,#7162);
#5768=AXIS2_PLACEMENT_3D('',#8918,#7166,#7167);
#5769=AXIS2_PLACEMENT_3D('',#8924,#7171,#7172);
#5770=AXIS2_PLACEMENT_3D('',#8927,#7175,#7176);
#5771=AXIS2_PLACEMENT_3D('',#8928,#7177,#7178);
#5772=AXIS2_PLACEMENT_3D('',#8930,#7179,#7180);
#5773=AXIS2_PLACEMENT_3D('',#8936,#7184,#7185);
#5774=AXIS2_PLACEMENT_3D('',#8942,#7189,#7190);
#5775=AXIS2_PLACEMENT_3D('',#8945,#7193,#7194);
#5776=AXIS2_PLACEMENT_3D('',#8946,#7195,#7196);
#5777=AXIS2_PLACEMENT_3D('',#8948,#7197,#7198);
#5778=AXIS2_PLACEMENT_3D('',#8954,#7202,#7203);
#5779=AXIS2_PLACEMENT_3D('',#8960,#7207,#7208);
#5780=AXIS2_PLACEMENT_3D('',#8963,#7211,#7212);
#5781=AXIS2_PLACEMENT_3D('',#8964,#7213,#7214);
#5782=AXIS2_PLACEMENT_3D('',#8966,#7215,#7216);
#5783=AXIS2_PLACEMENT_3D('',#8969,#7219,#7220);
#5784=AXIS2_PLACEMENT_3D('',#8971,#7222,#7223);
#5785=AXIS2_PLACEMENT_3D('',#8973,#7225,#7226);
#5786=AXIS2_PLACEMENT_3D('',#8975,#7228,#7229);
#5787=AXIS2_PLACEMENT_3D('',#8977,#7231,#7232);
#5788=AXIS2_PLACEMENT_3D('',#8979,#7234,#7235);
#5789=AXIS2_PLACEMENT_3D('',#8981,#7237,#7238);
#5790=AXIS2_PLACEMENT_3D('',#8983,#7240,#7241);
#5791=AXIS2_PLACEMENT_3D('',#8985,#7243,#7244);
#5792=AXIS2_PLACEMENT_3D('',#8987,#7246,#7247);
#5793=AXIS2_PLACEMENT_3D('',#8989,#7249,#7250);
#5794=AXIS2_PLACEMENT_3D('',#8991,#7252,#7253);
#5795=AXIS2_PLACEMENT_3D('',#8993,#7255,#7256);
#5796=AXIS2_PLACEMENT_3D('',#8995,#7258,#7259);
#5797=AXIS2_PLACEMENT_3D('',#8997,#7261,#7262);
#5798=AXIS2_PLACEMENT_3D('',#8998,#7263,#7264);
#5799=AXIS2_PLACEMENT_3D('',#8999,#7265,#7266);
#5800=AXIS2_PLACEMENT_3D('',#9001,#7267,#7268);
#5801=AXIS2_PLACEMENT_3D('',#9002,#7269,#7270);
#5802=AXIS2_PLACEMENT_3D('',#9003,#7271,#7272);
#5803=AXIS2_PLACEMENT_3D('',#9005,#7273,#7274);
#5804=AXIS2_PLACEMENT_3D('',#9006,#7275,#7276);
#5805=AXIS2_PLACEMENT_3D('',#9007,#7277,#7278);
#5806=AXIS2_PLACEMENT_3D('',#9009,#7279,#7280);
#5807=AXIS2_PLACEMENT_3D('',#9010,#7281,#7282);
#5808=AXIS2_PLACEMENT_3D('',#9011,#7283,#7284);
#5809=AXIS2_PLACEMENT_3D('',#9013,#7285,#7286);
#5810=AXIS2_PLACEMENT_3D('',#9014,#7287,#7288);
#5811=AXIS2_PLACEMENT_3D('',#9020,#7292,#7293);
#5812=AXIS2_PLACEMENT_3D('',#9023,#7295,#7296);
#5813=AXIS2_PLACEMENT_3D('',#9024,#7297,#7298);
#5814=AXIS2_PLACEMENT_3D('',#9028,#7301,#7302);
#5815=AXIS2_PLACEMENT_3D('',#9031,#7304,#7305);
#5816=AXIS2_PLACEMENT_3D('',#9032,#7306,#7307);
#5817=AXIS2_PLACEMENT_3D('',#9036,#7310,#7311);
#5818=AXIS2_PLACEMENT_3D('',#9039,#7313,#7314);
#5819=AXIS2_PLACEMENT_3D('',#9040,#7315,#7316);
#5820=AXIS2_PLACEMENT_3D('',#9044,#7319,#7320);
#5821=AXIS2_PLACEMENT_3D('',#9047,#7322,#7323);
#5822=AXIS2_PLACEMENT_3D('',#9050,#7325,#7326);
#5823=AXIS2_PLACEMENT_3D('',#9054,#7329,#7330);
#5824=AXIS2_PLACEMENT_3D('',#9057,#7332,#7333);
#5825=AXIS2_PLACEMENT_3D('',#9058,#7334,#7335);
#5826=AXIS2_PLACEMENT_3D('',#9062,#7338,#7339);
#5827=AXIS2_PLACEMENT_3D('',#9065,#7341,#7342);
#5828=AXIS2_PLACEMENT_3D('',#9066,#7343,#7344);
#5829=AXIS2_PLACEMENT_3D('',#9070,#7347,#7348);
#5830=AXIS2_PLACEMENT_3D('',#9073,#7350,#7351);
#5831=AXIS2_PLACEMENT_3D('',#9074,#7352,#7353);
#5832=AXIS2_PLACEMENT_3D('',#9076,#7355,#7356);
#5833=AXIS2_PLACEMENT_3D('',#9077,#7357,#7358);
#5834=AXIS2_PLACEMENT_3D('',#9078,#7359,#7360);
#5835=DIRECTION('',(0.,0.,1.));
#5836=DIRECTION('',(1.,0.,0.));
#5837=DIRECTION('',(1.50845519650157E-16,1.,0.));
#5838=DIRECTION('',(-1.,1.50845519650157E-16,0.));
#5839=DIRECTION('',(-1.,1.50845519650157E-16,0.));
#5840=DIRECTION('',(0.,0.,1.));
#5841=DIRECTION('',(-1.,1.50845519650157E-16,0.));
#5842=DIRECTION('',(0.,0.,1.));
#5843=DIRECTION('',(0.,0.,1.));
#5844=DIRECTION('',(1.,0.,0.));
#5845=DIRECTION('',(0.,0.,1.));
#5846=DIRECTION('',(1.,0.,0.));
#5847=DIRECTION('',(0.,0.,1.));
#5848=DIRECTION('',(1.,0.,0.));
#5849=DIRECTION('',(0.,0.,1.));
#5850=DIRECTION('',(1.,-3.22739251344522E-16,0.));
#5851=DIRECTION('',(3.22739251344522E-16,1.,0.));
#5852=DIRECTION('',(3.22739251344522E-16,1.,0.));
#5853=DIRECTION('',(3.22739251344522E-16,1.,0.));
#5854=DIRECTION('',(0.,0.,1.));
#5855=DIRECTION('',(0.,0.,1.));
#5856=DIRECTION('',(1.,0.,0.));
#5857=DIRECTION('',(0.,0.,1.));
#5858=DIRECTION('',(1.,0.,0.));
#5859=DIRECTION('',(0.,0.,1.));
#5860=DIRECTION('',(1.,0.,0.));
#5861=DIRECTION('',(0.,0.,1.));
#5862=DIRECTION('',(-1.50845519650157E-16,-1.,0.));
#5863=DIRECTION('',(1.,-1.50845519650157E-16,0.));
#5864=DIRECTION('',(1.,-1.50845519650157E-16,0.));
#5865=DIRECTION('',(1.,-1.50845519650157E-16,0.));
#5866=DIRECTION('',(0.,0.,1.));
#5867=DIRECTION('',(0.,0.,1.));
#5868=DIRECTION('',(1.,0.,0.));
#5869=DIRECTION('',(0.,0.,1.));
#5870=DIRECTION('',(1.,0.,0.));
#5871=DIRECTION('',(0.,0.,1.));
#5872=DIRECTION('',(1.,0.,0.));
#5873=DIRECTION('',(0.,0.,1.));
#5874=DIRECTION('',(1.,0.,0.));
#5875=DIRECTION('',(0.,0.,-1.));
#5876=DIRECTION('',(0.,1.,0.));
#5877=DIRECTION('',(0.,1.,0.));
#5878=DIRECTION('',(0.,0.,1.));
#5879=DIRECTION('',(0.,0.,1.));
#5880=DIRECTION('',(1.,0.,0.));
#5881=DIRECTION('',(0.,0.,1.));
#5882=DIRECTION('',(1.,0.,0.));
#5883=DIRECTION('',(0.,0.,1.));
#5884=DIRECTION('',(0.,0.,1.));
#5885=DIRECTION('',(1.,0.,0.));
#5886=DIRECTION('',(0.,0.,1.));
#5887=DIRECTION('',(1.50845519650157E-16,1.,0.));
#5888=DIRECTION('',(-1.,1.50845519650157E-16,0.));
#5889=DIRECTION('',(-1.,1.50845519650157E-16,0.));
#5890=DIRECTION('',(-1.,1.50845519650157E-16,0.));
#5891=DIRECTION('',(0.,0.,1.));
#5892=DIRECTION('',(0.,0.,1.));
#5893=DIRECTION('',(1.,0.,0.));
#5894=DIRECTION('',(0.,0.,1.));
#5895=DIRECTION('',(1.,0.,0.));
#5896=DIRECTION('',(0.,0.,1.));
#5897=DIRECTION('',(1.,0.,0.));
#5898=DIRECTION('',(0.,0.,1.));
#5899=DIRECTION('',(1.,0.,0.));
#5900=DIRECTION('',(0.,0.,-1.));
#5901=DIRECTION('',(0.,1.,0.));
#5902=DIRECTION('',(0.,1.,0.));
#5903=DIRECTION('',(0.,0.,1.));
#5904=DIRECTION('',(0.,0.,1.));
#5905=DIRECTION('',(1.,0.,0.));
#5906=DIRECTION('',(0.,0.,1.));
#5907=DIRECTION('',(1.,0.,0.));
#5908=DIRECTION('',(0.,0.,1.));
#5909=DIRECTION('',(1.,0.,0.));
#5910=DIRECTION('',(0.,0.,1.));
#5911=DIRECTION('',(-1.50845519650157E-16,-1.,0.));
#5912=DIRECTION('',(1.,-1.50845519650157E-16,0.));
#5913=DIRECTION('',(1.,-1.50845519650157E-16,0.));
#5914=DIRECTION('',(1.,-1.50845519650157E-16,0.));
#5915=DIRECTION('',(0.,0.,1.));
#5916=DIRECTION('',(0.,0.,1.));
#5917=DIRECTION('',(1.,0.,0.));
#5918=DIRECTION('',(0.,0.,1.));
#5919=DIRECTION('',(1.,0.,0.));
#5920=DIRECTION('',(0.,0.,1.));
#5921=DIRECTION('',(1.,0.,0.));
#5922=DIRECTION('',(0.,0.,1.));
#5923=DIRECTION('',(1.,-3.22739251344522E-16,0.));
#5924=DIRECTION('',(3.22739251344522E-16,1.,0.));
#5925=DIRECTION('',(3.22739251344522E-16,1.,0.));
#5926=DIRECTION('',(3.22739251344522E-16,1.,0.));
#5927=DIRECTION('',(0.,0.,1.));
#5928=DIRECTION('',(1.,0.,0.));
#5929=DIRECTION('',(0.,0.,1.));
#5930=DIRECTION('',(1.,0.,0.));
#5931=DIRECTION('',(0.,0.,1.));
#5932=DIRECTION('',(1.,0.,0.));
#5933=DIRECTION('',(0.,0.,1.));
#5934=DIRECTION('',(1.,0.,0.));
#5935=DIRECTION('',(0.,0.,1.));
#5936=DIRECTION('',(1.,0.,0.));
#5937=DIRECTION('',(0.,0.,1.));
#5938=DIRECTION('',(1.,0.,0.));
#5939=DIRECTION('',(0.,0.,1.));
#5940=DIRECTION('',(1.,0.,0.));
#5941=DIRECTION('',(0.,0.,1.));
#5942=DIRECTION('',(1.,0.,0.));
#5943=DIRECTION('',(0.,0.,1.));
#5944=DIRECTION('',(1.,0.,0.));
#5945=DIRECTION('',(-1.,0.,0.));
#5946=DIRECTION('',(0.,-1.,0.));
#5947=DIRECTION('',(-1.,0.,0.));
#5948=DIRECTION('',(0.,-1.,0.));
#5949=DIRECTION('',(0.,-1.,0.));
#5950=DIRECTION('',(0.,0.,-1.));
#5951=DIRECTION('',(0.,0.,-1.));
#5952=DIRECTION('',(-1.,0.,0.));
#5953=DIRECTION('',(0.,0.,-1.));
#5954=DIRECTION('',(1.,0.,0.));
#5955=DIRECTION('',(0.,0.,-1.));
#5956=DIRECTION('',(0.,0.,-1.));
#5957=DIRECTION('',(0.,-1.,0.));
#5958=DIRECTION('',(0.,-1.,0.));
#5959=DIRECTION('',(0.,0.,-1.));
#5960=DIRECTION('',(0.,0.,-1.));
#5961=DIRECTION('',(-1.,0.,0.));
#5962=DIRECTION('',(0.,0.,-1.));
#5963=DIRECTION('',(-1.,0.,0.));
#5964=DIRECTION('',(0.,0.,-1.));
#5965=DIRECTION('',(0.,0.,-1.));
#5966=DIRECTION('',(-1.,0.,0.));
#5967=DIRECTION('',(0.,0.,-1.));
#5968=DIRECTION('',(0.,0.,1.));
#5969=DIRECTION('',(1.,0.,0.));
#5970=DIRECTION('',(-1.50845519650157E-16,-1.,0.));
#5971=DIRECTION('',(1.,-1.50845519650157E-16,0.));
#5972=DIRECTION('',(0.,0.,-1.));
#5973=DIRECTION('',(-1.,1.50845519650157E-16,0.));
#5974=DIRECTION('',(-1.,1.50845519650157E-16,0.));
#5975=DIRECTION('',(0.,0.,-1.));
#5976=DIRECTION('',(-1.,0.,0.));
#5977=DIRECTION('',(0.,0.,-1.));
#5978=DIRECTION('',(0.,0.,-1.));
#5979=DIRECTION('',(-1.,0.,0.));
#5980=DIRECTION('',(0.,0.,1.));
#5981=DIRECTION('',(1.,0.,0.));
#5982=DIRECTION('',(-1.,3.22739251344522E-16,0.));
#5983=DIRECTION('',(-3.22739251344522E-16,-1.,0.));
#5984=DIRECTION('',(0.,0.,-1.));
#5985=DIRECTION('',(3.22739251344522E-16,1.,0.));
#5986=DIRECTION('',(3.22739251344522E-16,1.,0.));
#5987=DIRECTION('',(0.,0.,-1.));
#5988=DIRECTION('',(-1.,0.,0.));
#5989=DIRECTION('',(0.,0.,-1.));
#5990=DIRECTION('',(0.,0.,-1.));
#5991=DIRECTION('',(-1.,0.,0.));
#5992=DIRECTION('',(0.,0.,1.));
#5993=DIRECTION('',(1.,0.,0.));
#5994=DIRECTION('',(1.50845519650157E-16,1.,0.));
#5995=DIRECTION('',(-1.,1.50845519650157E-16,0.));
#5996=DIRECTION('',(0.,0.,-1.));
#5997=DIRECTION('',(1.,-1.50845519650157E-16,0.));
#5998=DIRECTION('',(1.,-1.50845519650157E-16,0.));
#5999=DIRECTION('',(0.,0.,-1.));
#6000=DIRECTION('',(-1.,0.,0.));
#6001=DIRECTION('',(0.,0.,-1.));
#6002=DIRECTION('',(0.,0.,-1.));
#6003=DIRECTION('',(-1.,0.,0.));
#6004=DIRECTION('',(0.,0.,1.));
#6005=DIRECTION('',(1.,0.,0.));
#6006=DIRECTION('',(-1.,0.,0.));
#6007=DIRECTION('',(0.,0.,1.));
#6008=DIRECTION('',(0.,1.,0.));
#6009=DIRECTION('',(0.,1.,0.));
#6010=DIRECTION('',(1.,0.,0.));
#6011=DIRECTION('',(0.,0.,-1.));
#6012=DIRECTION('',(0.,-1.,0.));
#6013=DIRECTION('',(0.,0.,1.));
#6014=DIRECTION('',(1.,0.,0.));
#6015=DIRECTION('',(0.,0.,-1.));
#6016=DIRECTION('',(-1.,0.,0.));
#6017=DIRECTION('',(0.,0.,1.));
#6018=DIRECTION('',(1.,0.,0.));
#6019=DIRECTION('',(0.,0.,1.));
#6020=DIRECTION('',(1.,0.,0.));
#6021=DIRECTION('',(0.,0.,-1.));
#6022=DIRECTION('',(-1.,0.,0.));
#6023=DIRECTION('',(0.,0.,1.));
#6024=DIRECTION('',(1.,0.,0.));
#6025=DIRECTION('',(0.,0.,1.));
#6026=DIRECTION('',(1.,0.,0.));
#6027=DIRECTION('',(0.,0.,-1.));
#6028=DIRECTION('',(-1.,0.,0.));
#6029=DIRECTION('',(0.,0.,1.));
#6030=DIRECTION('',(1.,0.,0.));
#6031=DIRECTION('',(0.,0.,1.));
#6032=DIRECTION('',(1.,0.,0.));
#6033=DIRECTION('',(0.,0.,-1.));
#6034=DIRECTION('',(-1.,0.,0.));
#6035=DIRECTION('',(0.,0.,1.));
#6036=DIRECTION('',(1.,0.,0.));
#6037=DIRECTION('',(0.,0.,1.));
#6038=DIRECTION('',(1.,0.,0.));
#6039=DIRECTION('',(0.,0.,1.));
#6040=DIRECTION('',(1.,0.,0.));
#6041=DIRECTION('',(0.,0.,1.));
#6042=DIRECTION('',(1.,0.,0.));
#6043=DIRECTION('',(-1.,1.50845519650157E-16,0.));
#6044=DIRECTION('',(3.22739251344522E-16,1.,0.));
#6045=DIRECTION('',(1.,-1.50845519650157E-16,0.));
#6046=DIRECTION('',(0.,1.,0.));
#6047=DIRECTION('',(-0.316227766016835,0.948683298050515,0.));
#6048=DIRECTION('',(0.948683298050515,0.316227766016835,0.));
#6049=DIRECTION('',(-0.948683298050515,0.316227766016835,0.));
#6050=DIRECTION('',(0.316227766016835,0.948683298050515,0.));
#6051=DIRECTION('',(1.,-1.50845519650157E-16,0.));
#6052=DIRECTION('',(1.50845519650157E-16,1.,0.));
#6053=DIRECTION('',(-0.948683298050514,-0.316227766016836,0.));
#6054=DIRECTION('',(-0.316227766016836,0.948683298050514,0.));
#6055=DIRECTION('',(0.,-1.,0.));
#6056=DIRECTION('',(0.,0.,-1.));
#6057=DIRECTION('',(0.316227766016836,0.948683298050514,0.));
#6058=DIRECTION('',(0.948683298050514,-0.316227766016836,0.));
#6059=DIRECTION('',(-0.316227766016836,-0.948683298050514,0.));
#6060=DIRECTION('',(-0.948683298050514,0.316227766016836,0.));
#6061=DIRECTION('',(0.948683298050514,0.316227766016836,0.));
#6062=DIRECTION('',(0.316227766016836,-0.948683298050514,0.));
#6063=DIRECTION('',(3.22739251344522E-16,1.,0.));
#6064=DIRECTION('',(-1.,3.22739251344522E-16,0.));
#6065=DIRECTION('',(0.316227766016836,-0.948683298050514,0.));
#6066=DIRECTION('',(-0.948683298050514,-0.316227766016836,0.));
#6067=DIRECTION('',(-1.,1.50845519650157E-16,0.));
#6068=DIRECTION('',(-1.50845519650157E-16,-1.,0.));
#6069=DIRECTION('',(0.948683298050514,-0.316227766016836,0.));
#6070=DIRECTION('',(-0.316227766016836,-0.948683298050514,0.));
#6071=DIRECTION('',(0.,0.,1.));
#6072=DIRECTION('',(1.,0.,0.));
#6073=DIRECTION('',(0.,0.,1.));
#6074=DIRECTION('',(1.,0.,0.));
#6075=DIRECTION('',(-1.,0.,0.));
#6076=DIRECTION('',(-2.9909025447876E-16,1.,0.));
#6077=DIRECTION('',(-1.,-1.3043033653961E-16,0.));
#6078=DIRECTION('',(0.,1.,0.));
#6079=DIRECTION('',(-2.79794109028518E-16,1.,0.));
#6080=DIRECTION('',(-1.,0.,0.));
#6081=DIRECTION('',(0.,1.,0.));
#6082=DIRECTION('',(-1.,-2.53244303062308E-16,0.));
#6083=DIRECTION('',(0.,0.,1.));
#6084=DIRECTION('',(1.,0.,0.));
#6085=DIRECTION('',(0.,0.,1.));
#6086=DIRECTION('',(1.,0.,0.));
#6087=DIRECTION('',(0.,1.,0.));
#6088=DIRECTION('',(0.,0.,1.));
#6089=DIRECTION('',(1.,0.,0.));
#6090=DIRECTION('',(-1.,0.,0.));
#6091=DIRECTION('',(0.,0.,1.));
#6092=DIRECTION('',(1.,0.,0.));
#6093=DIRECTION('',(0.,1.,0.));
#6094=DIRECTION('',(0.,0.,1.));
#6095=DIRECTION('',(1.,0.,0.));
#6096=DIRECTION('',(-1.,0.,0.));
#6097=DIRECTION('',(0.,0.,-1.));
#6098=DIRECTION('',(1.,0.,0.));
#6099=DIRECTION('',(-1.,0.,0.));
#6100=DIRECTION('',(0.,0.,-1.));
#6101=DIRECTION('',(1.,0.,0.));
#6102=DIRECTION('',(0.,1.,0.));
#6103=DIRECTION('',(0.,0.,-1.));
#6104=DIRECTION('',(1.,0.,0.));
#6105=DIRECTION('',(-1.,0.,0.));
#6106=DIRECTION('',(0.,0.,-1.));
#6107=DIRECTION('',(1.,0.,0.));
#6108=DIRECTION('',(0.,1.,0.));
#6109=DIRECTION('',(0.,0.,1.));
#6110=DIRECTION('',(1.,0.,0.));
#6111=DIRECTION('',(1.,0.,0.));
#6112=DIRECTION('',(0.,0.,1.));
#6113=DIRECTION('',(1.,0.,0.));
#6114=DIRECTION('',(0.,1.,0.));
#6115=DIRECTION('',(0.,0.,1.));
#6116=DIRECTION('',(1.,0.,0.));
#6117=DIRECTION('',(1.,0.,0.));
#6118=DIRECTION('',(0.,0.,1.));
#6119=DIRECTION('',(1.,0.,0.));
#6120=DIRECTION('',(0.,1.,0.));
#6121=DIRECTION('',(0.,0.,1.));
#6122=DIRECTION('',(1.,0.,0.));
#6123=DIRECTION('',(0.,1.,0.));
#6124=DIRECTION('',(0.,0.,-1.));
#6125=DIRECTION('',(1.,0.,0.));
#6126=DIRECTION('',(1.,0.,0.));
#6127=DIRECTION('',(0.,0.,-1.));
#6128=DIRECTION('',(1.,0.,0.));
#6129=DIRECTION('',(0.,1.,0.));
#6130=DIRECTION('',(0.,0.,-1.));
#6131=DIRECTION('',(1.,0.,0.));
#6132=DIRECTION('',(1.,0.,0.));
#6133=DIRECTION('',(0.,0.,-1.));
#6134=DIRECTION('',(1.,0.,0.));
#6135=DIRECTION('',(0.,0.,1.));
#6136=DIRECTION('',(1.,0.,0.));
#6137=DIRECTION('',(2.79794109028518E-16,1.,0.));
#6138=DIRECTION('',(1.,-2.53244303062308E-16,0.));
#6139=DIRECTION('',(0.,1.,0.));
#6140=DIRECTION('',(1.,0.,0.));
#6141=DIRECTION('',(0.,1.,0.));
#6142=DIRECTION('',(1.,-1.3043033653961E-16,0.));
#6143=DIRECTION('',(2.9909025447876E-16,1.,0.));
#6144=DIRECTION('',(1.,0.,0.));
#6145=DIRECTION('',(0.,0.,-1.));
#6146=DIRECTION('',(-1.,0.,0.));
#6147=DIRECTION('',(0.,0.,-1.));
#6148=DIRECTION('',(1.,0.,0.));
#6149=DIRECTION('',(0.,0.,-1.));
#6150=DIRECTION('',(0.,0.,-1.));
#6151=DIRECTION('',(0.,-1.,0.));
#6152=DIRECTION('',(0.,0.,-1.));
#6153=DIRECTION('',(-1.,0.,0.));
#6154=DIRECTION('',(0.,0.,-1.));
#6155=DIRECTION('',(0.,0.,-1.));
#6156=DIRECTION('',(-1.,0.,0.));
#6157=DIRECTION('',(0.,0.,-1.));
#6158=DIRECTION('',(1.,0.,0.));
#6159=DIRECTION('',(0.,0.,-1.));
#6160=DIRECTION('',(-1.,0.,0.));
#6161=DIRECTION('',(0.,0.,1.));
#6162=DIRECTION('',(0.,1.,0.));
#6163=DIRECTION('',(0.,0.,-1.));
#6164=DIRECTION('',(0.,0.,-1.));
#6165=DIRECTION('',(-1.,0.,0.));
#6166=DIRECTION('',(0.,0.,-1.));
#6167=DIRECTION('',(1.,0.,0.));
#6168=DIRECTION('',(0.,0.,-1.));
#6169=DIRECTION('',(0.,-1.,0.));
#6170=DIRECTION('',(0.,0.,-1.));
#6171=DIRECTION('',(-1.,0.,0.));
#6172=DIRECTION('',(0.,0.,-1.));
#6173=DIRECTION('',(0.,0.,-1.));
#6174=DIRECTION('',(-1.,0.,0.));
#6175=DIRECTION('',(0.,0.,-1.));
#6176=DIRECTION('',(1.,0.,0.));
#6177=DIRECTION('',(0.,0.,-1.));
#6178=DIRECTION('',(0.,1.,0.));
#6179=DIRECTION('',(0.,0.,1.));
#6180=DIRECTION('',(1.,0.,0.));
#6181=DIRECTION('',(0.,0.,-1.));
#6182=DIRECTION('',(0.,0.,-1.));
#6183=DIRECTION('',(-1.,0.,0.));
#6184=DIRECTION('',(0.,0.,1.));
#6185=DIRECTION('',(0.,1.,0.));
#6186=DIRECTION('',(0.,0.,-1.));
#6187=DIRECTION('',(1.3043033653961E-16,1.,0.));
#6188=DIRECTION('',(-1.,1.3043033653961E-16,0.));
#6189=DIRECTION('',(1.,-1.3043033653961E-16,0.));
#6190=DIRECTION('',(0.,0.,-1.));
#6191=DIRECTION('',(-1.,0.,0.));
#6192=DIRECTION('',(0.,0.,1.));
#6193=DIRECTION('',(0.,1.,0.));
#6194=DIRECTION('',(0.,0.,-1.));
#6195=DIRECTION('',(0.,0.,-1.));
#6196=DIRECTION('',(0.,-1.,0.));
#6197=DIRECTION('',(0.,0.,-1.));
#6198=DIRECTION('',(-1.,0.,0.));
#6199=DIRECTION('',(0.,0.,-1.));
#6200=DIRECTION('',(-1.,-2.9909025447876E-16,0.));
#6201=DIRECTION('',(2.9909025447876E-16,-1.,0.));
#6202=DIRECTION('',(-2.9909025447876E-16,1.,0.));
#6203=DIRECTION('',(0.,0.,-1.));
#6204=DIRECTION('',(0.,0.,-1.));
#6205=DIRECTION('',(-1.,0.,0.));
#6206=DIRECTION('',(0.,0.,1.));
#6207=DIRECTION('',(1.,0.,0.));
#6208=DIRECTION('',(0.,0.,-1.));
#6209=DIRECTION('',(0.,0.,-1.));
#6210=DIRECTION('',(0.,1.,0.));
#6211=DIRECTION('',(0.,0.,1.));
#6212=DIRECTION('',(1.,0.,0.));
#6213=DIRECTION('',(0.,0.,-1.));
#6214=DIRECTION('',(0.,0.,-1.));
#6215=DIRECTION('',(-1.,0.,0.));
#6216=DIRECTION('',(0.,0.,1.));
#6217=DIRECTION('',(1.,0.,0.));
#6218=DIRECTION('',(0.,0.,-1.));
#6219=DIRECTION('',(-1.,0.,0.));
#6220=DIRECTION('',(0.,0.,1.));
#6221=DIRECTION('',(0.,1.,0.));
#6222=DIRECTION('',(0.,0.,-1.));
#6223=DIRECTION('',(0.,0.,-1.));
#6224=DIRECTION('',(-1.,0.,0.));
#6225=DIRECTION('',(0.,0.,1.));
#6226=DIRECTION('',(1.,0.,0.));
#6227=DIRECTION('',(0.,0.,-1.));
#6228=DIRECTION('',(0.,1.,0.));
#6229=DIRECTION('',(0.,0.,1.));
#6230=DIRECTION('',(1.,0.,0.));
#6231=DIRECTION('',(0.,0.,-1.));
#6232=DIRECTION('',(0.,0.,-1.));
#6233=DIRECTION('',(-1.,0.,0.));
#6234=DIRECTION('',(0.,0.,1.));
#6235=DIRECTION('',(1.,0.,0.));
#6236=DIRECTION('',(0.,0.,-1.));
#6237=DIRECTION('',(9.78227524047072E-17,-1.,0.));
#6238=DIRECTION('',(1.,9.78227524047072E-17,0.));
#6239=DIRECTION('',(-1.,-9.78227524047072E-17,0.));
#6240=DIRECTION('',(0.,0.,-1.));
#6241=DIRECTION('',(-1.,-9.78227524047072E-17,0.));
#6242=DIRECTION('',(0.,0.,-1.));
#6243=DIRECTION('',(1.,-2.77555756156289E-16,0.));
#6244=DIRECTION('',(2.77555756156289E-16,1.,0.));
#6245=DIRECTION('',(-2.77555756156289E-16,-1.,0.));
#6246=DIRECTION('',(0.,0.,-1.));
#6247=DIRECTION('',(-2.77555756156289E-16,-1.,0.));
#6248=DIRECTION('',(0.,1.,0.));
#6249=DIRECTION('',(0.,0.,1.));
#6250=DIRECTION('',(1.,0.,0.));
#6251=DIRECTION('',(0.,0.,-1.));
#6252=DIRECTION('',(1.,0.,0.));
#6253=DIRECTION('',(0.,1.,0.));
#6254=DIRECTION('',(0.,0.,1.));
#6255=DIRECTION('',(1.,0.,0.));
#6256=DIRECTION('',(0.,0.,-1.));
#6257=DIRECTION('',(1.,0.,0.));
#6258=DIRECTION('',(0.,0.,-1.));
#6259=DIRECTION('',(0.,0.,-1.));
#6260=DIRECTION('',(-1.,0.,0.));
#6261=DIRECTION('',(0.,0.,-1.));
#6262=DIRECTION('',(1.,0.,0.));
#6263=DIRECTION('',(0.,0.,-1.));
#6264=DIRECTION('',(0.,0.,-1.));
#6265=DIRECTION('',(1.,0.,0.));
#6266=DIRECTION('',(1.,0.,0.));
#6267=DIRECTION('',(0.,0.,-1.));
#6268=DIRECTION('',(0.,-1.,0.));
#6269=DIRECTION('',(0.,0.,-1.));
#6270=DIRECTION('',(0.,-1.,0.));
#6271=DIRECTION('',(0.,0.,-1.));
#6272=DIRECTION('',(-1.,0.,0.));
#6273=DIRECTION('',(0.,0.,-1.));
#6274=DIRECTION('',(1.,0.,0.));
#6275=DIRECTION('',(0.,0.,-1.));
#6276=DIRECTION('',(0.,0.,-1.));
#6277=DIRECTION('',(1.,0.,0.));
#6278=DIRECTION('',(0.,1.,0.));
#6279=DIRECTION('',(0.,0.,1.));
#6280=DIRECTION('',(1.,0.,0.));
#6281=DIRECTION('',(0.,0.,-1.));
#6282=DIRECTION('',(1.,0.,0.));
#6283=DIRECTION('',(0.,0.,-1.));
#6284=DIRECTION('',(-1.,0.,0.));
#6285=DIRECTION('',(0.,0.,1.));
#6286=DIRECTION('',(1.,0.,0.));
#6287=DIRECTION('',(0.,0.,-1.));
#6288=DIRECTION('',(0.,0.,1.));
#6289=DIRECTION('',(1.,0.,0.));
#6290=DIRECTION('',(1.,0.,0.));
#6291=DIRECTION('',(0.,0.,-1.));
#6292=DIRECTION('',(0.,-1.,0.));
#6293=DIRECTION('',(0.,0.,-1.));
#6294=DIRECTION('',(0.,-1.,0.));
#6295=DIRECTION('',(0.,0.,-1.));
#6296=DIRECTION('',(-1.,0.,0.));
#6297=DIRECTION('',(0.,0.,1.));
#6298=DIRECTION('',(1.,0.,0.));
#6299=DIRECTION('',(0.,0.,1.));
#6300=DIRECTION('',(1.,0.,0.));
#6301=DIRECTION('',(-1.,2.9909025447876E-16,0.));
#6302=DIRECTION('',(-2.9909025447876E-16,-1.,0.));
#6303=DIRECTION('',(2.9909025447876E-16,1.,0.));
#6304=DIRECTION('',(1.3043033653961E-16,-1.,0.));
#6305=DIRECTION('',(1.,1.3043033653961E-16,0.));
#6306=DIRECTION('',(-1.,-1.3043033653961E-16,0.));
#6307=DIRECTION('',(-1.,0.,0.));
#6308=DIRECTION('',(0.,0.,1.));
#6309=DIRECTION('',(0.,1.,0.));
#6310=DIRECTION('',(1.,2.77555756156289E-16,0.));
#6311=DIRECTION('',(-2.77555756156289E-16,1.,0.));
#6312=DIRECTION('',(2.77555756156289E-16,-1.,0.));
#6313=DIRECTION('',(2.77555756156289E-16,-1.,0.));
#6314=DIRECTION('',(0.,0.,-1.));
#6315=DIRECTION('',(-1.,0.,0.));
#6316=DIRECTION('',(0.,0.,1.));
#6317=DIRECTION('',(1.,0.,0.));
#6318=DIRECTION('',(0.,0.,1.));
#6319=DIRECTION('',(1.,0.,0.));
#6320=DIRECTION('',(-1.,0.,0.));
#6321=DIRECTION('',(0.,0.,1.));
#6322=DIRECTION('',(0.,1.,0.));
#6323=DIRECTION('',(0.,0.,1.));
#6324=DIRECTION('',(1.,0.,0.));
#6325=DIRECTION('',(0.,0.,1.));
#6326=DIRECTION('',(1.,0.,0.));
#6327=DIRECTION('',(-1.,-1.26161707343768E-16,0.));
#6328=DIRECTION('',(0.,-1.,0.));
#6329=DIRECTION('',(-1.,-1.26161707343768E-16,0.));
#6330=DIRECTION('',(0.,-1.,0.));
#6331=DIRECTION('',(0.,-1.,0.));
#6332=DIRECTION('',(0.,0.,-1.));
#6333=DIRECTION('',(0.,0.,1.));
#6334=DIRECTION('',(1.,0.,0.));
#6335=DIRECTION('',(0.,0.,1.));
#6336=DIRECTION('',(1.,0.,0.));
#6337=DIRECTION('',(0.,0.,1.));
#6338=DIRECTION('',(1.,0.,0.));
#6339=DIRECTION('',(0.,0.,1.));
#6340=DIRECTION('',(1.,0.,0.));
#6341=DIRECTION('',(0.,0.,-1.));
#6342=DIRECTION('',(0.,0.,1.));
#6343=DIRECTION('',(1.,0.,0.));
#6344=DIRECTION('',(0.,0.,1.));
#6345=DIRECTION('',(1.,0.,0.));
#6346=DIRECTION('',(0.,0.642787609686539,0.766044443118978));
#6347=DIRECTION('',(0.,0.,1.));
#6348=DIRECTION('',(1.,0.,0.));
#6349=DIRECTION('',(0.642787609686539,0.,0.766044443118978));
#6350=DIRECTION('',(0.50611912077407,0.493805058284018,-0.707106781186548));
#6351=DIRECTION('',(0.50611912077407,0.493805058284018,0.707106781186548));
#6352=DIRECTION('',(0.50611912077407,0.493805058284018,-0.707106781186548));
#6353=DIRECTION('',(0.50611912077407,0.493805058284018,0.707106781186548));
#6354=DIRECTION('',(0.,0.,1.));
#6355=DIRECTION('',(1.,0.,0.));
#6356=DIRECTION('',(0.642787609686539,0.,0.766044443118978));
#6357=DIRECTION('',(0.,0.,1.));
#6358=DIRECTION('',(1.,0.,0.));
#6359=DIRECTION('',(2.973490017574E-15,-0.642787609686539,0.766044443118978));
#6360=DIRECTION('',(0.493805058284018,-0.50611912077407,-0.707106781186548));
#6361=DIRECTION('',(0.493805058284018,-0.50611912077407,0.707106781186548));
#6362=DIRECTION('',(0.493805058284018,-0.50611912077407,-0.707106781186548));
#6363=DIRECTION('',(0.493805058284018,-0.50611912077407,0.707106781186548));
#6364=DIRECTION('',(0.,0.,1.));
#6365=DIRECTION('',(1.,0.,0.));
#6366=DIRECTION('',(0.,-0.642787609686539,0.766044443118978));
#6367=DIRECTION('',(0.,0.,1.));
#6368=DIRECTION('',(1.,0.,0.));
#6369=DIRECTION('',(-0.642787609686539,-2.973490017574E-15,0.766044443118978));
#6370=DIRECTION('',(-0.50611912077407,-0.493805058284018,-0.707106781186548));
#6371=DIRECTION('',(-0.50611912077407,-0.493805058284018,0.707106781186548));
#6372=DIRECTION('',(-0.50611912077407,-0.493805058284018,-0.707106781186548));
#6373=DIRECTION('',(-0.50611912077407,-0.493805058284018,0.707106781186548));
#6374=DIRECTION('',(0.,0.,1.));
#6375=DIRECTION('',(1.,0.,0.));
#6376=DIRECTION('',(-0.642787609686539,0.,0.766044443118978));
#6377=DIRECTION('',(0.,0.,1.));
#6378=DIRECTION('',(1.,0.,0.));
#6379=DIRECTION('',(0.,0.642787609686539,0.766044443118978));
#6380=DIRECTION('',(-0.493805058284018,0.50611912077407,-0.707106781186548));
#6381=DIRECTION('',(-0.493805058284018,0.50611912077407,0.707106781186548));
#6382=DIRECTION('',(-0.493805058284018,0.50611912077407,-0.707106781186548));
#6383=DIRECTION('',(-0.493805058284018,0.50611912077407,0.707106781186548));
#6384=DIRECTION('',(0.,1.,0.));
#6385=DIRECTION('',(0.,0.,1.));
#6386=DIRECTION('',(1.,0.,0.));
#6387=DIRECTION('',(0.,0.,1.));
#6388=DIRECTION('',(1.,0.,0.));
#6389=DIRECTION('',(0.,0.,-1.));
#6390=DIRECTION('',(0.,0.,1.));
#6391=DIRECTION('',(1.,0.,0.));
#6392=DIRECTION('',(0.,0.,1.));
#6393=DIRECTION('',(0.715760524775036,0.698345810593695,0.));
#6394=DIRECTION('',(0.,0.,1.));
#6395=DIRECTION('',(-0.715760524775036,-0.698345810593695,0.));
#6396=DIRECTION('',(0.,0.,1.));
#6397=DIRECTION('',(-0.698345810593695,0.715760524775036,0.));
#6398=DIRECTION('',(0.,0.,1.));
#6399=DIRECTION('',(0.698345810593695,-0.715760524775036,0.));
#6400=DIRECTION('',(0.,0.,1.));
#6401=DIRECTION('',(1.,0.,0.));
#6402=DIRECTION('',(1.,0.,0.));
#6403=DIRECTION('',(0.,0.,1.));
#6404=DIRECTION('',(1.,0.,0.));
#6405=DIRECTION('',(0.,-1.,0.));
#6406=DIRECTION('',(0.,0.,1.));
#6407=DIRECTION('',(1.,0.,0.));
#6408=DIRECTION('',(1.,0.,0.));
#6409=DIRECTION('',(0.,0.,1.));
#6410=DIRECTION('',(1.,0.,0.));
#6411=DIRECTION('',(0.,-1.,0.));
#6412=DIRECTION('',(0.,0.,1.));
#6413=DIRECTION('',(1.,0.,0.));
#6414=DIRECTION('',(1.,0.,0.));
#6415=DIRECTION('',(0.,1.,0.));
#6416=DIRECTION('',(-1.,0.,0.));
#6417=DIRECTION('',(0.,-1.,0.));
#6418=DIRECTION('',(0.,0.,1.));
#6419=DIRECTION('',(1.,0.,0.));
#6420=DIRECTION('',(0.,0.,-1.));
#6421=DIRECTION('',(0.,0.,-1.));
#6422=DIRECTION('',(1.,0.,0.));
#6423=DIRECTION('',(0.,0.,1.));
#6424=DIRECTION('',(1.,0.,0.));
#6425=DIRECTION('',(0.766044443118978,0.,-0.642787609686539));
#6426=DIRECTION('',(-0.642787609686539,0.,-0.766044443118978));
#6427=DIRECTION('',(0.,-0.766044443118978,-0.642787609686539));
#6428=DIRECTION('',(0.,0.642787609686539,-0.766044443118978));
#6429=DIRECTION('',(-0.766044443118978,0.,-0.642787609686539));
#6430=DIRECTION('',(0.642787609686539,0.,-0.766044443118978));
#6431=DIRECTION('',(0.,0.766044443118978,-0.642787609686539));
#6432=DIRECTION('',(0.,-0.642787609686539,-0.766044443118978));
#6433=DIRECTION('',(0.,0.,-1.));
#6434=DIRECTION('',(-1.,0.,0.));
#6435=DIRECTION('',(0.,0.,-1.));
#6436=DIRECTION('',(0.,0.,1.));
#6437=DIRECTION('',(1.,0.,0.));
#6438=DIRECTION('',(0.,0.,-1.));
#6439=DIRECTION('',(0.,1.,0.));
#6440=DIRECTION('',(0.,0.,1.));
#6441=DIRECTION('',(0.,0.,1.));
#6442=DIRECTION('',(1.,0.,0.));
#6443=DIRECTION('',(0.,0.,-1.));
#6444=DIRECTION('',(-1.,0.,0.));
#6445=DIRECTION('',(0.,0.,-1.));
#6446=DIRECTION('',(0.,0.,1.));
#6447=DIRECTION('',(1.,0.,0.));
#6448=DIRECTION('',(1.,0.,0.));
#6449=DIRECTION('',(0.,0.,-1.));
#6450=DIRECTION('',(0.,0.,-1.));
#6451=DIRECTION('',(0.,-1.,0.));
#6452=DIRECTION('',(0.,0.,-1.));
#6453=DIRECTION('',(-1.,0.,0.));
#6454=DIRECTION('',(0.,0.,-1.));
#6455=DIRECTION('',(0.,0.,1.));
#6456=DIRECTION('',(1.,0.,0.));
#6457=DIRECTION('',(0.,1.,0.));
#6458=DIRECTION('',(0.,0.,1.));
#6459=DIRECTION('',(0.,0.,-1.));
#6460=DIRECTION('',(1.,0.,0.));
#6461=DIRECTION('',(0.,0.,-1.));
#6462=DIRECTION('',(-1.,0.,0.));
#6463=DIRECTION('',(0.,0.,-1.));
#6464=DIRECTION('',(0.,0.,1.));
#6465=DIRECTION('',(1.,0.,0.));
#6466=DIRECTION('',(1.,0.,0.));
#6467=DIRECTION('',(0.,0.,-1.));
#6468=DIRECTION('',(0.,-1.,0.));
#6469=DIRECTION('',(0.,0.,1.));
#6470=DIRECTION('',(1.,0.,0.));
#6471=DIRECTION('',(0.483087145066025,0.875572275869878,0.));
#6472=DIRECTION('',(0.,-1.,0.));
#6473=DIRECTION('',(0.,0.,1.));
#6474=DIRECTION('',(1.,0.,0.));
#6475=DIRECTION('',(1.,0.,0.));
#6476=DIRECTION('',(0.,0.,1.));
#6477=DIRECTION('',(1.,0.,0.));
#6478=DIRECTION('',(0.,-1.,0.));
#6479=DIRECTION('',(0.483087145066024,-0.875572275869878,0.));
#6480=DIRECTION('',(0.,0.,1.));
#6481=DIRECTION('',(1.,0.,0.));
#6482=DIRECTION('',(0.,0.,1.));
#6483=DIRECTION('',(1.,0.,0.));
#6484=DIRECTION('',(0.493805058284018,-0.50611912077407,0.707106781186548));
#6485=DIRECTION('',(4.97920485978978E-17,0.813165863538205,0.582032025215251));
#6486=DIRECTION('',(-0.493805058284018,0.50611912077407,-0.707106781186548));
#6487=DIRECTION('',(-4.97920485978978E-17,-0.813165863538205,-0.58203202521525));
#6488=DIRECTION('',(-0.493805058284018,0.50611912077407,-0.707106781186548));
#6489=DIRECTION('',(0.289779402001856,0.862463585078746,0.414951156870979));
#6490=DIRECTION('',(-0.493805058284018,0.50611912077407,-0.707106781186548));
#6491=DIRECTION('',(-4.97920485978978E-17,-0.813165863538205,-0.58203202521525));
#6492=DIRECTION('',(0.493805058284018,-0.50611912077407,0.707106781186548));
#6493=DIRECTION('',(4.97920485978978E-17,0.813165863538205,0.58203202521525));
#6494=DIRECTION('',(-0.493805058284018,0.50611912077407,-0.707106781186548));
#6495=DIRECTION('',(-4.97920485978978E-17,-0.813165863538205,-0.58203202521525));
#6496=DIRECTION('',(-0.493805058284018,0.50611912077407,-0.707106781186548));
#6497=DIRECTION('',(0.289779402001856,0.862463585078746,0.414951156870979));
#6498=DIRECTION('',(-0.493805058284018,0.50611912077407,-0.707106781186548));
#6499=DIRECTION('',(-4.97920485978978E-17,-0.813165863538205,-0.58203202521525));
#6500=DIRECTION('',(0.493805058284018,-0.50611912077407,0.707106781186548));
#6501=DIRECTION('',(4.97920485978978E-17,0.813165863538205,0.582032025215251));
#6502=DIRECTION('',(0.50611912077407,0.493805058284018,0.707106781186548));
#6503=DIRECTION('',(-0.813165863538205,9.95840971957956E-17,0.582032025215251));
#6504=DIRECTION('',(-0.50611912077407,-0.493805058284018,-0.707106781186548));
#6505=DIRECTION('',(0.813165863538205,-9.95840971957956E-17,-0.58203202521525));
#6506=DIRECTION('',(-0.50611912077407,-0.493805058284018,-0.707106781186548));
#6507=DIRECTION('',(-0.862463585078746,0.289779402001856,0.414951156870979));
#6508=DIRECTION('',(-0.50611912077407,-0.493805058284018,-0.707106781186548));
#6509=DIRECTION('',(0.813165863538205,-9.95840971957956E-17,-0.58203202521525));
#6510=DIRECTION('',(0.50611912077407,0.493805058284018,0.707106781186548));
#6511=DIRECTION('',(-0.813165863538205,9.95840971957956E-17,0.58203202521525));
#6512=DIRECTION('',(-0.50611912077407,-0.493805058284018,-0.707106781186548));
#6513=DIRECTION('',(0.813165863538205,-9.95840971957956E-17,-0.58203202521525));
#6514=DIRECTION('',(-0.50611912077407,-0.493805058284018,-0.707106781186548));
#6515=DIRECTION('',(-0.862463585078746,0.289779402001856,0.414951156870979));
#6516=DIRECTION('',(-0.50611912077407,-0.493805058284018,-0.707106781186548));
#6517=DIRECTION('',(0.813165863538205,-9.95840971957956E-17,-0.58203202521525));
#6518=DIRECTION('',(0.50611912077407,0.493805058284018,0.707106781186548));
#6519=DIRECTION('',(-0.813165863538205,9.95840971957956E-17,0.582032025215251));
#6520=DIRECTION('',(-0.493805058284018,0.50611912077407,0.707106781186548));
#6521=DIRECTION('',(-1.49376145793693E-16,-0.813165863538205,0.58203202521525));
#6522=DIRECTION('',(0.493805058284018,-0.50611912077407,-0.707106781186548));
#6523=DIRECTION('',(1.49376145793693E-16,0.813165863538205,-0.58203202521525));
#6524=DIRECTION('',(0.493805058284018,-0.50611912077407,-0.707106781186548));
#6525=DIRECTION('',(1.49376145793693E-16,0.813165863538205,-0.58203202521525));
#6526=DIRECTION('',(0.493805058284018,-0.50611912077407,-0.707106781186548));
#6527=DIRECTION('',(-0.289779402001856,-0.862463585078746,0.414951156870979));
#6528=DIRECTION('',(0.493805058284018,-0.50611912077407,-0.707106781186548));
#6529=DIRECTION('',(1.49376145793693E-16,0.813165863538205,-0.58203202521525));
#6530=DIRECTION('',(-0.493805058284018,0.50611912077407,0.707106781186548));
#6531=DIRECTION('',(-1.49376145793693E-16,-0.813165863538205,0.582032025215251));
#6532=DIRECTION('',(-0.493805058284018,0.50611912077407,0.707106781186548));
#6533=DIRECTION('',(-1.49376145793693E-16,-0.813165863538205,0.582032025215251));
#6534=DIRECTION('',(0.493805058284018,-0.50611912077407,-0.707106781186548));
#6535=DIRECTION('',(1.49376145793693E-16,0.813165863538205,-0.58203202521525));
#6536=DIRECTION('',(0.493805058284018,-0.50611912077407,-0.707106781186548));
#6537=DIRECTION('',(-0.289779402001856,-0.862463585078746,0.414951156870979));
#6538=DIRECTION('',(-0.50611912077407,-0.493805058284018,0.707106781186548));
#6539=DIRECTION('',(0.813165863538205,0.,0.58203202521525));
#6540=DIRECTION('',(0.50611912077407,0.493805058284018,-0.707106781186548));
#6541=DIRECTION('',(-0.813165863538205,0.,-0.58203202521525));
#6542=DIRECTION('',(0.50611912077407,0.493805058284018,-0.707106781186548));
#6543=DIRECTION('',(-0.813165863538205,0.,-0.58203202521525));
#6544=DIRECTION('',(0.50611912077407,0.493805058284018,-0.707106781186548));
#6545=DIRECTION('',(0.862463585078746,-0.289779402001856,0.414951156870979));
#6546=DIRECTION('',(0.50611912077407,0.493805058284018,-0.707106781186548));
#6547=DIRECTION('',(-0.813165863538205,0.,-0.58203202521525));
#6548=DIRECTION('',(-0.50611912077407,-0.493805058284018,0.707106781186548));
#6549=DIRECTION('',(0.813165863538205,0.,0.582032025215251));
#6550=DIRECTION('',(-0.50611912077407,-0.493805058284018,0.707106781186548));
#6551=DIRECTION('',(0.813165863538205,0.,0.582032025215251));
#6552=DIRECTION('',(0.50611912077407,0.493805058284018,-0.707106781186548));
#6553=DIRECTION('',(-0.813165863538205,0.,-0.58203202521525));
#6554=DIRECTION('',(0.50611912077407,0.493805058284018,-0.707106781186548));
#6555=DIRECTION('',(0.862463585078746,-0.289779402001856,0.414951156870979));
#6556=DIRECTION('',(0.,0.,1.));
#6557=DIRECTION('',(1.,0.,0.));
#6558=DIRECTION('',(-1.,-1.26161707343768E-16,0.));
#6559=DIRECTION('',(0.,1.,0.));
#6560=DIRECTION('',(1.,1.26161707343768E-16,0.));
#6561=DIRECTION('',(0.,-1.,0.));
#6562=DIRECTION('',(0.,0.,1.));
#6563=DIRECTION('',(1.,0.,0.));
#6564=DIRECTION('',(0.,0.,-1.));
#6565=DIRECTION('',(1.,0.,0.));
#6566=DIRECTION('',(0.,1.,0.));
#6567=DIRECTION('',(0.,0.,-1.));
#6568=DIRECTION('',(1.,0.,0.));
#6569=DIRECTION('',(1.,0.,0.));
#6570=DIRECTION('',(0.,0.,-1.));
#6571=DIRECTION('',(1.,0.,0.));
#6572=DIRECTION('',(0.,1.,0.));
#6573=DIRECTION('',(0.,0.,-1.));
#6574=DIRECTION('',(1.,0.,0.));
#6575=DIRECTION('',(1.,0.,0.));
#6576=DIRECTION('',(2.79794109028518E-16,1.,0.));
#6577=DIRECTION('',(1.,0.,0.));
#6578=DIRECTION('',(0.,1.,0.));
#6579=DIRECTION('',(1.,-2.53244303062308E-16,0.));
#6580=DIRECTION('',(-1.,0.,0.));
#6581=DIRECTION('',(-2.79794109028518E-16,1.,0.));
#6582=DIRECTION('',(-1.,-2.53244303062308E-16,0.));
#6583=DIRECTION('',(0.,1.,0.));
#6584=DIRECTION('',(0.,0.,1.));
#6585=DIRECTION('',(1.,0.,0.));
#6586=DIRECTION('',(-1.,0.,0.));
#6587=DIRECTION('',(0.,0.,1.));
#6588=DIRECTION('',(1.,0.,0.));
#6589=DIRECTION('',(0.,1.,0.));
#6590=DIRECTION('',(0.,0.,1.));
#6591=DIRECTION('',(1.,0.,0.));
#6592=DIRECTION('',(-1.,0.,0.));
#6593=DIRECTION('',(0.,0.,1.));
#6594=DIRECTION('',(1.,0.,0.));
#6595=DIRECTION('',(0.,1.,0.));
#6596=DIRECTION('',(0.483087145066024,-0.875572275869878,0.));
#6597=DIRECTION('',(0.,-1.,0.));
#6598=DIRECTION('',(0.,0.,1.));
#6599=DIRECTION('',(1.,0.,0.));
#6600=DIRECTION('',(1.,0.,0.));
#6601=DIRECTION('',(0.,0.,1.));
#6602=DIRECTION('',(1.,0.,0.));
#6603=DIRECTION('',(0.,-1.,0.));
#6604=DIRECTION('',(0.483087145066025,0.875572275869878,0.));
#6605=DIRECTION('',(1.26161707343768E-16,-1.,0.));
#6606=DIRECTION('',(1.,1.26161707343768E-16,0.));
#6607=DIRECTION('',(0.,0.,-1.));
#6608=DIRECTION('',(-1.,-1.26161707343768E-16,0.));
#6609=DIRECTION('',(0.,0.,-1.));
#6610=DIRECTION('',(1.,0.,0.));
#6611=DIRECTION('',(0.,0.,-1.));
#6612=DIRECTION('',(0.,0.,-1.));
#6613=DIRECTION('',(0.,1.,0.));
#6614=DIRECTION('',(1.26161707343768E-16,-1.,0.));
#6615=DIRECTION('',(1.,1.26161707343768E-16,0.));
#6616=DIRECTION('',(0.,0.,-1.));
#6617=DIRECTION('',(1.,1.26161707343768E-16,0.));
#6618=DIRECTION('',(0.,0.,-1.));
#6619=DIRECTION('',(-1.,0.,0.));
#6620=DIRECTION('',(0.,0.,-1.));
#6621=DIRECTION('',(0.,0.,-1.));
#6622=DIRECTION('',(0.,-1.,0.));
#6623=DIRECTION('',(0.,0.,-1.));
#6624=DIRECTION('',(0.,0.,-1.));
#6625=DIRECTION('',(0.,0.,-1.));
#6626=DIRECTION('',(-1.,0.,0.));
#6627=DIRECTION('',(0.,0.,-1.));
#6628=DIRECTION('',(-1.,0.,0.));
#6629=DIRECTION('',(0.,0.,1.));
#6630=DIRECTION('',(0.,0.,-1.));
#6631=DIRECTION('',(0.,0.,-1.));
#6632=DIRECTION('',(-1.,0.,0.));
#6633=DIRECTION('',(0.,0.,-1.));
#6634=DIRECTION('',(0.,-1.,0.));
#6635=DIRECTION('',(0.,0.,-1.));
#6636=DIRECTION('',(0.,0.,-1.));
#6637=DIRECTION('',(0.,0.,-1.));
#6638=DIRECTION('',(-1.,0.,0.));
#6639=DIRECTION('',(0.,0.,-1.));
#6640=DIRECTION('',(0.,-1.,0.));
#6641=DIRECTION('',(0.,0.,-1.));
#6642=DIRECTION('',(0.,0.,-1.));
#6643=DIRECTION('',(0.,0.,-1.));
#6644=DIRECTION('',(-1.,-2.79794109028518E-16,0.));
#6645=DIRECTION('',(2.79794109028518E-16,-1.,0.));
#6646=DIRECTION('',(0.,0.,-1.));
#6647=DIRECTION('',(2.53244303062308E-16,-1.,0.));
#6648=DIRECTION('',(1.,2.53244303062308E-16,0.));
#6649=DIRECTION('',(0.,0.,-1.));
#6650=DIRECTION('',(-1.,2.79794109028518E-16,0.));
#6651=DIRECTION('',(-2.79794109028518E-16,-1.,0.));
#6652=DIRECTION('',(0.,0.,-1.));
#6653=DIRECTION('',(0.,0.,-1.));
#6654=DIRECTION('',(0.,1.,0.));
#6655=DIRECTION('',(0.,0.,1.));
#6656=DIRECTION('',(0.,0.,-1.));
#6657=DIRECTION('',(-1.,0.,0.));
#6658=DIRECTION('',(0.,0.,1.));
#6659=DIRECTION('',(0.,0.,-1.));
#6660=DIRECTION('',(0.,0.,-1.));
#6661=DIRECTION('',(-1.,0.,0.));
#6662=DIRECTION('',(0.,0.,-1.));
#6663=DIRECTION('',(0.,0.,-1.));
#6664=DIRECTION('',(-1.,0.,0.));
#6665=DIRECTION('',(0.,0.,1.));
#6666=DIRECTION('',(0.,0.,-1.));
#6667=DIRECTION('',(0.,0.,-1.));
#6668=DIRECTION('',(-1.,0.,0.));
#6669=DIRECTION('',(0.,0.,-1.));
#6670=DIRECTION('',(0.,1.,0.));
#6671=DIRECTION('',(0.,0.,1.));
#6672=DIRECTION('',(0.,0.,-1.));
#6673=DIRECTION('',(0.,0.,-1.));
#6674=DIRECTION('',(-1.,0.,0.));
#6675=DIRECTION('',(0.,0.,-1.));
#6676=DIRECTION('',(-1.,0.,0.));
#6677=DIRECTION('',(0.,0.,1.));
#6678=DIRECTION('',(0.,0.,-1.));
#6679=DIRECTION('',(0.,0.,-1.));
#6680=DIRECTION('',(-1.,0.,0.));
#6681=DIRECTION('',(0.,0.,-1.));
#6682=DIRECTION('',(-1.,0.,0.));
#6683=DIRECTION('',(0.,0.,1.));
#6684=DIRECTION('',(-1.,0.,0.));
#6685=DIRECTION('',(0.,0.,1.));
#6686=DIRECTION('',(2.53244303062308E-16,1.,0.));
#6687=DIRECTION('',(-1.,2.53244303062308E-16,0.));
#6688=DIRECTION('',(0.,1.,0.));
#6689=DIRECTION('',(0.,0.,1.));
#6690=DIRECTION('',(1.,0.,0.));
#6691=DIRECTION('',(0.,0.,-1.));
#6692=DIRECTION('',(0.,-1.,0.));
#6693=DIRECTION('',(0.,0.,1.));
#6694=DIRECTION('',(1.,0.,0.));
#6695=DIRECTION('',(0.,0.,1.));
#6696=DIRECTION('',(1.,0.,0.));
#6697=DIRECTION('',(0.,0.,1.));
#6698=DIRECTION('',(1.,0.,0.));
#6699=DIRECTION('',(0.875572275869878,0.483087145066024,0.));
#6700=DIRECTION('',(-0.483087145066024,0.875572275869878,0.));
#6701=DIRECTION('',(0.,0.,-1.));
#6702=DIRECTION('',(-0.875572275869878,0.483087145066025,0.));
#6703=DIRECTION('',(-0.483087145066025,-0.875572275869878,0.));
#6704=DIRECTION('',(0.,0.,-1.));
#6705=DIRECTION('',(1.,0.,0.));
#6706=DIRECTION('',(0.,0.,-1.));
#6707=DIRECTION('',(0.,0.,-1.));
#6708=DIRECTION('',(0.,0.,-1.));
#6709=DIRECTION('',(-1.,0.,0.));
#6710=DIRECTION('',(0.,0.,-1.));
#6711=DIRECTION('',(0.,1.,0.));
#6712=DIRECTION('',(0.,0.,1.));
#6713=DIRECTION('',(0.,0.,-1.));
#6714=DIRECTION('',(0.,0.,-1.));
#6715=DIRECTION('',(-1.,0.,0.));
#6716=DIRECTION('',(0.,0.,-1.));
#6717=DIRECTION('',(1.,0.,0.));
#6718=DIRECTION('',(0.,0.,-1.));
#6719=DIRECTION('',(-0.986393923832144,0.,0.164398987305357));
#6720=DIRECTION('',(0.,1.,0.));
#6721=DIRECTION('',(-0.162221421130763,0.162221421130763,-0.973328526784575));
#6722=DIRECTION('',(0.162221421130763,0.162221421130763,0.973328526784575));
#6723=DIRECTION('',(-1.24445141544182E-16,0.986393923832144,-0.164398987305357));
#6724=DIRECTION('',(-1.,-1.26161707343768E-16,0.));
#6725=DIRECTION('',(0.162221421130763,-0.162221421130763,-0.973328526784575));
#6726=DIRECTION('',(-1.24445141544182E-16,0.986393923832144,0.164398987305357));
#6727=DIRECTION('',(1.,1.26161707343768E-16,0.));
#6728=DIRECTION('',(0.162221421130763,0.162221421130763,-0.973328526784575));
#6729=DIRECTION('',(-0.986393923832144,0.,-0.164398987305357));
#6730=DIRECTION('',(0.,-1.,0.));
#6731=DIRECTION('',(0.,0.,1.));
#6732=DIRECTION('',(1.,0.,0.));
#6733=DIRECTION('',(0.,0.,-1.));
#6734=DIRECTION('',(-1.,0.,0.));
#6735=DIRECTION('',(0.,0.,-1.));
#6736=DIRECTION('',(-1.,0.,0.));
#6737=DIRECTION('',(0.,0.,-1.));
#6738=DIRECTION('',(-1.,0.,0.));
#6739=DIRECTION('',(0.,0.,-1.));
#6740=DIRECTION('',(1.,0.,0.));
#6741=DIRECTION('',(0.,0.,-1.));
#6742=DIRECTION('',(-1.,0.,0.));
#6743=DIRECTION('',(0.,0.,-1.));
#6744=DIRECTION('',(-1.,0.,0.));
#6745=DIRECTION('',(0.,0.,-1.));
#6746=DIRECTION('',(-1.,0.,0.));
#6747=DIRECTION('',(0.,0.,1.));
#6748=DIRECTION('',(1.,0.,0.));
#6749=DIRECTION('',(0.,0.,1.));
#6750=DIRECTION('',(1.,0.,0.));
#6751=DIRECTION('',(0.,0.,1.));
#6752=DIRECTION('',(1.,0.,0.));
#6753=DIRECTION('',(0.,0.,1.));
#6754=DIRECTION('',(1.,0.,0.));
#6755=DIRECTION('',(0.,0.,1.));
#6756=DIRECTION('',(1.,0.,0.));
#6757=DIRECTION('',(1.,0.,0.));
#6758=DIRECTION('',(0.,0.,-1.));
#6759=DIRECTION('',(0.,-1.,0.));
#6760=DIRECTION('',(0.,0.,-1.));
#6761=DIRECTION('',(0.,-1.,0.));
#6762=DIRECTION('',(0.,0.,-1.));
#6763=DIRECTION('',(0.,-1.,0.));
#6764=DIRECTION('',(0.,0.,-1.));
#6765=DIRECTION('',(-1.,0.,0.));
#6766=DIRECTION('',(0.,0.,-1.));
#6767=DIRECTION('',(-1.,0.,0.));
#6768=DIRECTION('',(1.,0.,0.));
#6769=DIRECTION('',(0.,0.,-1.));
#6770=DIRECTION('',(0.,-1.,0.));
#6771=DIRECTION('',(0.,0.,-1.));
#6772=DIRECTION('',(0.,-1.,0.));
#6773=DIRECTION('',(0.,0.,-1.));
#6774=DIRECTION('',(-1.,0.,0.));
#6775=DIRECTION('',(0.,0.,1.));
#6776=DIRECTION('',(1.,0.,0.));
#6777=DIRECTION('',(0.,0.,-1.));
#6778=DIRECTION('',(0.,0.,1.));
#6779=DIRECTION('',(1.,0.,0.));
#6780=DIRECTION('',(0.,1.,0.));
#6781=DIRECTION('',(0.,0.,1.));
#6782=DIRECTION('',(1.,0.,0.));
#6783=DIRECTION('',(0.,0.,-1.));
#6784=DIRECTION('',(1.,0.,0.));
#6785=DIRECTION('',(0.,1.,0.));
#6786=DIRECTION('',(0.,0.,1.));
#6787=DIRECTION('',(1.,0.,0.));
#6788=DIRECTION('',(0.,0.,-1.));
#6789=DIRECTION('',(1.,0.,0.));
#6790=DIRECTION('',(0.,0.,-1.));
#6791=DIRECTION('',(1.,0.,0.));
#6792=DIRECTION('',(0.,0.,-1.));
#6793=DIRECTION('',(0.,-1.,0.));
#6794=DIRECTION('',(0.,0.,-1.));
#6795=DIRECTION('',(0.,-1.,0.));
#6796=DIRECTION('',(1.72609301092219E-16,1.,0.));
#6797=DIRECTION('',(-1.,1.72609301092219E-16,0.));
#6798=DIRECTION('',(1.,-1.72609301092219E-16,0.));
#6799=DIRECTION('',(0.,0.,-1.));
#6800=DIRECTION('',(1.,-1.72609301092219E-16,0.));
#6801=DIRECTION('',(1.,0.,0.));
#6802=DIRECTION('',(0.,0.,-1.));
#6803=DIRECTION('',(0.,-1.,0.));
#6804=DIRECTION('',(0.,0.,-1.));
#6805=DIRECTION('',(0.,-1.,0.));
#6806=DIRECTION('',(0.,1.,0.));
#6807=DIRECTION('',(0.,0.,1.));
#6808=DIRECTION('',(1.,0.,0.));
#6809=DIRECTION('',(0.,0.,-1.));
#6810=DIRECTION('',(1.,0.,0.));
#6811=DIRECTION('',(1.,0.,0.));
#6812=DIRECTION('',(0.,0.,-1.));
#6813=DIRECTION('',(0.,-1.,0.));
#6814=DIRECTION('',(0.,0.,-1.));
#6815=DIRECTION('',(0.,-1.,0.));
#6816=DIRECTION('',(0.,0.,-1.));
#6817=DIRECTION('',(-1.,0.,0.));
#6818=DIRECTION('',(0.,0.,1.));
#6819=DIRECTION('',(1.,0.,0.));
#6820=DIRECTION('',(0.,0.,-1.));
#6821=DIRECTION('',(0.,0.,1.));
#6822=DIRECTION('',(1.,0.,0.));
#6823=DIRECTION('',(0.,1.,0.));
#6824=DIRECTION('',(0.,0.,1.));
#6825=DIRECTION('',(1.,0.,0.));
#6826=DIRECTION('',(0.,0.,-1.));
#6827=DIRECTION('',(1.,0.,0.));
#6828=DIRECTION('',(0.,0.,-1.));
#6829=DIRECTION('',(-1.,0.,0.));
#6830=DIRECTION('',(0.,0.,1.));
#6831=DIRECTION('',(1.,0.,0.));
#6832=DIRECTION('',(0.,0.,-1.));
#6833=DIRECTION('',(0.,0.,1.));
#6834=DIRECTION('',(1.,0.,0.));
#6835=DIRECTION('',(1.,0.,0.));
#6836=DIRECTION('',(0.,0.,-1.));
#6837=DIRECTION('',(0.,-1.,0.));
#6838=DIRECTION('',(0.,-1.,0.));
#6839=DIRECTION('',(0.,0.,-1.));
#6840=DIRECTION('',(-1.,0.,0.));
#6841=DIRECTION('',(0.,0.,1.));
#6842=DIRECTION('',(1.,0.,0.));
#6843=DIRECTION('',(0.,0.,1.));
#6844=DIRECTION('',(1.,0.,0.));
#6845=DIRECTION('',(0.,0.,1.));
#6846=DIRECTION('',(1.,0.,0.));
#6847=DIRECTION('',(0.,0.,1.));
#6848=DIRECTION('',(1.,0.,0.));
#6849=DIRECTION('',(0.,0.,1.));
#6850=DIRECTION('',(1.,0.,0.));
#6851=DIRECTION('',(-1.,0.,0.));
#6852=DIRECTION('',(0.,0.859852271596873,0.510542917911606));
#6853=DIRECTION('',(0.,0.859852271596873,0.510542917911606));
#6854=DIRECTION('',(0.,-0.642787609686539,-0.766044443118978));
#6855=DIRECTION('',(0.,-0.859852271596873,-0.510542917911606));
#6856=DIRECTION('',(0.,-1.,0.));
#6857=DIRECTION('',(-1.,3.49789292687092E-15,2.07689683497667E-15));
#6858=DIRECTION('',(4.06801614930295E-15,0.859852271596873,0.510542917911606));
#6859=DIRECTION('',(4.06801614930295E-15,0.859852271596873,0.510542917911606));
#6860=DIRECTION('',(-3.49789292687092E-15,-1.,0.));
#6861=DIRECTION('',(-4.06801614930295E-15,-0.859852271596873,-0.510542917911606));
#6862=DIRECTION('',(3.83939751276808E-15,0.642787609686539,0.766044443118978));
#6863=DIRECTION('',(0.,0.,-1.));
#6864=DIRECTION('',(1.,0.,0.));
#6865=DIRECTION('',(0.,0.,1.));
#6866=DIRECTION('',(1.,0.,0.));
#6867=DIRECTION('',(0.,0.,1.));
#6868=DIRECTION('',(1.,0.,0.));
#6869=DIRECTION('',(0.,0.,1.));
#6870=DIRECTION('',(1.,0.,0.));
#6871=DIRECTION('',(0.,0.,1.));
#6872=DIRECTION('',(1.,0.,0.));
#6873=DIRECTION('',(0.,0.,-1.));
#6874=DIRECTION('',(-1.,0.,0.));
#6875=DIRECTION('',(1.,0.,0.));
#6876=DIRECTION('',(0.,0.,-1.));
#6877=DIRECTION('',(-1.,0.,0.));
#6878=DIRECTION('',(0.,-1.,0.));
#6879=DIRECTION('',(0.,0.,-1.));
#6880=DIRECTION('',(-1.,0.,0.));
#6881=DIRECTION('',(-1.,0.,0.));
#6882=DIRECTION('',(0.,0.,-1.));
#6883=DIRECTION('',(-1.,0.,0.));
#6884=DIRECTION('',(0.,1.,0.));
#6885=DIRECTION('',(0.,0.,-1.));
#6886=DIRECTION('',(-1.,0.,0.));
#6887=DIRECTION('',(1.,0.,0.));
#6888=DIRECTION('',(0.,0.,1.));
#6889=DIRECTION('',(1.,0.,0.));
#6890=DIRECTION('',(3.22739251344522E-16,1.,0.));
#6891=DIRECTION('',(0.,0.,1.));
#6892=DIRECTION('',(1.,0.,0.));
#6893=DIRECTION('',(1.,-1.50845519650157E-16,0.));
#6894=DIRECTION('',(0.,0.,1.));
#6895=DIRECTION('',(1.,0.,0.));
#6896=DIRECTION('',(0.,1.,0.));
#6897=DIRECTION('',(0.,0.,1.));
#6898=DIRECTION('',(1.,0.,0.));
#6899=DIRECTION('',(-1.,1.50845519650157E-16,0.));
#6900=DIRECTION('',(1.50845519650157E-16,1.,0.));
#6901=DIRECTION('',(-1.,1.50845519650157E-16,0.));
#6902=DIRECTION('',(0.,0.,-1.));
#6903=DIRECTION('',(1.,-1.50845519650157E-16,0.));
#6904=DIRECTION('',(0.,0.,-1.));
#6905=DIRECTION('',(-1.,0.,0.));
#6906=DIRECTION('',(0.,0.,-1.));
#6907=DIRECTION('',(1.,-1.50845519650157E-16,0.));
#6908=DIRECTION('',(0.,0.,-1.));
#6909=DIRECTION('',(1.,0.,0.));
#6910=DIRECTION('',(-1.,3.22739251344522E-16,0.));
#6911=DIRECTION('',(-3.22739251344522E-16,-1.,0.));
#6912=DIRECTION('',(0.,0.,-1.));
#6913=DIRECTION('',(-3.22739251344522E-16,-1.,0.));
#6914=DIRECTION('',(0.,0.,-1.));
#6915=DIRECTION('',(0.,1.,0.));
#6916=DIRECTION('',(0.,0.,-1.));
#6917=DIRECTION('',(3.22739251344522E-16,1.,0.));
#6918=DIRECTION('',(0.,0.,-1.));
#6919=DIRECTION('',(0.,-1.,0.));
#6920=DIRECTION('',(-1.50845519650157E-16,-1.,0.));
#6921=DIRECTION('',(1.,-1.50845519650157E-16,0.));
#6922=DIRECTION('',(0.,0.,-1.));
#6923=DIRECTION('',(-1.,1.50845519650157E-16,0.));
#6924=DIRECTION('',(0.,0.,-1.));
#6925=DIRECTION('',(1.,0.,0.));
#6926=DIRECTION('',(0.,0.,-1.));
#6927=DIRECTION('',(-1.,1.50845519650157E-16,0.));
#6928=DIRECTION('',(0.,0.,-1.));
#6929=DIRECTION('',(-1.,0.,0.));
#6930=DIRECTION('',(-1.,0.,0.));
#6931=DIRECTION('',(0.,0.,1.));
#6932=DIRECTION('',(0.,0.,-1.));
#6933=DIRECTION('',(0.,1.,0.));
#6934=DIRECTION('',(0.,0.,-1.));
#6935=DIRECTION('',(0.,-1.,0.));
#6936=DIRECTION('',(0.,0.,-1.));
#6937=DIRECTION('',(0.,1.,0.));
#6938=DIRECTION('',(0.,0.,-1.));
#6939=DIRECTION('',(0.,1.,0.));
#6940=DIRECTION('',(0.,0.,-1.));
#6941=DIRECTION('',(-1.,0.,0.));
#6942=DIRECTION('',(0.,0.,-1.));
#6943=DIRECTION('',(-1.,0.,0.));
#6944=DIRECTION('',(0.,0.,-1.));
#6945=DIRECTION('',(-1.,0.,0.));
#6946=DIRECTION('',(0.,0.,-1.));
#6947=DIRECTION('',(-1.,0.,0.));
#6948=DIRECTION('',(0.,0.,-1.));
#6949=DIRECTION('',(-1.,0.,0.));
#6950=DIRECTION('',(0.,0.,-1.));
#6951=DIRECTION('',(-1.,0.,0.));
#6952=DIRECTION('',(0.,0.,-1.));
#6953=DIRECTION('',(-1.,0.,0.));
#6954=DIRECTION('',(0.,0.,-1.));
#6955=DIRECTION('',(-1.,0.,0.));
#6956=DIRECTION('',(0.,0.,-1.));
#6957=DIRECTION('',(-1.,0.,0.));
#6958=DIRECTION('',(0.,0.,-1.));
#6959=DIRECTION('',(-1.,0.,0.));
#6960=DIRECTION('',(0.,0.,-1.));
#6961=DIRECTION('',(-1.,0.,0.));
#6962=DIRECTION('',(0.,0.,-1.));
#6963=DIRECTION('',(-1.,0.,0.));
#6964=DIRECTION('',(0.,0.,-1.));
#6965=DIRECTION('',(1.,0.,0.));
#6966=DIRECTION('',(-2.89120579329468E-16,-1.,0.));
#6967=DIRECTION('',(-1.,1.50845519650157E-16,0.));
#6968=DIRECTION('',(-2.89120579329468E-16,1.,0.));
#6969=DIRECTION('',(-0.707106781186547,0.707106781186548,0.));
#6970=DIRECTION('',(-1.,0.,0.));
#6971=DIRECTION('',(3.22739251344522E-16,1.,0.));
#6972=DIRECTION('',(1.,-2.89120579329468E-16,0.));
#6973=DIRECTION('',(0.707106781186547,0.707106781186548,0.));
#6974=DIRECTION('',(5.78241158658935E-16,1.,0.));
#6975=DIRECTION('',(1.,-1.50845519650157E-16,0.));
#6976=DIRECTION('',(5.78241158658935E-16,-1.,0.));
#6977=DIRECTION('',(0.707106781186547,-0.707106781186548,0.));
#6978=DIRECTION('',(1.,2.89120579329468E-16,0.));
#6979=DIRECTION('',(0.,-1.,0.));
#6980=DIRECTION('',(-1.,0.,0.));
#6981=DIRECTION('',(-0.707106781186547,-0.707106781186548,0.));
#6982=DIRECTION('',(-1.,0.,0.));
#6983=DIRECTION('',(0.,0.,-1.));
#6984=DIRECTION('',(-1.,0.,0.));
#6985=DIRECTION('',(0.,-1.,0.));
#6986=DIRECTION('',(0.,0.,-1.));
#6987=DIRECTION('',(-1.,0.,0.));
#6988=DIRECTION('',(1.,0.,0.));
#6989=DIRECTION('',(0.,0.,-1.));
#6990=DIRECTION('',(-1.,0.,0.));
#6991=DIRECTION('',(0.,1.,0.));
#6992=DIRECTION('',(0.,0.,-1.));
#6993=DIRECTION('',(-1.,0.,0.));
#6994=DIRECTION('',(0.766044443118978,0.,-0.642787609686539));
#6995=DIRECTION('',(-0.642787609686539,0.,-0.766044443118978));
#6996=DIRECTION('',(0.642787609686539,0.,0.766044443118978));
#6997=DIRECTION('',(0.,1.,0.));
#6998=DIRECTION('',(-0.642787609686539,0.,-0.766044443118978));
#6999=DIRECTION('',(0.,0.766044443118978,-0.642787609686539));
#7000=DIRECTION('',(0.,-0.642787609686539,-0.766044443118978));
#7001=DIRECTION('',(-2.46095652250395E-16,0.642787609686539,0.766044443118978));
#7002=DIRECTION('',(-1.,0.,0.));
#7003=DIRECTION('',(-1.,0.,0.));
#7004=DIRECTION('',(0.,-0.642787609686539,-0.766044443118978));
#7005=DIRECTION('',(-0.766044443118978,0.,-0.642787609686539));
#7006=DIRECTION('',(0.642787609686539,0.,-0.766044443118978));
#7007=DIRECTION('',(-0.642787609686539,7.87187788734199E-17,0.766044443118978));
#7008=DIRECTION('',(0.,-1.,0.));
#7009=DIRECTION('',(0.642787609686539,0.,-0.766044443118978));
#7010=DIRECTION('',(0.,0.,1.));
#7011=DIRECTION('',(1.,0.,0.));
#7012=DIRECTION('',(-0.493805058284018,0.50611912077407,-0.707106781186548));
#7013=DIRECTION('',(-0.493805058284018,0.50611912077407,0.707106781186548));
#7014=DIRECTION('',(-0.493805058284018,0.50611912077407,-0.707106781186548));
#7015=DIRECTION('',(-0.493805058284018,0.50611912077407,0.707106781186548));
#7016=DIRECTION('',(0.,0.,1.));
#7017=DIRECTION('',(1.,0.,0.));
#7018=DIRECTION('',(0.,-0.766044443118978,-0.642787609686539));
#7019=DIRECTION('',(0.,0.642787609686539,-0.766044443118978));
#7020=DIRECTION('',(-6.88988251684341E-16,-0.642787609686539,0.766044443118978));
#7021=DIRECTION('',(1.,0.,0.));
#7022=DIRECTION('',(0.,0.642787609686539,-0.766044443118978));
#7023=DIRECTION('',(0.,0.,1.));
#7024=DIRECTION('',(1.,0.,0.));
#7025=DIRECTION('',(-0.50611912077407,-0.493805058284018,-0.707106781186548));
#7026=DIRECTION('',(-0.50611912077407,-0.493805058284018,0.707106781186548));
#7027=DIRECTION('',(-0.50611912077407,-0.493805058284018,-0.707106781186548));
#7028=DIRECTION('',(-0.50611912077407,-0.493805058284018,0.707106781186548));
#7029=DIRECTION('',(0.,0.,1.));
#7030=DIRECTION('',(1.,0.,0.));
#7031=DIRECTION('',(0.,0.,1.));
#7032=DIRECTION('',(1.,0.,0.));
#7033=DIRECTION('',(0.493805058284018,-0.50611912077407,-0.707106781186548));
#7034=DIRECTION('',(0.493805058284018,-0.50611912077407,0.707106781186548));
#7035=DIRECTION('',(0.493805058284018,-0.50611912077407,-0.707106781186548));
#7036=DIRECTION('',(0.493805058284018,-0.50611912077407,0.707106781186548));
#7037=DIRECTION('',(0.,0.,1.));
#7038=DIRECTION('',(1.,0.,0.));
#7039=DIRECTION('',(0.,0.,1.));
#7040=DIRECTION('',(1.,0.,0.));
#7041=DIRECTION('',(0.50611912077407,0.493805058284018,-0.707106781186548));
#7042=DIRECTION('',(0.50611912077407,0.493805058284018,0.707106781186548));
#7043=DIRECTION('',(0.50611912077407,0.493805058284018,-0.707106781186548));
#7044=DIRECTION('',(0.50611912077407,0.493805058284018,0.707106781186548));
#7045=DIRECTION('',(0.,0.,1.));
#7046=DIRECTION('',(1.,0.,0.));
#7047=DIRECTION('',(0.,0.,-1.));
#7048=DIRECTION('',(1.,0.,0.));
#7049=DIRECTION('',(0.,0.,1.));
#7050=DIRECTION('',(1.,0.,0.));
#7051=DIRECTION('',(-1.,1.50845519650157E-16,0.));
#7052=DIRECTION('',(0.,0.,1.));
#7053=DIRECTION('',(1.,0.,0.));
#7054=DIRECTION('',(0.,1.,0.));
#7055=DIRECTION('',(0.,0.,1.));
#7056=DIRECTION('',(1.,0.,0.));
#7057=DIRECTION('',(1.,-1.50845519650157E-16,0.));
#7058=DIRECTION('',(0.,0.,1.));
#7059=DIRECTION('',(1.,0.,0.));
#7060=DIRECTION('',(3.22739251344522E-16,1.,0.));
#7061=DIRECTION('',(-0.510542917911606,0.,-0.859852271596873));
#7062=DIRECTION('',(0.859852271596874,0.,-0.510542917911606));
#7063=DIRECTION('',(0.859852271596874,0.,-0.510542917911606));
#7064=DIRECTION('',(-0.859852271596873,1.05301533215069E-16,0.510542917911606));
#7065=DIRECTION('',(0.510542917911606,0.,-0.859852271596873));
#7066=DIRECTION('',(-0.859852271596874,0.,-0.510542917911606));
#7067=DIRECTION('',(-0.859852271596874,0.,-0.510542917911606));
#7068=DIRECTION('',(0.859852271596873,2.9873251181399E-16,0.510542917911606));
#7069=DIRECTION('',(0.,-0.510542917911606,-0.859852271596873));
#7070=DIRECTION('',(0.,0.859852271596874,-0.510542917911606));
#7071=DIRECTION('',(0.,0.859852271596874,-0.510542917911606));
#7072=DIRECTION('',(-9.21654531585078E-16,-0.859852271596873,0.510542917911606));
#7073=DIRECTION('',(0.,0.510542917911606,-0.859852271596873));
#7074=DIRECTION('',(0.,-0.859852271596874,-0.510542917911606));
#7075=DIRECTION('',(0.,0.510542917911606,-0.859852271596873));
#7076=DIRECTION('',(0.,-0.859852271596874,-0.510542917911606));
#7077=DIRECTION('',(0.,0.,1.));
#7078=DIRECTION('',(1.,0.,0.));
#7079=DIRECTION('',(0.,0.,1.));
#7080=DIRECTION('',(1.,0.,0.));
#7081=DIRECTION('',(0.,0.,1.));
#7082=DIRECTION('',(1.,0.,0.));
#7083=DIRECTION('',(0.,0.,1.));
#7084=DIRECTION('',(1.,0.,0.));
#7085=DIRECTION('',(0.,0.,1.));
#7086=DIRECTION('',(1.,0.,0.));
#7087=DIRECTION('',(-0.50611912077407,-0.493805058284018,0.707106781186548));
#7088=DIRECTION('',(0.813165863538205,0.,0.58203202521525));
#7089=DIRECTION('',(0.50611912077407,0.493805058284018,-0.707106781186548));
#7090=DIRECTION('',(-0.813165863538205,0.,-0.58203202521525));
#7091=DIRECTION('',(0.50611912077407,0.493805058284018,-0.707106781186548));
#7092=DIRECTION('',(0.862463585078746,-0.289779402001856,0.414951156870979));
#7093=DIRECTION('',(0.50611912077407,0.493805058284018,-0.707106781186548));
#7094=DIRECTION('',(-0.813165863538205,0.,-0.58203202521525));
#7095=DIRECTION('',(-0.50611912077407,-0.493805058284018,0.707106781186548));
#7096=DIRECTION('',(0.813165863538205,0.,0.582032025215251));
#7097=DIRECTION('',(0.50611912077407,0.493805058284018,-0.707106781186548));
#7098=DIRECTION('',(-0.813165863538205,0.,-0.58203202521525));
#7099=DIRECTION('',(0.50611912077407,0.493805058284018,-0.707106781186548));
#7100=DIRECTION('',(0.862463585078746,-0.289779402001856,0.414951156870979));
#7101=DIRECTION('',(-0.493805058284018,0.50611912077407,0.707106781186548));
#7102=DIRECTION('',(-1.49376145793693E-16,-0.813165863538205,0.58203202521525));
#7103=DIRECTION('',(0.493805058284018,-0.50611912077407,-0.707106781186548));
#7104=DIRECTION('',(1.49376145793693E-16,0.813165863538205,-0.58203202521525));
#7105=DIRECTION('',(0.493805058284018,-0.50611912077407,-0.707106781186548));
#7106=DIRECTION('',(-0.289779402001856,-0.862463585078746,0.414951156870979));
#7107=DIRECTION('',(0.493805058284018,-0.50611912077407,-0.707106781186548));
#7108=DIRECTION('',(1.49376145793693E-16,0.813165863538205,-0.58203202521525));
#7109=DIRECTION('',(-0.493805058284018,0.50611912077407,0.707106781186548));
#7110=DIRECTION('',(-1.49376145793693E-16,-0.813165863538205,0.582032025215251));
#7111=DIRECTION('',(0.493805058284018,-0.50611912077407,-0.707106781186548));
#7112=DIRECTION('',(1.49376145793693E-16,0.813165863538205,-0.58203202521525));
#7113=DIRECTION('',(0.493805058284018,-0.50611912077407,-0.707106781186548));
#7114=DIRECTION('',(-0.289779402001856,-0.862463585078746,0.414951156870979));
#7115=DIRECTION('',(0.50611912077407,0.493805058284018,0.707106781186548));
#7116=DIRECTION('',(-0.813165863538205,9.95840971957956E-17,0.58203202521525));
#7117=DIRECTION('',(-0.50611912077407,-0.493805058284018,-0.707106781186548));
#7118=DIRECTION('',(0.813165863538205,-9.95840971957956E-17,-0.58203202521525));
#7119=DIRECTION('',(-0.50611912077407,-0.493805058284018,-0.707106781186548));
#7120=DIRECTION('',(-0.862463585078746,0.289779402001856,0.414951156870979));
#7121=DIRECTION('',(-0.50611912077407,-0.493805058284018,-0.707106781186548));
#7122=DIRECTION('',(0.813165863538205,-9.95840971957956E-17,-0.58203202521525));
#7123=DIRECTION('',(0.50611912077407,0.493805058284018,0.707106781186548));
#7124=DIRECTION('',(-0.813165863538205,9.95840971957956E-17,0.582032025215251));
#7125=DIRECTION('',(-0.50611912077407,-0.493805058284018,-0.707106781186548));
#7126=DIRECTION('',(0.813165863538205,-9.95840971957956E-17,-0.58203202521525));
#7127=DIRECTION('',(-0.50611912077407,-0.493805058284018,-0.707106781186548));
#7128=DIRECTION('',(-0.862463585078746,0.289779402001856,0.414951156870979));
#7129=DIRECTION('',(0.493805058284018,-0.50611912077407,0.707106781186548));
#7130=DIRECTION('',(4.97920485978978E-17,0.813165863538205,0.58203202521525));
#7131=DIRECTION('',(-0.493805058284018,0.50611912077407,-0.707106781186548));
#7132=DIRECTION('',(-4.97920485978978E-17,-0.813165863538205,-0.58203202521525));
#7133=DIRECTION('',(-0.493805058284018,0.50611912077407,-0.707106781186548));
#7134=DIRECTION('',(0.289779402001856,0.862463585078746,0.414951156870979));
#7135=DIRECTION('',(-0.493805058284018,0.50611912077407,-0.707106781186548));
#7136=DIRECTION('',(-4.97920485978978E-17,-0.813165863538205,-0.58203202521525));
#7137=DIRECTION('',(0.493805058284018,-0.50611912077407,0.707106781186548));
#7138=DIRECTION('',(4.97920485978978E-17,0.813165863538205,0.582032025215251));
#7139=DIRECTION('',(-0.493805058284018,0.50611912077407,-0.707106781186548));
#7140=DIRECTION('',(-4.97920485978978E-17,-0.813165863538205,-0.58203202521525));
#7141=DIRECTION('',(-0.493805058284018,0.50611912077407,-0.707106781186548));
#7142=DIRECTION('',(0.289779402001856,0.862463585078746,0.414951156870979));
#7143=DIRECTION('',(-1.,2.89120579329468E-16,0.));
#7144=DIRECTION('',(-2.89120579329468E-16,-1.,0.));
#7145=DIRECTION('',(2.89120579329468E-16,1.,0.));
#7146=DIRECTION('',(0.,0.,-1.));
#7147=DIRECTION('',(2.89120579329468E-16,1.,0.));
#7148=DIRECTION('',(-0.707106781186548,0.707106781186547,0.));
#7149=DIRECTION('',(-0.707106781186547,-0.707106781186548,0.));
#7150=DIRECTION('',(0.707106781186547,0.707106781186548,0.));
#7151=DIRECTION('',(0.,0.,-1.));
#7152=DIRECTION('',(0.707106781186547,0.707106781186548,0.));
#7153=DIRECTION('',(0.,-1.,0.));
#7154=DIRECTION('',(0.,0.,-1.));
#7155=DIRECTION('',(1.,0.,0.));
#7156=DIRECTION('',(-1.,0.,0.));
#7157=DIRECTION('',(0.,0.,-1.));
#7158=DIRECTION('',(1.,0.,0.));
#7159=DIRECTION('',(0.,0.,1.));
#7160=DIRECTION('',(1.,0.,0.));
#7161=DIRECTION('',(2.89120579329468E-16,-1.,0.));
#7162=DIRECTION('',(1.,2.89120579329468E-16,0.));
#7163=DIRECTION('',(-1.,-2.89120579329468E-16,0.));
#7164=DIRECTION('',(0.,0.,-1.));
#7165=DIRECTION('',(-1.,-2.89120579329468E-16,0.));
#7166=DIRECTION('',(0.707106781186548,0.707106781186547,0.));
#7167=DIRECTION('',(-0.707106781186547,0.707106781186548,0.));
#7168=DIRECTION('',(-0.707106781186547,0.707106781186548,0.));
#7169=DIRECTION('',(0.,0.,-1.));
#7170=DIRECTION('',(0.707106781186547,-0.707106781186548,0.));
#7171=DIRECTION('',(1.,5.78241158658935E-16,0.));
#7172=DIRECTION('',(-5.78241158658935E-16,1.,0.));
#7173=DIRECTION('',(-5.78241158658935E-16,1.,0.));
#7174=DIRECTION('',(5.78241158658935E-16,-1.,0.));
#7175=DIRECTION('',(0.,0.,-1.));
#7176=DIRECTION('',(1.,0.,0.));
#7177=DIRECTION('',(0.,0.,1.));
#7178=DIRECTION('',(1.,0.,0.));
#7179=DIRECTION('',(1.,-5.78241158658935E-16,0.));
#7180=DIRECTION('',(5.78241158658935E-16,1.,0.));
#7181=DIRECTION('',(-5.78241158658935E-16,-1.,0.));
#7182=DIRECTION('',(0.,0.,-1.));
#7183=DIRECTION('',(-5.78241158658935E-16,-1.,0.));
#7184=DIRECTION('',(0.707106781186548,-0.707106781186547,0.));
#7185=DIRECTION('',(0.707106781186547,0.707106781186548,0.));
#7186=DIRECTION('',(-0.707106781186547,-0.707106781186548,0.));
#7187=DIRECTION('',(0.,0.,-1.));
#7188=DIRECTION('',(-0.707106781186547,-0.707106781186548,0.));
#7189=DIRECTION('',(2.89120579329468E-16,1.,0.));
#7190=DIRECTION('',(-1.,2.89120579329468E-16,0.));
#7191=DIRECTION('',(-1.,2.89120579329468E-16,0.));
#7192=DIRECTION('',(1.,-2.89120579329468E-16,0.));
#7193=DIRECTION('',(0.,0.,-1.));
#7194=DIRECTION('',(1.,0.,0.));
#7195=DIRECTION('',(0.,0.,1.));
#7196=DIRECTION('',(1.,0.,0.));
#7197=DIRECTION('',(0.,1.,0.));
#7198=DIRECTION('',(0.,0.,1.));
#7199=DIRECTION('',(1.,0.,0.));
#7200=DIRECTION('',(0.,0.,-1.));
#7201=DIRECTION('',(1.,0.,0.));
#7202=DIRECTION('',(-0.707106781186548,-0.707106781186547,0.));
#7203=DIRECTION('',(0.707106781186547,-0.707106781186548,0.));
#7204=DIRECTION('',(0.707106781186547,-0.707106781186548,0.));
#7205=DIRECTION('',(0.,0.,-1.));
#7206=DIRECTION('',(-0.707106781186547,0.707106781186548,0.));
#7207=DIRECTION('',(-1.,-2.89120579329468E-16,0.));
#7208=DIRECTION('',(2.89120579329468E-16,-1.,0.));
#7209=DIRECTION('',(2.89120579329468E-16,-1.,0.));
#7210=DIRECTION('',(-2.89120579329468E-16,1.,0.));
#7211=DIRECTION('',(0.,0.,-1.));
#7212=DIRECTION('',(1.,0.,0.));
#7213=DIRECTION('',(0.,0.,1.));
#7214=DIRECTION('',(1.,0.,0.));
#7215=DIRECTION('',(8.36740393496389E-17,0.554700196225229,-0.832050294337844));
#7216=DIRECTION('',(1.,-1.50845519650157E-16,0.));
#7217=DIRECTION('',(0.639602149066831,0.639602149066831,0.426401432711221));
#7218=DIRECTION('',(0.639602149066831,-0.639602149066831,-0.426401432711221));
#7219=DIRECTION('',(-0.554700196225229,3.20750484173616E-16,-0.832050294337844));
#7220=DIRECTION('',(5.78241158658935E-16,1.,0.));
#7221=DIRECTION('',(0.786641753951115,-0.325837683215511,-0.52442783596741));
#7222=DIRECTION('',(-0.554700196225229,-3.20750484173616E-16,0.832050294337844));
#7223=DIRECTION('',(5.78241158658935E-16,-1.,0.));
#7224=DIRECTION('',(-0.786641753951116,-0.325837683215511,-0.524427835967411));
#7225=DIRECTION('',(-0.392232270276368,0.392232270276367,-0.832050294337844));
#7226=DIRECTION('',(0.707106781186547,0.707106781186548,0.));
#7227=DIRECTION('',(-0.325837683215512,0.786641753951115,0.52442783596741));
#7228=DIRECTION('',(-0.392232270276368,-0.392232270276368,0.832050294337844));
#7229=DIRECTION('',(0.707106781186547,-0.707106781186548,0.));
#7230=DIRECTION('',(0.325837683215511,0.786641753951116,0.52442783596741));
#7231=DIRECTION('',(-1.60375242086808E-16,-0.554700196225229,0.832050294337844));
#7232=DIRECTION('',(1.,-2.89120579329468E-16,0.));
#7233=DIRECTION('',(0.639602149066831,-0.639602149066832,-0.426401432711221));
#7234=DIRECTION('',(-1.60375242086808E-16,0.554700196225229,-0.832050294337844));
#7235=DIRECTION('',(1.,2.89120579329468E-16,0.));
#7236=DIRECTION('',(-0.639602149066831,-0.639602149066831,-0.426401432711221));
#7237=DIRECTION('',(0.554700196225229,-1.7902352605039E-16,0.832050294337844));
#7238=DIRECTION('',(3.22739251344522E-16,1.,0.));
#7239=DIRECTION('',(-0.639602149066831,-0.639602149066831,0.426401432711221));
#7240=DIRECTION('',(0.554700196225229,0.,-0.832050294337844));
#7241=DIRECTION('',(0.,-1.,0.));
#7242=DIRECTION('',(0.639602149066831,-0.639602149066831,0.426401432711221));
#7243=DIRECTION('',(0.,-0.554700196225229,-0.832050294337844));
#7244=DIRECTION('',(-1.,0.,0.));
#7245=DIRECTION('',(-0.325837683215512,-0.786641753951115,0.52442783596741));
#7246=DIRECTION('',(0.,0.554700196225229,0.832050294337844));
#7247=DIRECTION('',(-1.,0.,0.));
#7248=DIRECTION('',(0.325837683215512,-0.786641753951115,0.52442783596741));
#7249=DIRECTION('',(0.392232270276368,0.392232270276367,0.832050294337844));
#7250=DIRECTION('',(-0.707106781186547,0.707106781186548,0.));
#7251=DIRECTION('',(0.786641753951115,0.325837683215511,-0.52442783596741));
#7252=DIRECTION('',(0.392232270276368,-0.392232270276367,-0.832050294337844));
#7253=DIRECTION('',(-0.707106781186547,-0.707106781186548,0.));
#7254=DIRECTION('',(-0.786641753951116,0.325837683215511,-0.524427835967411));
#7255=DIRECTION('',(0.554700196225229,1.60375242086808E-16,0.832050294337844));
#7256=DIRECTION('',(-2.89120579329468E-16,1.,0.));
#7257=DIRECTION('',(0.639602149066831,0.639602149066831,-0.426401432711221));
#7258=DIRECTION('',(0.554700196225229,-1.60375242086808E-16,-0.832050294337844));
#7259=DIRECTION('',(-2.89120579329468E-16,-1.,0.));
#7260=DIRECTION('',(-0.639602149066831,0.639602149066831,-0.426401432711221));
#7261=DIRECTION('',(-8.36740393496388E-17,-0.554700196225229,-0.832050294337844));
#7262=DIRECTION('',(-1.,1.50845519650157E-16,0.));
#7263=DIRECTION('',(0.,0.,1.));
#7264=DIRECTION('',(1.,0.,0.));
#7265=DIRECTION('',(0.,0.,1.));
#7266=DIRECTION('',(1.,0.,0.));
#7267=DIRECTION('',(0.,0.,-1.));
#7268=DIRECTION('',(-1.,0.,0.));
#7269=DIRECTION('',(0.,0.,1.));
#7270=DIRECTION('',(1.,0.,0.));
#7271=DIRECTION('',(0.,0.,1.));
#7272=DIRECTION('',(1.,0.,0.));
#7273=DIRECTION('',(0.,0.,-1.));
#7274=DIRECTION('',(-1.,0.,0.));
#7275=DIRECTION('',(0.,0.,1.));
#7276=DIRECTION('',(1.,0.,0.));
#7277=DIRECTION('',(0.,0.,1.));
#7278=DIRECTION('',(1.,0.,0.));
#7279=DIRECTION('',(0.,0.,-1.));
#7280=DIRECTION('',(-1.,0.,0.));
#7281=DIRECTION('',(0.,0.,1.));
#7282=DIRECTION('',(1.,0.,0.));
#7283=DIRECTION('',(0.,0.,1.));
#7284=DIRECTION('',(1.,0.,0.));
#7285=DIRECTION('',(0.,0.,-1.));
#7286=DIRECTION('',(-1.,0.,0.));
#7287=DIRECTION('',(1.50845519650157E-16,1.,0.));
#7288=DIRECTION('',(-1.,1.50845519650157E-16,0.));
#7289=DIRECTION('',(0.,0.,1.));
#7290=DIRECTION('',(-1.,1.50845519650157E-16,0.));
#7291=DIRECTION('',(0.,0.,1.));
#7292=DIRECTION('',(0.,0.,1.));
#7293=DIRECTION('',(1.,0.,0.));
#7294=DIRECTION('',(0.,0.,1.));
#7295=DIRECTION('',(0.,0.,1.));
#7296=DIRECTION('',(1.,0.,0.));
#7297=DIRECTION('',(1.,-3.22739251344522E-16,0.));
#7298=DIRECTION('',(3.22739251344522E-16,1.,0.));
#7299=DIRECTION('',(0.,0.,1.));
#7300=DIRECTION('',(3.22739251344522E-16,1.,0.));
#7301=DIRECTION('',(0.,0.,1.));
#7302=DIRECTION('',(1.,0.,0.));
#7303=DIRECTION('',(0.,0.,1.));
#7304=DIRECTION('',(0.,0.,1.));
#7305=DIRECTION('',(1.,0.,0.));
#7306=DIRECTION('',(-1.50845519650157E-16,-1.,0.));
#7307=DIRECTION('',(1.,-1.50845519650157E-16,0.));
#7308=DIRECTION('',(0.,0.,1.));
#7309=DIRECTION('',(1.,-1.50845519650157E-16,0.));
#7310=DIRECTION('',(0.,0.,1.));
#7311=DIRECTION('',(1.,0.,0.));
#7312=DIRECTION('',(0.,0.,1.));
#7313=DIRECTION('',(0.,0.,1.));
#7314=DIRECTION('',(1.,0.,0.));
#7315=DIRECTION('',(1.,0.,0.));
#7316=DIRECTION('',(0.,0.,-1.));
#7317=DIRECTION('',(0.,0.,1.));
#7318=DIRECTION('',(0.,1.,0.));
#7319=DIRECTION('',(0.,0.,1.));
#7320=DIRECTION('',(1.,0.,0.));
#7321=DIRECTION('',(0.,0.,1.));
#7322=DIRECTION('',(0.,0.,1.));
#7323=DIRECTION('',(1.,0.,0.));
#7324=DIRECTION('',(0.,0.,1.));
#7325=DIRECTION('',(1.50845519650157E-16,1.,0.));
#7326=DIRECTION('',(-1.,1.50845519650157E-16,0.));
#7327=DIRECTION('',(0.,0.,1.));
#7328=DIRECTION('',(-1.,1.50845519650157E-16,0.));
#7329=DIRECTION('',(0.,0.,1.));
#7330=DIRECTION('',(1.,0.,0.));
#7331=DIRECTION('',(0.,0.,1.));
#7332=DIRECTION('',(0.,0.,1.));
#7333=DIRECTION('',(1.,0.,0.));
#7334=DIRECTION('',(1.,0.,0.));
#7335=DIRECTION('',(0.,0.,-1.));
#7336=DIRECTION('',(0.,0.,1.));
#7337=DIRECTION('',(0.,1.,0.));
#7338=DIRECTION('',(0.,0.,1.));
#7339=DIRECTION('',(1.,0.,0.));
#7340=DIRECTION('',(0.,0.,1.));
#7341=DIRECTION('',(0.,0.,1.));
#7342=DIRECTION('',(1.,0.,0.));
#7343=DIRECTION('',(-1.50845519650157E-16,-1.,0.));
#7344=DIRECTION('',(1.,-1.50845519650157E-16,0.));
#7345=DIRECTION('',(0.,0.,1.));
#7346=DIRECTION('',(1.,-1.50845519650157E-16,0.));
#7347=DIRECTION('',(0.,0.,1.));
#7348=DIRECTION('',(1.,0.,0.));
#7349=DIRECTION('',(0.,0.,1.));
#7350=DIRECTION('',(0.,0.,1.));
#7351=DIRECTION('',(1.,0.,0.));
#7352=DIRECTION('',(1.,-3.22739251344522E-16,0.));
#7353=DIRECTION('',(3.22739251344522E-16,1.,0.));
#7354=DIRECTION('',(3.22739251344522E-16,1.,0.));
#7355=DIRECTION('',(0.,0.,1.));
#7356=DIRECTION('',(1.,0.,0.));
#7357=DIRECTION('',(0.,0.,1.));
#7358=DIRECTION('',(1.,0.,0.));
#7359=DIRECTION('',(0.,0.,1.));
#7360=DIRECTION('',(1.,0.,0.));
#7361=CARTESIAN_POINT('',(0.,0.,0.));
#7362=CARTESIAN_POINT('',(6.93889390390723E-18,0.046,0.0213));
#7363=CARTESIAN_POINT('',(6.93889390390723E-18,0.046,0.0226));
#7364=CARTESIAN_POINT('',(0.046,0.046,0.0226));
#7365=CARTESIAN_POINT('',(-0.046,0.046,0.0226));
#7366=CARTESIAN_POINT('',(0.046,0.046,0.0213));
#7367=CARTESIAN_POINT('',(0.046,0.046,0.0213));
#7368=CARTESIAN_POINT('',(6.93889390390723E-18,0.046,0.0213));
#7369=CARTESIAN_POINT('',(-0.046,0.046,0.0213));
#7370=CARTESIAN_POINT('',(-0.046,0.046,0.0213));
#7371=CARTESIAN_POINT('',(-0.046,0.043,0.0213));
#7372=CARTESIAN_POINT('',(-0.046,0.043,0.0226));
#7373=CARTESIAN_POINT('',(-0.049,0.043,0.0226));
#7374=CARTESIAN_POINT('',(-0.046,0.043,0.0213));
#7375=CARTESIAN_POINT('',(-0.049,0.043,0.0213));
#7376=CARTESIAN_POINT('',(-0.049,0.043,0.0213));
#7377=CARTESIAN_POINT('',(-0.049,6.93889390390723E-18,0.0213));
#7378=CARTESIAN_POINT('',(-0.049,6.93889390390723E-18,0.0226));
#7379=CARTESIAN_POINT('',(-0.049,-0.043,0.0226));
#7380=CARTESIAN_POINT('',(-0.049,6.93889390390723E-18,0.0213));
#7381=CARTESIAN_POINT('',(-0.049,-0.043,0.0213));
#7382=CARTESIAN_POINT('',(-0.049,-0.043,0.0213));
#7383=CARTESIAN_POINT('',(-0.046,-0.043,0.0213));
#7384=CARTESIAN_POINT('',(-0.046,-0.043,0.0226));
#7385=CARTESIAN_POINT('',(-0.046,-0.046,0.0226));
#7386=CARTESIAN_POINT('',(-0.046,-0.043,0.0213));
#7387=CARTESIAN_POINT('',(-0.046,-0.046,0.0213));
#7388=CARTESIAN_POINT('',(-0.046,-0.046,0.0213));
#7389=CARTESIAN_POINT('',(-6.93889390390723E-18,-0.046,0.0213));
#7390=CARTESIAN_POINT('',(-6.93889390390723E-18,-0.046,0.0226));
#7391=CARTESIAN_POINT('',(0.046,-0.046,0.0226));
#7392=CARTESIAN_POINT('',(-6.93889390390723E-18,-0.046,0.0213));
#7393=CARTESIAN_POINT('',(0.046,-0.046,0.0213));
#7394=CARTESIAN_POINT('',(0.046,-0.046,0.0213));
#7395=CARTESIAN_POINT('',(0.046,-0.043,0.0213));
#7396=CARTESIAN_POINT('',(0.046,-0.043,0.0226));
#7397=CARTESIAN_POINT('',(0.049,-0.043,0.0226));
#7398=CARTESIAN_POINT('',(0.046,-0.043,0.0213));
#7399=CARTESIAN_POINT('',(0.049,-0.043,0.0213));
#7400=CARTESIAN_POINT('',(0.049,-0.043,0.0213));
#7401=CARTESIAN_POINT('',(0.049,-1.38777878078145E-17,0.0213));
#7402=CARTESIAN_POINT('',(0.049,-1.38777878078145E-17,0.0226));
#7403=CARTESIAN_POINT('',(0.049,0.043,0.0226));
#7404=CARTESIAN_POINT('',(0.049,-1.38777878078145E-17,0.0213));
#7405=CARTESIAN_POINT('',(0.049,0.043,0.0213));
#7406=CARTESIAN_POINT('',(0.049,0.043,0.0213));
#7407=CARTESIAN_POINT('',(-0.046,0.043,0.0213));
#7408=CARTESIAN_POINT('',(-0.046,0.043,0.0226));
#7409=CARTESIAN_POINT('',(-0.046,0.0453,0.0226));
#7410=CARTESIAN_POINT('',(-0.0483,0.043,0.0226));
#7411=CARTESIAN_POINT('',(-0.0483,0.043,0.0213));
#7412=CARTESIAN_POINT('',(-0.0483,0.043,0.0213));
#7413=CARTESIAN_POINT('',(-0.046,0.043,0.0213));
#7414=CARTESIAN_POINT('',(-0.046,0.0453,0.0213));
#7415=CARTESIAN_POINT('',(-0.046,0.0453,0.0213));
#7416=CARTESIAN_POINT('',(6.93889390390723E-18,0.0453,0.0213));
#7417=CARTESIAN_POINT('',(6.93889390390723E-18,0.0453,0.0226));
#7418=CARTESIAN_POINT('',(0.046,0.0453,0.0226));
#7419=CARTESIAN_POINT('',(6.93889390390723E-18,0.0453,0.0213));
#7420=CARTESIAN_POINT('',(0.046,0.0453,0.0213));
#7421=CARTESIAN_POINT('',(0.046,0.0453,0.0213));
#7422=CARTESIAN_POINT('',(0.046,0.043,0.0213));
#7423=CARTESIAN_POINT('',(0.046,0.043,0.0226));
#7424=CARTESIAN_POINT('',(0.0483,0.043,0.0226));
#7425=CARTESIAN_POINT('',(0.046,0.043,0.0213));
#7426=CARTESIAN_POINT('',(0.0483,0.043,0.0213));
#7427=CARTESIAN_POINT('',(0.0483,0.043,0.0213));
#7428=CARTESIAN_POINT('',(0.0483,-6.93889390390723E-18,0.0213));
#7429=CARTESIAN_POINT('',(0.0483,-6.93889390390723E-18,0.0226));
#7430=CARTESIAN_POINT('',(0.0483,-0.043,0.0226));
#7431=CARTESIAN_POINT('',(0.0483,-6.93889390390723E-18,0.0213));
#7432=CARTESIAN_POINT('',(0.0483,-0.043,0.0213));
#7433=CARTESIAN_POINT('',(0.0483,-0.043,0.0213));
#7434=CARTESIAN_POINT('',(0.046,-0.043,0.0213));
#7435=CARTESIAN_POINT('',(0.046,-0.043,0.0226));
#7436=CARTESIAN_POINT('',(0.046,-0.0453,0.0226));
#7437=CARTESIAN_POINT('',(0.046,-0.043,0.0213));
#7438=CARTESIAN_POINT('',(0.046,-0.0453,0.0213));
#7439=CARTESIAN_POINT('',(0.046,-0.0453,0.0213));
#7440=CARTESIAN_POINT('',(-6.93889390390723E-18,-0.0453,0.0213));
#7441=CARTESIAN_POINT('',(-6.93889390390723E-18,-0.0453,0.0226));
#7442=CARTESIAN_POINT('',(-0.046,-0.0453,0.0226));
#7443=CARTESIAN_POINT('',(-6.93889390390723E-18,-0.0453,0.0213));
#7444=CARTESIAN_POINT('',(-0.046,-0.0453,0.0213));
#7445=CARTESIAN_POINT('',(-0.046,-0.0453,0.0213));
#7446=CARTESIAN_POINT('',(-0.046,-0.043,0.0213));
#7447=CARTESIAN_POINT('',(-0.046,-0.043,0.0226));
#7448=CARTESIAN_POINT('',(-0.0483,-0.043,0.0226));
#7449=CARTESIAN_POINT('',(-0.046,-0.043,0.0213));
#7450=CARTESIAN_POINT('',(-0.0483,-0.043,0.0213));
#7451=CARTESIAN_POINT('',(-0.0483,-0.043,0.0213));
#7452=CARTESIAN_POINT('',(-0.0483,6.93889390390723E-18,0.0213));
#7453=CARTESIAN_POINT('',(-0.0483,6.93889390390723E-18,0.0226));
#7454=CARTESIAN_POINT('',(-0.0483,6.93889390390723E-18,0.0213));
#7455=CARTESIAN_POINT('',(0.046,0.043,0.0213));
#7456=CARTESIAN_POINT('',(0.046,0.043,0.0226));
#7457=CARTESIAN_POINT('',(0.046,0.043,0.0213));
#7458=CARTESIAN_POINT('',(-6.93889390390723E-18,6.93889390390723E-18,0.0213));
#7459=CARTESIAN_POINT('',(-6.93889390390723E-18,0.,0.0226));
#7460=CARTESIAN_POINT('',(-0.0449142135623731,-0.0419142135623731,0.0226));
#7461=CARTESIAN_POINT('',(-0.0425642135623731,-0.0419142135623731,0.0226));
#7462=CARTESIAN_POINT('',(-0.0449142135623731,0.0419142135623731,0.0226));
#7463=CARTESIAN_POINT('',(-0.0425642135623731,0.0419142135623731,0.0226));
#7464=CARTESIAN_POINT('',(0.0449142135623731,0.0419142135623731,0.0226));
#7465=CARTESIAN_POINT('',(0.0472642135623731,0.0419142135623731,0.0226));
#7466=CARTESIAN_POINT('',(0.0449142135623731,-0.0419142135623731,0.0226));
#7467=CARTESIAN_POINT('',(0.0472642135623731,-0.0419142135623731,0.0226));
#7468=CARTESIAN_POINT('',(0.,0.038,0.0226));
#7469=CARTESIAN_POINT('',(0.043,0.038,0.0226));
#7470=CARTESIAN_POINT('',(-0.043,0.038,0.0226));
#7471=CARTESIAN_POINT('',(-0.043,0.,0.0226));
#7472=CARTESIAN_POINT('',(-0.043,-0.038,0.0226));
#7473=CARTESIAN_POINT('',(0.,-0.038,0.0226));
#7474=CARTESIAN_POINT('',(0.043,-0.038,0.0226));
#7475=CARTESIAN_POINT('',(0.043,0.,0.0226));
#7476=CARTESIAN_POINT('',(0.,0.038,0.1056));
#7477=CARTESIAN_POINT('',(0.043,0.038,0.1056));
#7478=CARTESIAN_POINT('',(0.043,0.038,0.1056));
#7479=CARTESIAN_POINT('',(0.,0.038,0.1056));
#7480=CARTESIAN_POINT('',(-0.043,0.038,0.1056));
#7481=CARTESIAN_POINT('',(-0.043,0.038,0.1056));
#7482=CARTESIAN_POINT('',(0.043,0.,0.1056));
#7483=CARTESIAN_POINT('',(0.043,-0.038,0.1056));
#7484=CARTESIAN_POINT('',(0.043,-0.038,0.1056));
#7485=CARTESIAN_POINT('',(0.043,0.,0.1056));
#7486=CARTESIAN_POINT('',(0.,-0.038,0.1056));
#7487=CARTESIAN_POINT('',(-0.043,-0.038,0.1056));
#7488=CARTESIAN_POINT('',(-0.043,-0.038,0.1056));
#7489=CARTESIAN_POINT('',(0.,-0.038,0.1056));
#7490=CARTESIAN_POINT('',(0.046,0.043,0.1056));
#7491=CARTESIAN_POINT('',(0.046,0.047,0.1056));
#7492=CARTESIAN_POINT('',(0.046,0.047,0.1026));
#7493=CARTESIAN_POINT('',(0.046,0.047,0.0226));
#7494=CARTESIAN_POINT('',(0.046,0.043,0.1026));
#7495=CARTESIAN_POINT('',(0.05,0.043,0.1026));
#7496=CARTESIAN_POINT('',(0.05,0.043,0.1056));
#7497=CARTESIAN_POINT('',(0.05,0.043,0.0226));
#7498=CARTESIAN_POINT('',(0.046,0.043,0.0226));
#7499=CARTESIAN_POINT('',(6.93889390390723E-18,0.047,0.1056));
#7500=CARTESIAN_POINT('',(-0.046,0.047,0.1056));
#7501=CARTESIAN_POINT('',(-0.046,0.047,0.1026));
#7502=CARTESIAN_POINT('',(-0.046,0.047,0.0226));
#7503=CARTESIAN_POINT('',(0.046,0.047,0.1026));
#7504=CARTESIAN_POINT('',(6.93889390390723E-18,0.047,0.0226));
#7505=CARTESIAN_POINT('',(-0.046,0.043,0.1056));
#7506=CARTESIAN_POINT('',(-0.05,0.043,0.1056));
#7507=CARTESIAN_POINT('',(-0.05,0.043,0.1026));
#7508=CARTESIAN_POINT('',(-0.05,0.043,0.0226));
#7509=CARTESIAN_POINT('',(-0.046,0.043,0.1026));
#7510=CARTESIAN_POINT('',(-0.046,0.043,0.0226));
#7511=CARTESIAN_POINT('',(-0.05,6.93889390390723E-18,0.1056));
#7512=CARTESIAN_POINT('',(-0.05,-0.043,0.1056));
#7513=CARTESIAN_POINT('',(-0.05,-0.043,0.1026));
#7514=CARTESIAN_POINT('',(-0.05,-0.043,0.0226));
#7515=CARTESIAN_POINT('',(-0.05,6.93889390390723E-18,0.1026));
#7516=CARTESIAN_POINT('',(-0.05,6.93889390390723E-18,0.0226));
#7517=CARTESIAN_POINT('',(-0.046,-0.043,0.1056));
#7518=CARTESIAN_POINT('',(-0.046,-0.047,0.1056));
#7519=CARTESIAN_POINT('',(-0.046,-0.047,0.1026));
#7520=CARTESIAN_POINT('',(-0.046,-0.047,0.0226));
#7521=CARTESIAN_POINT('',(-0.046,-0.043,0.1026));
#7522=CARTESIAN_POINT('',(-0.046,-0.043,0.0226));
#7523=CARTESIAN_POINT('',(-6.93889390390723E-18,-0.047,0.1056));
#7524=CARTESIAN_POINT('',(0.046,-0.047,0.1056));
#7525=CARTESIAN_POINT('',(0.046,-0.047,0.1026));
#7526=CARTESIAN_POINT('',(0.046,-0.047,0.0226));
#7527=CARTESIAN_POINT('',(-0.046,-0.047,0.1026));
#7528=CARTESIAN_POINT('',(-6.93889390390723E-18,-0.047,0.0226));
#7529=CARTESIAN_POINT('',(0.046,-0.043,0.1056));
#7530=CARTESIAN_POINT('',(0.05,-0.043,0.1056));
#7531=CARTESIAN_POINT('',(0.05,-0.043,0.1026));
#7532=CARTESIAN_POINT('',(0.05,-0.043,0.0226));
#7533=CARTESIAN_POINT('',(0.046,-0.043,0.1026));
#7534=CARTESIAN_POINT('',(0.046,-0.043,0.0226));
#7535=CARTESIAN_POINT('',(0.05,-1.38777878078145E-17,0.1056));
#7536=CARTESIAN_POINT('',(0.05,-0.043,0.1026));
#7537=CARTESIAN_POINT('',(0.05,-1.38777878078145E-17,0.0226));
#7538=CARTESIAN_POINT('',(-0.043,0.,0.1056));
#7539=CARTESIAN_POINT('',(-0.043,0.,0.1056));
#7540=CARTESIAN_POINT('',(-6.93889390390723E-18,0.,0.0226));
#7541=CARTESIAN_POINT('',(0.0449142135623731,-0.0419142135623731,0.0726));
#7542=CARTESIAN_POINT('',(0.0449142135623731,-0.0419142135623731,0.0740120224547148));
#7543=CARTESIAN_POINT('',(0.0449142135623731,-0.0419142135623731,0.0726));
#7544=CARTESIAN_POINT('',(0.0472642135623731,-0.0419142135623731,0.0726));
#7545=CARTESIAN_POINT('',(0.0449142135623731,-0.0419142135623731,0.0226));
#7546=CARTESIAN_POINT('',(0.0449142135623731,0.0419142135623731,0.0726));
#7547=CARTESIAN_POINT('',(0.0449142135623731,0.0419142135623731,0.0740120224547148));
#7548=CARTESIAN_POINT('',(0.0449142135623731,0.0419142135623731,0.0726));
#7549=CARTESIAN_POINT('',(0.0472642135623731,0.0419142135623731,0.0726));
#7550=CARTESIAN_POINT('',(0.0449142135623731,0.0419142135623731,0.0226));
#7551=CARTESIAN_POINT('',(-0.0449142135623731,0.0419142135623731,0.0726));
#7552=CARTESIAN_POINT('',(-0.0449142135623731,0.0419142135623731,0.0740120224547148));
#7553=CARTESIAN_POINT('',(-0.0449142135623731,0.0419142135623731,0.0726));
#7554=CARTESIAN_POINT('',(-0.0425642135623731,0.0419142135623731,0.0726));
#7555=CARTESIAN_POINT('',(-0.0449142135623731,0.0419142135623731,0.0226));
#7556=CARTESIAN_POINT('',(-0.0449142135623731,-0.0419142135623731,0.0726));
#7557=CARTESIAN_POINT('',(-0.0449142135623731,-0.0419142135623731,0.0740120224547148));
#7558=CARTESIAN_POINT('',(-0.0449142135623731,-0.0419142135623731,0.0726));
#7559=CARTESIAN_POINT('',(-0.0425642135623731,-0.0419142135623731,0.0726));
#7560=CARTESIAN_POINT('',(-0.0449142135623731,-0.0419142135623731,0.0226));
#7561=CARTESIAN_POINT('',(-6.93889390390723E-18,0.,0.1056));
#7562=CARTESIAN_POINT('',(-6.93889390390723E-18,0.,0.1086));
#7563=CARTESIAN_POINT('',(-0.046,0.041,0.1086));
#7564=CARTESIAN_POINT('',(0.044,0.041,0.1086));
#7565=CARTESIAN_POINT('',(-0.044,0.041,0.1086));
#7566=CARTESIAN_POINT('',(-0.044,1.4200527059159E-17,0.1086));
#7567=CARTESIAN_POINT('',(-0.044,-0.041,0.1086));
#7568=CARTESIAN_POINT('',(0.046,-0.041,0.1086));
#7569=CARTESIAN_POINT('',(0.044,-0.041,0.1086));
#7570=CARTESIAN_POINT('',(0.044,0.043,0.1086));
#7571=CARTESIAN_POINT('',(0.046,0.047,0.1026));
#7572=CARTESIAN_POINT('',(0.05,0.047,0.1026));
#7573=CARTESIAN_POINT('',(0.05,0.043,0.1026));
#7574=CARTESIAN_POINT('',(0.0459999999999964,0.047,0.102992699114417));
#7575=CARTESIAN_POINT('',(0.0499999999998001,0.0469999999997994,0.103254498622188));
#7576=CARTESIAN_POINT('',(0.05,0.0429999999999964,0.102992699114417));
#7577=CARTESIAN_POINT('',(0.0459742141273623,0.0469226423820818,0.103778081903048));
#7578=CARTESIAN_POINT('',(0.0498183549493237,0.046818354949324,0.104536838666934));
#7579=CARTESIAN_POINT('',(0.0499226423820818,0.0429742141273623,0.103778081903048));
#7580=CARTESIAN_POINT('',(0.0458596739190762,0.0465790217572299,0.104910916260286));
#7581=CARTESIAN_POINT('',(0.0491191440940524,0.0461191440940523,0.106092130378745));
#7582=CARTESIAN_POINT('',(0.0495790217572299,0.0428596739190762,0.104910916260286));
#7583=CARTESIAN_POINT('',(0.0456736445864684,0.0460209337594049,0.105954856620951));
#7584=CARTESIAN_POINT('',(0.0482297645697143,0.0452297645697144,0.107154157592237));
#7585=CARTESIAN_POINT('',(0.0490209337594048,0.0426736445864684,0.105954856620951));
#7586=CARTESIAN_POINT('',(0.0453399625814182,0.0450198877442547,0.107175295319168));
#7587=CARTESIAN_POINT('',(0.0470348442633287,0.0440348442633285,0.108018428129685));
#7588=CARTESIAN_POINT('',(0.0480198877442547,0.0423399625814182,0.107175295319168));
#7589=CARTESIAN_POINT('',(0.0447853172704909,0.0433559518114726,0.108287669329516));
#7590=CARTESIAN_POINT('',(0.0456117521338984,0.0426117521339004,0.108496413985195));
#7591=CARTESIAN_POINT('',(0.0463559518114726,0.0417853172704909,0.108287669329516));
#7592=CARTESIAN_POINT('',(0.0442617993987062,0.0417853981961187,0.1086));
#7593=CARTESIAN_POINT('',(0.0445235987646855,0.0415235987646815,0.108599814863376));
#7594=CARTESIAN_POINT('',(0.0447853981961187,0.0412617993987062,0.1086));
#7595=CARTESIAN_POINT('',(0.044,0.041,0.1086));
#7596=CARTESIAN_POINT('',(0.044,0.041,0.1086));
#7597=CARTESIAN_POINT('',(0.044,0.041,0.1086));
#7598=CARTESIAN_POINT('',(0.044,0.041,0.1026));
#7599=CARTESIAN_POINT('',(0.044,0.041,0.1026));
#7600=CARTESIAN_POINT('',(-7.54227598250784E-19,0.041,0.1026));
#7601=CARTESIAN_POINT('',(-0.044,0.041,0.1026));
#7602=CARTESIAN_POINT('',(0.044,0.,0.1026));
#7603=CARTESIAN_POINT('',(0.044,-0.041,0.1026));
#7604=CARTESIAN_POINT('',(-0.05,0.043,0.1026));
#7605=CARTESIAN_POINT('',(-0.05,0.047,0.1026));
#7606=CARTESIAN_POINT('',(-0.046,0.047,0.1026));
#7607=CARTESIAN_POINT('',(-0.05,0.0429999999999964,0.102992699114417));
#7608=CARTESIAN_POINT('',(-0.0499999999998008,0.0469999999998013,0.103254498622188));
#7609=CARTESIAN_POINT('',(-0.0459999999999964,0.047,0.102992699114417));
#7610=CARTESIAN_POINT('',(-0.0499226423820818,0.0429742141273623,0.103778081903048));
#7611=CARTESIAN_POINT('',(-0.0498183549493234,0.0468183549493231,0.104536838666934));
#7612=CARTESIAN_POINT('',(-0.0459742141273623,0.0469226423820818,0.103778081903048));
#7613=CARTESIAN_POINT('',(-0.0495790217572299,0.0428596739190762,0.104910916260286));
#7614=CARTESIAN_POINT('',(-0.0491191440940525,0.0461191440940526,0.106092130378745));
#7615=CARTESIAN_POINT('',(-0.0458596739190762,0.0465790217572299,0.104910916260286));
#7616=CARTESIAN_POINT('',(-0.0490209337594049,0.0426736445864684,0.105954856620951));
#7617=CARTESIAN_POINT('',(-0.0482297645697143,0.0452297645697143,0.107154157592237));
#7618=CARTESIAN_POINT('',(-0.0456736445864684,0.0460209337594048,0.105954856620951));
#7619=CARTESIAN_POINT('',(-0.0480198877442547,0.0423399625814182,0.107175295319168));
#7620=CARTESIAN_POINT('',(-0.0470348442633288,0.0440348442633285,0.108018428129685));
#7621=CARTESIAN_POINT('',(-0.0453399625814182,0.0450198877442547,0.107175295319168));
#7622=CARTESIAN_POINT('',(-0.0463559518114726,0.0417853172704909,0.108287669329516));
#7623=CARTESIAN_POINT('',(-0.0456117521338985,0.0426117521339004,0.108496413985195));
#7624=CARTESIAN_POINT('',(-0.0447853172704909,0.0433559518114726,0.108287669329516));
#7625=CARTESIAN_POINT('',(-0.0447853981961187,0.0412617993987062,0.1086));
#7626=CARTESIAN_POINT('',(-0.0445235987646856,0.0415235987646815,0.108599814863376));
#7627=CARTESIAN_POINT('',(-0.0442617993987062,0.0417853981961187,0.1086));
#7628=CARTESIAN_POINT('',(-0.044,0.041,0.1086));
#7629=CARTESIAN_POINT('',(-0.044,0.041,0.1086));
#7630=CARTESIAN_POINT('',(-0.044,0.041,0.1086));
#7631=CARTESIAN_POINT('',(-0.044,0.041,0.1026));
#7632=CARTESIAN_POINT('',(0.05,-0.043,0.1026));
#7633=CARTESIAN_POINT('',(0.05,-0.047,0.1026));
#7634=CARTESIAN_POINT('',(0.046,-0.047,0.1026));
#7635=CARTESIAN_POINT('',(0.05,-0.0429999999999964,0.102992699114417));
#7636=CARTESIAN_POINT('',(0.0499999999998008,-0.0469999999998013,0.103254498622188));
#7637=CARTESIAN_POINT('',(0.0459999999999964,-0.047,0.102992699114417));
#7638=CARTESIAN_POINT('',(0.0499226423820818,-0.0429742141273623,0.103778081903048));
#7639=CARTESIAN_POINT('',(0.0498183549493234,-0.0468183549493231,0.104536838666934));
#7640=CARTESIAN_POINT('',(0.0459742141273623,-0.0469226423820818,0.103778081903048));
#7641=CARTESIAN_POINT('',(0.0495790217572299,-0.0428596739190762,0.104910916260286));
#7642=CARTESIAN_POINT('',(0.0491191440940525,-0.0461191440940526,0.106092130378745));
#7643=CARTESIAN_POINT('',(0.0458596739190762,-0.0465790217572299,0.104910916260286));
#7644=CARTESIAN_POINT('',(0.0490209337594048,-0.0426736445864684,0.105954856620951));
#7645=CARTESIAN_POINT('',(0.0482297645697143,-0.0452297645697143,0.107154157592237));
#7646=CARTESIAN_POINT('',(0.0456736445864684,-0.0460209337594048,0.105954856620951));
#7647=CARTESIAN_POINT('',(0.0480198877442547,-0.0423399625814182,0.107175295319168));
#7648=CARTESIAN_POINT('',(0.0470348442633287,-0.0440348442633285,0.108018428129685));
#7649=CARTESIAN_POINT('',(0.0453399625814182,-0.0450198877442547,0.107175295319168));
#7650=CARTESIAN_POINT('',(0.0463559518114726,-0.0417853172704909,0.108287669329516));
#7651=CARTESIAN_POINT('',(0.0456117521338985,-0.0426117521339004,0.108496413985195));
#7652=CARTESIAN_POINT('',(0.0447853172704909,-0.0433559518114726,0.108287669329516));
#7653=CARTESIAN_POINT('',(0.0447853981961187,-0.0412617993987062,0.1086));
#7654=CARTESIAN_POINT('',(0.0445235987646855,-0.0415235987646815,0.108599814863376));
#7655=CARTESIAN_POINT('',(0.0442617993987062,-0.0417853981961187,0.1086));
#7656=CARTESIAN_POINT('',(0.044,-0.041,0.1086));
#7657=CARTESIAN_POINT('',(0.044,-0.041,0.1086));
#7658=CARTESIAN_POINT('',(0.044,-0.041,0.1086));
#7659=CARTESIAN_POINT('',(0.044,-0.041,0.1026));
#7660=CARTESIAN_POINT('',(-0.044,5.00245839584009E-18,0.1026));
#7661=CARTESIAN_POINT('',(-0.044,-0.041,0.1026));
#7662=CARTESIAN_POINT('',(-1.31235602095637E-17,-0.041,0.1026));
#7663=CARTESIAN_POINT('',(-0.044,-0.041,0.1026));
#7664=CARTESIAN_POINT('',(-0.046,-0.047,0.1026));
#7665=CARTESIAN_POINT('',(-0.05,-0.047,0.1026));
#7666=CARTESIAN_POINT('',(-0.05,-0.043,0.1026));
#7667=CARTESIAN_POINT('',(-0.0459999999999964,-0.047,0.102992699114417));
#7668=CARTESIAN_POINT('',(-0.0499999999998008,-0.0469999999998013,0.103254498622188));
#7669=CARTESIAN_POINT('',(-0.05,-0.0429999999999964,0.102992699114417));
#7670=CARTESIAN_POINT('',(-0.0459742141273623,-0.0469226423820818,0.103778081903048));
#7671=CARTESIAN_POINT('',(-0.0498183549493234,-0.0468183549493231,0.104536838666934));
#7672=CARTESIAN_POINT('',(-0.0499226423820818,-0.0429742141273623,0.103778081903048));
#7673=CARTESIAN_POINT('',(-0.0458596739190762,-0.0465790217572299,0.104910916260286));
#7674=CARTESIAN_POINT('',(-0.0491191440940525,-0.0461191440940526,0.106092130378745));
#7675=CARTESIAN_POINT('',(-0.0495790217572299,-0.0428596739190762,0.104910916260286));
#7676=CARTESIAN_POINT('',(-0.0456736445864684,-0.0460209337594049,0.105954856620951));
#7677=CARTESIAN_POINT('',(-0.0482297645697143,-0.0452297645697143,0.107154157592237));
#7678=CARTESIAN_POINT('',(-0.0490209337594048,-0.0426736445864684,0.105954856620951));
#7679=CARTESIAN_POINT('',(-0.0453399625814182,-0.0450198877442547,0.107175295319168));
#7680=CARTESIAN_POINT('',(-0.0470348442633287,-0.0440348442633285,0.108018428129685));
#7681=CARTESIAN_POINT('',(-0.0480198877442547,-0.0423399625814182,0.107175295319168));
#7682=CARTESIAN_POINT('',(-0.0447853172704909,-0.0433559518114726,0.108287669329516));
#7683=CARTESIAN_POINT('',(-0.0456117521338985,-0.0426117521339004,0.108496413985195));
#7684=CARTESIAN_POINT('',(-0.0463559518114726,-0.0417853172704909,0.108287669329516));
#7685=CARTESIAN_POINT('',(-0.0442617993987062,-0.0417853981961187,0.1086));
#7686=CARTESIAN_POINT('',(-0.0445235987646855,-0.0415235987646815,0.108599814863376));
#7687=CARTESIAN_POINT('',(-0.0447853981961186,-0.0412617993987062,0.1086));
#7688=CARTESIAN_POINT('',(-0.044,-0.041,0.1086));
#7689=CARTESIAN_POINT('',(-0.044,-0.041,0.1086));
#7690=CARTESIAN_POINT('',(-0.044,-0.041,0.1086));
#7691=CARTESIAN_POINT('',(0.,0.,0.));
#7692=CARTESIAN_POINT('',(0.,0.,0.0006));
#7693=CARTESIAN_POINT('',(0.0122,-0.016,0.0006));
#7694=CARTESIAN_POINT('',(0.01885,-0.016,0.0006));
#7695=CARTESIAN_POINT('',(0.00555,-0.016,0.0006));
#7696=CARTESIAN_POINT('',(0.00555,-0.0131,0.0006));
#7697=CARTESIAN_POINT('',(0.00555,-0.0102,0.0006));
#7698=CARTESIAN_POINT('',(0.0122,-0.0102,0.0006));
#7699=CARTESIAN_POINT('',(0.01885,-0.0102,0.0006));
#7700=CARTESIAN_POINT('',(0.01885,-0.0131,0.0006));
#7701=CARTESIAN_POINT('',(0.00535,-0.0131,0.0006));
#7702=CARTESIAN_POINT('',(0.00535,-0.0162,0.0006));
#7703=CARTESIAN_POINT('',(0.00535,-0.01,0.0006));
#7704=CARTESIAN_POINT('',(0.0122,-0.0162,0.0006));
#7705=CARTESIAN_POINT('',(0.01905,-0.0162,0.0006));
#7706=CARTESIAN_POINT('',(0.01905,-0.0131,0.0006));
#7707=CARTESIAN_POINT('',(0.01905,-0.01,0.0006));
#7708=CARTESIAN_POINT('',(0.0122,-0.01,0.0006));
#7709=CARTESIAN_POINT('',(0.,0.,0.0006));
#7710=CARTESIAN_POINT('',(-0.01515,-0.0017,0.0006));
#7711=CARTESIAN_POINT('',(-0.01515,-0.0003,0.0006));
#7712=CARTESIAN_POINT('',(-0.01655,-0.0017,0.0006));
#7713=CARTESIAN_POINT('',(-0.01655,-0.00205,0.0006));
#7714=CARTESIAN_POINT('',(-0.01655,-0.0024,0.0006));
#7715=CARTESIAN_POINT('',(-0.01515,-0.0024,0.0006));
#7716=CARTESIAN_POINT('',(-0.01515,-0.0038,0.0006));
#7717=CARTESIAN_POINT('',(-0.01195,-0.0038,0.0006));
#7718=CARTESIAN_POINT('',(-0.00875,-0.0038,0.0006));
#7719=CARTESIAN_POINT('',(-0.00875,-0.0024,0.0006));
#7720=CARTESIAN_POINT('',(-0.00735,-0.0024,0.0006));
#7721=CARTESIAN_POINT('',(-0.00735,-0.00205,0.0006));
#7722=CARTESIAN_POINT('',(-0.00735,-0.0017,0.0006));
#7723=CARTESIAN_POINT('',(-0.00875,-0.0017,0.0006));
#7724=CARTESIAN_POINT('',(-0.00875,-0.0003,0.0006));
#7725=CARTESIAN_POINT('',(-0.01195,-0.0003,0.0006));
#7726=CARTESIAN_POINT('',(-0.00875,-0.0024,0.0006));
#7727=CARTESIAN_POINT('',(-0.00755,-0.0024,0.0006));
#7728=CARTESIAN_POINT('',(-0.00875,-0.0036,0.0006));
#7729=CARTESIAN_POINT('',(-0.01195,-0.0036,0.0006));
#7730=CARTESIAN_POINT('',(-0.01515,-0.0036,0.0006));
#7731=CARTESIAN_POINT('',(-0.01515,-0.0024,0.0006));
#7732=CARTESIAN_POINT('',(-0.01635,-0.0024,0.0006));
#7733=CARTESIAN_POINT('',(-0.01635,-0.00205,0.0006));
#7734=CARTESIAN_POINT('',(-0.01635,-0.0017,0.0006));
#7735=CARTESIAN_POINT('',(-0.01515,-0.0017,0.0006));
#7736=CARTESIAN_POINT('',(-0.01515,-0.0005,0.0006));
#7737=CARTESIAN_POINT('',(-0.01195,-0.0005,0.0006));
#7738=CARTESIAN_POINT('',(-0.00875,-0.0005,0.0006));
#7739=CARTESIAN_POINT('',(-0.00875,-0.0017,0.0006));
#7740=CARTESIAN_POINT('',(-0.00755,-0.0017,0.0006));
#7741=CARTESIAN_POINT('',(-0.00755,-0.00205,0.0006));
#7742=CARTESIAN_POINT('',(0.,0.,0.0006));
#7743=CARTESIAN_POINT('',(0.01195,-0.0005,0.0006));
#7744=CARTESIAN_POINT('',(0.00875,-0.0005,0.0006));
#7745=CARTESIAN_POINT('',(0.01515,-0.0005,0.0006));
#7746=CARTESIAN_POINT('',(0.01515,-0.0017,0.0006));
#7747=CARTESIAN_POINT('',(0.01635,-0.0017,0.0006));
#7748=CARTESIAN_POINT('',(0.01635,-0.00205,0.0006));
#7749=CARTESIAN_POINT('',(0.01635,-0.0024,0.0006));
#7750=CARTESIAN_POINT('',(0.01515,-0.0024,0.0006));
#7751=CARTESIAN_POINT('',(0.01515,-0.0036,0.0006));
#7752=CARTESIAN_POINT('',(0.01195,-0.0036,0.0006));
#7753=CARTESIAN_POINT('',(0.00875,-0.0036,0.0006));
#7754=CARTESIAN_POINT('',(0.00875,-0.0024,0.0006));
#7755=CARTESIAN_POINT('',(0.00755,-0.0024,0.0006));
#7756=CARTESIAN_POINT('',(0.00755,-0.00205,0.0006));
#7757=CARTESIAN_POINT('',(0.00755,-0.0017,0.0006));
#7758=CARTESIAN_POINT('',(0.00875,-0.0017,0.0006));
#7759=CARTESIAN_POINT('',(0.00735,-0.00205,0.0006));
#7760=CARTESIAN_POINT('',(0.00735,-0.0024,0.0006));
#7761=CARTESIAN_POINT('',(0.00735,-0.0017,0.0006));
#7762=CARTESIAN_POINT('',(0.00875,-0.0024,0.0006));
#7763=CARTESIAN_POINT('',(0.00875,-0.0038,0.0006));
#7764=CARTESIAN_POINT('',(0.01195,-0.0038,0.0006));
#7765=CARTESIAN_POINT('',(0.01515,-0.0038,0.0006));
#7766=CARTESIAN_POINT('',(0.01515,-0.0024,0.0006));
#7767=CARTESIAN_POINT('',(0.01655,-0.0024,0.0006));
#7768=CARTESIAN_POINT('',(0.01655,-0.00205,0.0006));
#7769=CARTESIAN_POINT('',(0.01655,-0.0017,0.0006));
#7770=CARTESIAN_POINT('',(0.01515,-0.0017,0.0006));
#7771=CARTESIAN_POINT('',(0.01515,-0.0003,0.0006));
#7772=CARTESIAN_POINT('',(0.01195,-0.0003,0.0006));
#7773=CARTESIAN_POINT('',(0.00875,-0.0003,0.0006));
#7774=CARTESIAN_POINT('',(0.00875,-0.0017,0.0006));
#7775=CARTESIAN_POINT('',(0.,0.,0.0006));
#7776=CARTESIAN_POINT('',(-0.00535,-0.0131,0.0006));
#7777=CARTESIAN_POINT('',(-0.00535,-0.0162,0.0006));
#7778=CARTESIAN_POINT('',(-0.00535,-0.01,0.0006));
#7779=CARTESIAN_POINT('',(-0.0122,-0.01,0.0006));
#7780=CARTESIAN_POINT('',(-0.01905,-0.01,0.0006));
#7781=CARTESIAN_POINT('',(-0.01905,-0.0131,0.0006));
#7782=CARTESIAN_POINT('',(-0.01905,-0.0162,0.0006));
#7783=CARTESIAN_POINT('',(-0.0122,-0.0162,0.0006));
#7784=CARTESIAN_POINT('',(-0.01885,-0.0131,0.0006));
#7785=CARTESIAN_POINT('',(-0.01885,-0.016,0.0006));
#7786=CARTESIAN_POINT('',(-0.01885,-0.0102,0.0006));
#7787=CARTESIAN_POINT('',(-0.0122,-0.0102,0.0006));
#7788=CARTESIAN_POINT('',(-0.00555,-0.0102,0.0006));
#7789=CARTESIAN_POINT('',(-0.00555,-0.0131,0.0006));
#7790=CARTESIAN_POINT('',(-0.00555,-0.016,0.0006));
#7791=CARTESIAN_POINT('',(-0.0122,-0.016,0.0006));
#7792=CARTESIAN_POINT('',(-0.00875,-0.0024,0.0006));
#7793=CARTESIAN_POINT('',(-0.00875,-0.0024,0.));
#7794=CARTESIAN_POINT('',(-0.00755,-0.0024,0.));
#7795=CARTESIAN_POINT('',(-0.00875,-0.0036,0.));
#7796=CARTESIAN_POINT('',(-0.00875,-0.0036,0.0006));
#7797=CARTESIAN_POINT('',(-0.00755,-0.0024,0.0006));
#7798=CARTESIAN_POINT('',(-0.01195,-0.0036,0.0006));
#7799=CARTESIAN_POINT('',(-0.01195,-0.0036,0.));
#7800=CARTESIAN_POINT('',(-0.01515,-0.0036,0.));
#7801=CARTESIAN_POINT('',(-0.01515,-0.0036,0.0006));
#7802=CARTESIAN_POINT('',(-0.01515,-0.0024,0.0006));
#7803=CARTESIAN_POINT('',(-0.01515,-0.0024,0.));
#7804=CARTESIAN_POINT('',(-0.01635,-0.0024,0.));
#7805=CARTESIAN_POINT('',(-0.01635,-0.0024,0.0006));
#7806=CARTESIAN_POINT('',(-0.01635,-0.00205,0.0006));
#7807=CARTESIAN_POINT('',(-0.01635,-0.00205,0.));
#7808=CARTESIAN_POINT('',(-0.01635,-0.0017,0.));
#7809=CARTESIAN_POINT('',(-0.01635,-0.0017,0.0006));
#7810=CARTESIAN_POINT('',(-0.01515,-0.0017,0.0006));
#7811=CARTESIAN_POINT('',(-0.01515,-0.0017,0.));
#7812=CARTESIAN_POINT('',(-0.01515,-0.0005,0.));
#7813=CARTESIAN_POINT('',(-0.01515,-0.0005,0.0006));
#7814=CARTESIAN_POINT('',(-0.01195,-0.0005,0.0006));
#7815=CARTESIAN_POINT('',(-0.01195,-0.0005,0.));
#7816=CARTESIAN_POINT('',(-0.00875,-0.0005,0.));
#7817=CARTESIAN_POINT('',(-0.00875,-0.0005,0.0006));
#7818=CARTESIAN_POINT('',(-0.00875,-0.0017,0.0006));
#7819=CARTESIAN_POINT('',(-0.00875,-0.0017,0.));
#7820=CARTESIAN_POINT('',(-0.00755,-0.0017,0.));
#7821=CARTESIAN_POINT('',(-0.00755,-0.0017,0.0006));
#7822=CARTESIAN_POINT('',(-0.0122,-0.016,0.0006));
#7823=CARTESIAN_POINT('',(-0.0122,-0.016,0.));
#7824=CARTESIAN_POINT('',(-0.01885,-0.016,0.));
#7825=CARTESIAN_POINT('',(-0.00555,-0.016,0.));
#7826=CARTESIAN_POINT('',(-0.01885,-0.016,0.0006));
#7827=CARTESIAN_POINT('',(-0.00555,-0.016,0.0006));
#7828=CARTESIAN_POINT('',(-0.01885,-0.0131,0.0006));
#7829=CARTESIAN_POINT('',(-0.01885,-0.0131,0.));
#7830=CARTESIAN_POINT('',(-0.01885,-0.0102,0.));
#7831=CARTESIAN_POINT('',(-0.01885,-0.0102,0.0006));
#7832=CARTESIAN_POINT('',(-0.0122,-0.0102,0.0006));
#7833=CARTESIAN_POINT('',(-0.0122,-0.0102,0.));
#7834=CARTESIAN_POINT('',(-0.00555,-0.0102,0.));
#7835=CARTESIAN_POINT('',(-0.00555,-0.0102,0.0006));
#7836=CARTESIAN_POINT('',(0.01885,-0.0131,0.0006));
#7837=CARTESIAN_POINT('',(0.01885,-0.0131,0.));
#7838=CARTESIAN_POINT('',(0.01885,-0.016,0.));
#7839=CARTESIAN_POINT('',(0.01885,-0.0102,0.));
#7840=CARTESIAN_POINT('',(0.01885,-0.016,0.0006));
#7841=CARTESIAN_POINT('',(0.01885,-0.0102,0.0006));
#7842=CARTESIAN_POINT('',(0.0122,-0.016,0.0006));
#7843=CARTESIAN_POINT('',(0.0122,-0.016,0.));
#7844=CARTESIAN_POINT('',(0.00555,-0.016,0.));
#7845=CARTESIAN_POINT('',(0.00555,-0.016,0.0006));
#7846=CARTESIAN_POINT('',(0.00555,-0.0131,0.0006));
#7847=CARTESIAN_POINT('',(0.00555,-0.0131,0.));
#7848=CARTESIAN_POINT('',(0.00555,-0.0102,0.));
#7849=CARTESIAN_POINT('',(0.00555,-0.0102,0.0006));
#7850=CARTESIAN_POINT('',(0.00875,-0.0017,0.0006));
#7851=CARTESIAN_POINT('',(0.00875,-0.0017,0.));
#7852=CARTESIAN_POINT('',(0.00875,-0.0005,0.));
#7853=CARTESIAN_POINT('',(0.00755,-0.0017,0.));
#7854=CARTESIAN_POINT('',(0.00875,-0.0005,0.0006));
#7855=CARTESIAN_POINT('',(0.00755,-0.0017,0.0006));
#7856=CARTESIAN_POINT('',(0.01195,-0.0005,0.0006));
#7857=CARTESIAN_POINT('',(0.01195,-0.0005,0.));
#7858=CARTESIAN_POINT('',(0.01515,-0.0005,0.));
#7859=CARTESIAN_POINT('',(0.01515,-0.0005,0.0006));
#7860=CARTESIAN_POINT('',(0.01515,-0.0017,0.0006));
#7861=CARTESIAN_POINT('',(0.01515,-0.0017,0.));
#7862=CARTESIAN_POINT('',(0.01635,-0.0017,0.));
#7863=CARTESIAN_POINT('',(0.01635,-0.0017,0.0006));
#7864=CARTESIAN_POINT('',(0.01635,-0.00205,0.0006));
#7865=CARTESIAN_POINT('',(0.01635,-0.00205,0.));
#7866=CARTESIAN_POINT('',(0.01635,-0.0024,0.));
#7867=CARTESIAN_POINT('',(0.01635,-0.0024,0.0006));
#7868=CARTESIAN_POINT('',(0.01515,-0.0024,0.0006));
#7869=CARTESIAN_POINT('',(0.01515,-0.0024,0.));
#7870=CARTESIAN_POINT('',(0.01515,-0.0036,0.));
#7871=CARTESIAN_POINT('',(0.01515,-0.0036,0.0006));
#7872=CARTESIAN_POINT('',(0.01195,-0.0036,0.0006));
#7873=CARTESIAN_POINT('',(0.01195,-0.0036,0.));
#7874=CARTESIAN_POINT('',(0.00875,-0.0036,0.));
#7875=CARTESIAN_POINT('',(0.00875,-0.0036,0.0006));
#7876=CARTESIAN_POINT('',(0.00875,-0.0024,0.0006));
#7877=CARTESIAN_POINT('',(0.00875,-0.0024,0.));
#7878=CARTESIAN_POINT('',(0.00755,-0.0024,0.));
#7879=CARTESIAN_POINT('',(0.00755,-0.0024,0.0006));
#7880=CARTESIAN_POINT('',(0.00665,0.0038,0.0006));
#7881=CARTESIAN_POINT('',(0.00665,0.0038,0.));
#7882=CARTESIAN_POINT('',(0.0133,0.0038,0.));
#7883=CARTESIAN_POINT('',(-0.0133,0.0038,0.));
#7884=CARTESIAN_POINT('',(-0.0133,0.0038,0.0006));
#7885=CARTESIAN_POINT('',(-0.0133,0.0038,0.0006));
#7886=CARTESIAN_POINT('',(0.00665,0.0038,0.0006));
#7887=CARTESIAN_POINT('',(0.0133,0.0038,0.0006));
#7888=CARTESIAN_POINT('',(0.0133,0.0038,0.0006));
#7889=CARTESIAN_POINT('',(-0.0133,0.01005,0.0006));
#7890=CARTESIAN_POINT('',(-0.0133,0.01005,0.));
#7891=CARTESIAN_POINT('',(-0.0133,0.0163,0.));
#7892=CARTESIAN_POINT('',(-0.0133,0.0163,0.0006));
#7893=CARTESIAN_POINT('',(-0.0133,0.0163,0.0006));
#7894=CARTESIAN_POINT('',(-0.0133,0.01005,0.0006));
#7895=CARTESIAN_POINT('',(-0.00665,0.0163,0.0006));
#7896=CARTESIAN_POINT('',(-0.00665,0.0163,0.));
#7897=CARTESIAN_POINT('',(0.0133,0.0163,0.));
#7898=CARTESIAN_POINT('',(0.0133,0.0163,0.0006));
#7899=CARTESIAN_POINT('',(0.0133,0.0163,0.0006));
#7900=CARTESIAN_POINT('',(-0.00665,0.0163,0.0006));
#7901=CARTESIAN_POINT('',(0.0095,0.0205,0.0006));
#7902=CARTESIAN_POINT('',(0.0095,0.0205,0.));
#7903=CARTESIAN_POINT('',(-0.019,0.0205,0.));
#7904=CARTESIAN_POINT('',(0.019,0.0205,0.));
#7905=CARTESIAN_POINT('',(-0.019,0.0205,0.0006));
#7906=CARTESIAN_POINT('',(-0.019,0.0205,0.0006));
#7907=CARTESIAN_POINT('',(0.0095,0.0205,0.0006));
#7908=CARTESIAN_POINT('',(0.019,0.0205,0.0006));
#7909=CARTESIAN_POINT('',(0.019,0.0205,0.0006));
#7910=CARTESIAN_POINT('',(-0.019,0.019,0.0006));
#7911=CARTESIAN_POINT('',(-0.019,0.019,0.));
#7912=CARTESIAN_POINT('',(-0.0205,0.019,0.));
#7913=CARTESIAN_POINT('',(-0.0205,0.019,0.0006));
#7914=CARTESIAN_POINT('',(-0.0205,0.019,0.0006));
#7915=CARTESIAN_POINT('',(-0.019,0.019,0.0006));
#7916=CARTESIAN_POINT('',(-0.0205,1.7347234759768E-18,0.0006));
#7917=CARTESIAN_POINT('',(-0.0205,1.7347234759768E-18,0.));
#7918=CARTESIAN_POINT('',(-0.0205,-0.019,0.));
#7919=CARTESIAN_POINT('',(-0.0205,-0.019,0.0006));
#7920=CARTESIAN_POINT('',(-0.0205,-0.019,0.0006));
#7921=CARTESIAN_POINT('',(-0.0205,1.7347234759768E-18,0.0006));
#7922=CARTESIAN_POINT('',(-0.019,-0.019,0.0006));
#7923=CARTESIAN_POINT('',(-0.019,-0.019,0.));
#7924=CARTESIAN_POINT('',(-0.019,-0.0205,0.));
#7925=CARTESIAN_POINT('',(-0.019,-0.0205,0.0006));
#7926=CARTESIAN_POINT('',(-0.019,-0.0205,0.0006));
#7927=CARTESIAN_POINT('',(-0.019,-0.019,0.0006));
#7928=CARTESIAN_POINT('',(-0.0095,-0.0205,0.0006));
#7929=CARTESIAN_POINT('',(-0.0095,-0.0205,0.));
#7930=CARTESIAN_POINT('',(0.019,-0.0205,0.));
#7931=CARTESIAN_POINT('',(0.019,-0.0205,0.0006));
#7932=CARTESIAN_POINT('',(0.019,-0.0205,0.0006));
#7933=CARTESIAN_POINT('',(-0.0095,-0.0205,0.0006));
#7934=CARTESIAN_POINT('',(0.019,-0.019,0.0006));
#7935=CARTESIAN_POINT('',(0.019,-0.019,0.));
#7936=CARTESIAN_POINT('',(0.0205,-0.019,0.));
#7937=CARTESIAN_POINT('',(0.0205,-0.019,0.0006));
#7938=CARTESIAN_POINT('',(0.0205,-0.019,0.0006));
#7939=CARTESIAN_POINT('',(0.019,-0.019,0.0006));
#7940=CARTESIAN_POINT('',(0.0205,1.7347234759768E-18,0.0006));
#7941=CARTESIAN_POINT('',(0.0205,1.7347234759768E-18,0.));
#7942=CARTESIAN_POINT('',(0.0205,0.019,0.));
#7943=CARTESIAN_POINT('',(0.0205,0.019,0.0006));
#7944=CARTESIAN_POINT('',(0.0205,0.019,0.0006));
#7945=CARTESIAN_POINT('',(0.0205,1.7347234759768E-18,0.0006));
#7946=CARTESIAN_POINT('',(-1.92881870865708E-19,-0.0026,0.0006));
#7947=CARTESIAN_POINT('',(-1.92881870865708E-19,-0.0026,0.));
#7948=CARTESIAN_POINT('',(0.00315,-0.0026,0.));
#7949=CARTESIAN_POINT('',(-1.92881870865708E-19,-0.0026,0.0016));
#7950=CARTESIAN_POINT('',(0.00315,-0.0026,0.0016));
#7951=CARTESIAN_POINT('',(-0.00555,-0.0131,0.0006));
#7952=CARTESIAN_POINT('',(-0.00555,-0.0131,0.));
#7953=CARTESIAN_POINT('',(0.0122,-0.0102,0.0006));
#7954=CARTESIAN_POINT('',(0.0122,-0.0102,0.));
#7955=CARTESIAN_POINT('',(0.00755,-0.00205,0.0006));
#7956=CARTESIAN_POINT('',(0.00755,-0.00205,0.));
#7957=CARTESIAN_POINT('',(0.0133,0.01005,0.0006));
#7958=CARTESIAN_POINT('',(0.0133,0.01005,0.));
#7959=CARTESIAN_POINT('',(0.0133,0.01005,0.0006));
#7960=CARTESIAN_POINT('',(0.019,0.019,0.0006));
#7961=CARTESIAN_POINT('',(0.019,0.019,0.));
#7962=CARTESIAN_POINT('',(0.019,0.019,0.0006));
#7963=CARTESIAN_POINT('',(-0.00755,-0.00205,0.0006));
#7964=CARTESIAN_POINT('',(-0.00755,-0.00205,0.));
#7965=CARTESIAN_POINT('',(0.,3.46944695195361E-18,0.));
#7966=CARTESIAN_POINT('',(0.,0.,0.0006));
#7967=CARTESIAN_POINT('',(0.,0.01705,0.0006));
#7968=CARTESIAN_POINT('',(0.01375,0.01705,0.0006));
#7969=CARTESIAN_POINT('',(-0.01375,0.01705,0.0006));
#7970=CARTESIAN_POINT('',(-0.01375,0.01005,0.0006));
#7971=CARTESIAN_POINT('',(-0.01375,0.00305,0.0006));
#7972=CARTESIAN_POINT('',(0.,0.00305,0.0006));
#7973=CARTESIAN_POINT('',(0.01375,0.00305,0.0006));
#7974=CARTESIAN_POINT('',(0.01375,0.01005,0.0006));
#7975=CARTESIAN_POINT('',(0.,0.0205,0.0006));
#7976=CARTESIAN_POINT('',(-0.019,0.0205,0.0006));
#7977=CARTESIAN_POINT('',(-0.019,0.0205,0.0056));
#7978=CARTESIAN_POINT('',(-0.019,0.0205,0.01));
#7979=CARTESIAN_POINT('',(0.0095,0.0205,0.0056));
#7980=CARTESIAN_POINT('',(0.019,0.0205,0.0056));
#7981=CARTESIAN_POINT('',(0.019,0.0205,0.0006));
#7982=CARTESIAN_POINT('',(0.019,0.0205,0.01));
#7983=CARTESIAN_POINT('',(0.,0.0205,0.01));
#7984=CARTESIAN_POINT('',(0.019,0.019,0.0006));
#7985=CARTESIAN_POINT('',(0.019,0.019,0.0056));
#7986=CARTESIAN_POINT('',(0.0205,0.019,0.0056));
#7987=CARTESIAN_POINT('',(0.0205,0.019,0.01));
#7988=CARTESIAN_POINT('',(0.0205,0.019,0.01));
#7989=CARTESIAN_POINT('',(0.019,0.019,0.01));
#7990=CARTESIAN_POINT('',(0.019,0.019,0.0006));
#7991=CARTESIAN_POINT('',(0.019,0.0205,0.0006));
#7992=CARTESIAN_POINT('',(0.019,0.0356037933611911,0.0186));
#7993=CARTESIAN_POINT('',(0.019,0.019,0.0186));
#7994=CARTESIAN_POINT('',(0.0356037933611911,0.019,0.0186));
#7995=CARTESIAN_POINT('',(0.0205,0.019,0.0006));
#7996=CARTESIAN_POINT('',(0.0273708862528681,0.0281248972956872,0.013569700280563));
#7997=CARTESIAN_POINT('',(0.0272399948354915,0.0284661262360768,0.0137639170362165));
#7998=CARTESIAN_POINT('',(0.0273874871803069,0.0289347799887128,0.0143064012159268));
#7999=CARTESIAN_POINT('',(0.0280786595920142,0.0289257527576577,0.0148388764108101));
#8000=CARTESIAN_POINT('',(0.0286175811887501,0.0286010794527045,0.0150017273366244));
#8001=CARTESIAN_POINT('',(0.0289749819953659,0.0280728642025862,0.0148770457838798));
#8002=CARTESIAN_POINT('',(0.0290398132309124,0.0273589522677633,0.0143795599195431));
#8003=CARTESIAN_POINT('',(0.0286018115978671,0.0271626202180704,0.013827091502136));
#8004=CARTESIAN_POINT('',(0.0282646937251338,0.0272687213376088,0.0136115454925046));
#8005=CARTESIAN_POINT('',(0.027370886252868,0.0281248972956872,0.0135697002805629));
#8006=CARTESIAN_POINT('',(0.0282646937251338,0.0272687213376087,0.0136115454925046));
#8007=CARTESIAN_POINT('',(0.0230762077391925,0.0229770321207214,0.00690074885543588));
#8008=CARTESIAN_POINT('',(0.0275804118380697,0.0280054720484045,0.0136362703022617));
#8009=CARTESIAN_POINT('',(0.0281357224341997,0.0274747520692167,0.0136631136318967));
#8010=CARTESIAN_POINT('',(0.0279145266129217,0.0275768572857849,0.0135526085219868));
#8011=CARTESIAN_POINT('',(0.0276976928356496,0.0277844167967219,0.0135419562097265));
#8012=CARTESIAN_POINT('',(0.0275804118380697,0.0280054720484045,0.0136362703022617));
#8013=CARTESIAN_POINT('',(0.0281357224341997,0.0274747520692167,0.0136631136318967));
#8014=CARTESIAN_POINT('',(0.0230762077391925,0.0229770321207214,0.00690074885543588));
#8015=CARTESIAN_POINT('',(0.019,-0.019,0.0006));
#8016=CARTESIAN_POINT('',(0.0205,-0.019,0.0006));
#8017=CARTESIAN_POINT('',(0.0356037933611911,-0.019,0.0186));
#8018=CARTESIAN_POINT('',(0.019,-0.019,0.0186));
#8019=CARTESIAN_POINT('',(0.019,-0.0356037933611911,0.0186));
#8020=CARTESIAN_POINT('',(0.019,-0.0205,0.0006));
#8021=CARTESIAN_POINT('',(0.0281248972956871,-0.0273708862528681,0.0135697002805629));
#8022=CARTESIAN_POINT('',(0.0284661262360767,-0.0272399948354915,0.0137639170362165));
#8023=CARTESIAN_POINT('',(0.0289347799887127,-0.0273874871803069,0.0143064012159268));
#8024=CARTESIAN_POINT('',(0.0289257527576577,-0.0280786595920142,0.0148388764108101));
#8025=CARTESIAN_POINT('',(0.0286010794527045,-0.0286175811887501,0.0150017273366244));
#8026=CARTESIAN_POINT('',(0.0280728642025863,-0.028974981995366,0.0148770457838798));
#8027=CARTESIAN_POINT('',(0.0273589522677633,-0.0290398132309124,0.0143795599195431));
#8028=CARTESIAN_POINT('',(0.0271626202180704,-0.0286018115978671,0.013827091502136));
#8029=CARTESIAN_POINT('',(0.0272687213376088,-0.0282646937251337,0.0136115454925046));
#8030=CARTESIAN_POINT('',(0.0281248972956871,-0.027370886252868,0.0135697002805629));
#8031=CARTESIAN_POINT('',(0.0272687213376087,-0.0282646937251337,0.0136115454925046));
#8032=CARTESIAN_POINT('',(0.0229770321207213,-0.0230762077391925,0.00690074885543585));
#8033=CARTESIAN_POINT('',(0.0280054720484044,-0.0275804118380697,0.0136362703022617));
#8034=CARTESIAN_POINT('',(0.0274747520692167,-0.0281357224341996,0.0136631136318966));
#8035=CARTESIAN_POINT('',(0.0275768572857841,-0.0279145266129234,0.0135526085219877));
#8036=CARTESIAN_POINT('',(0.0277844167967238,-0.0276976928356486,0.0135419562097274));
#8037=CARTESIAN_POINT('',(0.0280054720484044,-0.0275804118380698,0.0136362703022617));
#8038=CARTESIAN_POINT('',(0.0274747520692167,-0.0281357224341996,0.0136631136318966));
#8039=CARTESIAN_POINT('',(0.0229770321207213,-0.0230762077391925,0.00690074885543585));
#8040=CARTESIAN_POINT('',(-0.019,-0.019,0.0006));
#8041=CARTESIAN_POINT('',(-0.019,-0.0205,0.0006));
#8042=CARTESIAN_POINT('',(-0.019,-0.0356037933611911,0.0186));
#8043=CARTESIAN_POINT('',(-0.019,-0.019,0.0186));
#8044=CARTESIAN_POINT('',(-0.0356037933611911,-0.019,0.0186));
#8045=CARTESIAN_POINT('',(-0.0205,-0.019,0.0006));
#8046=CARTESIAN_POINT('',(-0.0230762077391925,-0.0229770321207213,0.00690074885543585));
#8047=CARTESIAN_POINT('',(-0.0282646937251337,-0.0272687213376088,0.0136115454925046));
#8048=CARTESIAN_POINT('',(-0.0281357224341995,-0.0274747520692167,0.0136631136318966));
#8049=CARTESIAN_POINT('',(-0.0282646937251338,-0.0272687213376088,0.0136115454925046));
#8050=CARTESIAN_POINT('',(-0.0286017675131636,-0.0271626340928506,0.0138270633153127));
#8051=CARTESIAN_POINT('',(-0.0290398107327001,-0.0273589636208062,0.0143795668972271));
#8052=CARTESIAN_POINT('',(-0.0289749944977124,-0.0280728161897894,0.014877018793514));
#8053=CARTESIAN_POINT('',(-0.0286176187640887,-0.0286010419474782,0.0150017275632271));
#8054=CARTESIAN_POINT('',(-0.0280787188472208,-0.0289257394842322,0.0148389119405362));
#8055=CARTESIAN_POINT('',(-0.0273874871094721,-0.0289347844840482,0.0143064049781302));
#8056=CARTESIAN_POINT('',(-0.0272399667805343,-0.0284661993742817,0.0137639586641771));
#8057=CARTESIAN_POINT('',(-0.0273708862528681,-0.0281248972956871,0.0135697002805629));
#8058=CARTESIAN_POINT('',(-0.0273708862528682,-0.0281248972956871,0.013569700280563));
#8059=CARTESIAN_POINT('',(-0.0230762077391925,-0.0229770321207213,0.00690074885543585));
#8060=CARTESIAN_POINT('',(-0.0275804118380697,-0.0280054720484044,0.0136362703022617));
#8061=CARTESIAN_POINT('',(-0.0275804118380698,-0.0280054720484044,0.0136362703022617));
#8062=CARTESIAN_POINT('',(-0.0276985468050837,-0.027782807205807,0.0135412694714323));
#8063=CARTESIAN_POINT('',(-0.0279131438987293,-0.0275774955543166,0.0135519177449961));
#8064=CARTESIAN_POINT('',(-0.0281357224341996,-0.0274747520692167,0.0136631136318966));
#8065=CARTESIAN_POINT('',(-0.019,0.019,0.0006));
#8066=CARTESIAN_POINT('',(-0.0205,0.019,0.0006));
#8067=CARTESIAN_POINT('',(-0.0356037933611911,0.019,0.0186));
#8068=CARTESIAN_POINT('',(-0.019,0.019,0.0186));
#8069=CARTESIAN_POINT('',(-0.019,0.0356037933611911,0.0186));
#8070=CARTESIAN_POINT('',(-0.019,0.0205,0.0006));
#8071=CARTESIAN_POINT('',(-0.0229770321207214,0.0230762077391925,0.00690074885543588));
#8072=CARTESIAN_POINT('',(-0.0272687213376088,0.0282646937251338,0.0136115454925047));
#8073=CARTESIAN_POINT('',(-0.0274747520692167,0.0281357224341997,0.0136631136318966));
#8074=CARTESIAN_POINT('',(-0.0272687213376087,0.0282646937251338,0.0136115454925047));
#8075=CARTESIAN_POINT('',(-0.0271626340928506,0.0286017675131637,0.0138270633153128));
#8076=CARTESIAN_POINT('',(-0.0273589636208063,0.0290398107327001,0.0143795668972272));
#8077=CARTESIAN_POINT('',(-0.0280728161897894,0.0289749944977124,0.014877018793514));
#8078=CARTESIAN_POINT('',(-0.0286010419474781,0.0286176187640887,0.0150017275632271));
#8079=CARTESIAN_POINT('',(-0.0289257394842322,0.0280787188472208,0.0148389119405362));
#8080=CARTESIAN_POINT('',(-0.0289347844840482,0.0273874871094721,0.0143064049781303));
#8081=CARTESIAN_POINT('',(-0.0284661993742818,0.0272399667805343,0.0137639586641772));
#8082=CARTESIAN_POINT('',(-0.0281248972956872,0.0273708862528681,0.013569700280563));
#8083=CARTESIAN_POINT('',(-0.0281248972956872,0.0273708862528681,0.013569700280563));
#8084=CARTESIAN_POINT('',(-0.0229770321207214,0.0230762077391925,0.00690074885543588));
#8085=CARTESIAN_POINT('',(-0.0280054720484045,0.0275804118380697,0.0136362703022617));
#8086=CARTESIAN_POINT('',(-0.0280054720484045,0.0275804118380697,0.0136362703022617));
#8087=CARTESIAN_POINT('',(-0.0277828072058071,0.0276985468050837,0.0135412694714323));
#8088=CARTESIAN_POINT('',(-0.0275774955543166,0.0279131438987293,0.013551917744996));
#8089=CARTESIAN_POINT('',(-0.0274747520692167,0.0281357224341996,0.0136631136318966));
#8090=CARTESIAN_POINT('',(0.,0.0212,0.018602));
#8091=CARTESIAN_POINT('',(0.,0.0212,0.01));
#8092=CARTESIAN_POINT('',(-0.019,0.0212,0.01));
#8093=CARTESIAN_POINT('',(-0.0108143782776615,0.0212,0.01));
#8094=CARTESIAN_POINT('',(-0.0108143782776615,0.0212,0.009998));
#8095=CARTESIAN_POINT('',(-0.0108143782776615,0.0212,0.0186));
#8096=CARTESIAN_POINT('',(0.,0.0212,0.0186));
#8097=CARTESIAN_POINT('',(-0.019,0.0212,0.0186));
#8098=CARTESIAN_POINT('',(-0.019,0.0212,0.018602));
#8099=CARTESIAN_POINT('',(0.,3.46944695195361E-18,0.0186));
#8100=CARTESIAN_POINT('',(-0.025,-0.025,0.0186));
#8101=CARTESIAN_POINT('',(-0.0232285830772908,-0.0232716822960059,0.0186));
#8102=CARTESIAN_POINT('',(0.025,0.025,0.0186));
#8103=CARTESIAN_POINT('',(0.0232285830772908,0.0232716822960059,0.0186));
#8104=CARTESIAN_POINT('',(0.025,-0.025,0.0186));
#8105=CARTESIAN_POINT('',(0.0232716822960059,-0.0232285830772908,0.0186));
#8106=CARTESIAN_POINT('',(-0.025,0.025,0.0186));
#8107=CARTESIAN_POINT('',(-0.0232716822960059,0.0232285830772908,0.0186));
#8108=CARTESIAN_POINT('',(-0.0042,0.0137,0.0186));
#8109=CARTESIAN_POINT('',(0.00241437827766149,0.0212,0.0186));
#8110=CARTESIAN_POINT('',(0.,0.0212,0.0186));
#8111=CARTESIAN_POINT('',(0.019,0.0212,0.0186));
#8112=CARTESIAN_POINT('',(0.019,0.019,0.0186));
#8113=CARTESIAN_POINT('',(0.0212,0.019,0.0186));
#8114=CARTESIAN_POINT('',(0.0212,0.,0.0186));
#8115=CARTESIAN_POINT('',(0.0212,-0.019,0.0186));
#8116=CARTESIAN_POINT('',(0.019,-0.019,0.0186));
#8117=CARTESIAN_POINT('',(0.019,-0.0212,0.0186));
#8118=CARTESIAN_POINT('',(3.46944695195361E-18,-0.0212,0.0186));
#8119=CARTESIAN_POINT('',(-0.019,-0.0212,0.0186));
#8120=CARTESIAN_POINT('',(-0.019,-0.019,0.0186));
#8121=CARTESIAN_POINT('',(-0.0212,-0.019,0.0186));
#8122=CARTESIAN_POINT('',(-0.0212,3.46944695195361E-18,0.0186));
#8123=CARTESIAN_POINT('',(-0.0212,0.019,0.0186));
#8124=CARTESIAN_POINT('',(-0.019,0.019,0.0186));
#8125=CARTESIAN_POINT('',(1.7347234759768E-18,0.0356037933611911,0.0186));
#8126=CARTESIAN_POINT('',(-0.0356037933611911,0.0205,0.0186));
#8127=CARTESIAN_POINT('',(1.7347234759768E-18,-0.0356037933611911,0.0186));
#8128=CARTESIAN_POINT('',(0.0356037933611911,0.0205,0.0186));
#8129=CARTESIAN_POINT('',(-0.019,0.019,0.0006));
#8130=CARTESIAN_POINT('',(-0.0205,0.019,0.01));
#8131=CARTESIAN_POINT('',(-0.0205,0.019,0.01));
#8132=CARTESIAN_POINT('',(-0.0205,0.019,0.0056));
#8133=CARTESIAN_POINT('',(-0.019,0.019,0.0056));
#8134=CARTESIAN_POINT('',(-0.019,0.019,0.01));
#8135=CARTESIAN_POINT('',(0.0205,0.0205,0.0006));
#8136=CARTESIAN_POINT('',(1.7347234759768E-18,-0.0205,0.0006));
#8137=CARTESIAN_POINT('',(-0.0205,0.0205,0.0006));
#8138=CARTESIAN_POINT('',(1.7347234759768E-18,0.0205,0.0006));
#8139=CARTESIAN_POINT('',(0.019,0.019,0.018602));
#8140=CARTESIAN_POINT('',(0.019,0.0212,0.018602));
#8141=CARTESIAN_POINT('',(0.019,0.0212,0.01));
#8142=CARTESIAN_POINT('',(0.019,0.019,0.01));
#8143=CARTESIAN_POINT('',(0.0212,0.019,0.01));
#8144=CARTESIAN_POINT('',(0.0212,0.019,0.018602));
#8145=CARTESIAN_POINT('',(0.,0.0212,0.018602));
#8146=CARTESIAN_POINT('',(0.00241437827766149,0.0212,0.009998));
#8147=CARTESIAN_POINT('',(0.00241437827766149,0.0212,0.01));
#8148=CARTESIAN_POINT('',(0.,0.0212,0.01));
#8149=CARTESIAN_POINT('',(-0.019,0.019,0.018602));
#8150=CARTESIAN_POINT('',(-0.0212,0.019,0.018602));
#8151=CARTESIAN_POINT('',(-0.0212,0.019,0.01));
#8152=CARTESIAN_POINT('',(-0.019,0.019,0.01));
#8153=CARTESIAN_POINT('',(-0.0212,3.46944695195361E-18,0.018602));
#8154=CARTESIAN_POINT('',(-0.0212,-0.019,0.018602));
#8155=CARTESIAN_POINT('',(-0.0212,-0.019,0.01));
#8156=CARTESIAN_POINT('',(-0.0212,3.46944695195361E-18,0.01));
#8157=CARTESIAN_POINT('',(-0.019,-0.019,0.018602));
#8158=CARTESIAN_POINT('',(-0.019,-0.0212,0.018602));
#8159=CARTESIAN_POINT('',(-0.019,-0.0212,0.01));
#8160=CARTESIAN_POINT('',(-0.019,-0.019,0.01));
#8161=CARTESIAN_POINT('',(3.46944695195361E-18,-0.0212,0.018602));
#8162=CARTESIAN_POINT('',(0.019,-0.0212,0.018602));
#8163=CARTESIAN_POINT('',(0.019,-0.0212,0.01));
#8164=CARTESIAN_POINT('',(3.46944695195361E-18,-0.0212,0.01));
#8165=CARTESIAN_POINT('',(0.019,-0.019,0.018602));
#8166=CARTESIAN_POINT('',(0.0212,-0.019,0.018602));
#8167=CARTESIAN_POINT('',(0.0212,-0.019,0.01));
#8168=CARTESIAN_POINT('',(0.019,-0.019,0.01));
#8169=CARTESIAN_POINT('',(0.0212,0.,0.018602));
#8170=CARTESIAN_POINT('',(0.0212,0.,0.01));
#8171=CARTESIAN_POINT('',(6.93889390390723E-18,3.46944695195361E-18,0.01));
#8172=CARTESIAN_POINT('',(0.0199,0.0179125287830829,0.01));
#8173=CARTESIAN_POINT('',(0.0193,0.0168250575661659,0.01));
#8174=CARTESIAN_POINT('',(0.0193,-0.00108747121691704,0.01));
#8175=CARTESIAN_POINT('',(0.0193,-0.019,0.01));
#8176=CARTESIAN_POINT('',(0.019,-0.019,0.01));
#8177=CARTESIAN_POINT('',(0.019,-0.0193,0.01));
#8178=CARTESIAN_POINT('',(0.,-0.0193,0.01));
#8179=CARTESIAN_POINT('',(-0.019,-0.0193,0.01));
#8180=CARTESIAN_POINT('',(-0.019,-0.019,0.01));
#8181=CARTESIAN_POINT('',(-0.0193,-0.019,0.01));
#8182=CARTESIAN_POINT('',(-0.0193,-0.00108747121691704,0.01));
#8183=CARTESIAN_POINT('',(-0.0193,0.0168250575661659,0.01));
#8184=CARTESIAN_POINT('',(-0.0199,0.0179125287830829,0.01));
#8185=CARTESIAN_POINT('',(-0.0042,0.0137,0.01));
#8186=CARTESIAN_POINT('',(-0.0042,0.0137,0.009998));
#8187=CARTESIAN_POINT('',(-0.0269752202331361,0.0270244764830963,0.0157715728752538));
#8188=CARTESIAN_POINT('',(-0.0269752202331361,0.0270244764830963,0.0157715728752538));
#8189=CARTESIAN_POINT('',(-0.0269752202331361,0.0256014362219044,0.0147530168311271));
#8190=CARTESIAN_POINT('',(-0.0269752202331361,0.0270244764830963,0.0157715728752538));
#8191=CARTESIAN_POINT('',(-0.0269752202331361,0.0270244764830963,0.0157715728752538));
#8192=CARTESIAN_POINT('',(-0.0269752202331361,0.0262113106195581,0.0151895408500386));
#8193=CARTESIAN_POINT('',(-0.0281109718671893,0.0281885504608767,0.0141452272785247));
#8194=CARTESIAN_POINT('',(-0.0281109718671893,0.0281885504608767,0.0141452272785247));
#8195=CARTESIAN_POINT('',(-0.0281109718671893,0.0281885504608767,0.0141452272785248));
#8196=CARTESIAN_POINT('',(-0.0281109718671893,0.0281885504608767,0.0141452272785247));
#8197=CARTESIAN_POINT('',(-0.0315676072751774,0.0317313843062952,0.00919547981021892));
#8198=CARTESIAN_POINT('',(-0.0270244764830963,-0.0269752202331361,0.0157715728752538));
#8199=CARTESIAN_POINT('',(-0.0270244764830963,-0.0269752202331361,0.0157715728752538));
#8200=CARTESIAN_POINT('',(-0.0256014362219044,-0.0269752202331361,0.0147530168311271));
#8201=CARTESIAN_POINT('',(-0.0270244764830963,-0.0269752202331361,0.0157715728752538));
#8202=CARTESIAN_POINT('',(-0.0270244764830963,-0.026975220233136,0.0157715728752538));
#8203=CARTESIAN_POINT('',(-0.0262113106195581,-0.026975220233136,0.0151895408500386));
#8204=CARTESIAN_POINT('',(-0.0281885504608767,-0.0281109718671893,0.0141452272785247));
#8205=CARTESIAN_POINT('',(-0.0281885504608767,-0.0281109718671893,0.0141452272785247));
#8206=CARTESIAN_POINT('',(-0.0281885504608767,-0.0281109718671893,0.0141452272785248));
#8207=CARTESIAN_POINT('',(-0.0281885504608767,-0.0281109718671893,0.0141452272785247));
#8208=CARTESIAN_POINT('',(-0.0317313843062952,-0.0315676072751774,0.00919547981021892));
#8209=CARTESIAN_POINT('',(0.0281109718671893,-0.0281885504608767,0.0141452272785247));
#8210=CARTESIAN_POINT('',(0.026975220233136,-0.0270244764830963,0.0157715728752538));
#8211=CARTESIAN_POINT('',(0.026975220233136,-0.0262113106195581,0.0151895408500386));
#8212=CARTESIAN_POINT('',(0.0281109718671893,-0.0281885504608767,0.0141452272785247));
#8213=CARTESIAN_POINT('',(0.0281109718671893,-0.0281885504608767,0.0141452272785248));
#8214=CARTESIAN_POINT('',(0.0281109718671893,-0.0281885504608767,0.0141452272785247));
#8215=CARTESIAN_POINT('',(0.0315676072751774,-0.0317313843062952,0.00919547981021892));
#8216=CARTESIAN_POINT('',(0.0269752202331361,-0.0270244764830963,0.0157715728752538));
#8217=CARTESIAN_POINT('',(0.0269752202331361,-0.0270244764830963,0.0157715728752538));
#8218=CARTESIAN_POINT('',(0.0269752202331361,-0.0256014362219044,0.0147530168311271));
#8219=CARTESIAN_POINT('',(0.0269752202331361,-0.0270244764830963,0.0157715728752538));
#8220=CARTESIAN_POINT('',(0.0281885504608767,0.0281109718671893,0.0141452272785247));
#8221=CARTESIAN_POINT('',(0.0270244764830963,0.0269752202331361,0.0157715728752538));
#8222=CARTESIAN_POINT('',(0.0262113106195581,0.0269752202331361,0.0151895408500386));
#8223=CARTESIAN_POINT('',(0.0281885504608767,0.0281109718671893,0.0141452272785247));
#8224=CARTESIAN_POINT('',(0.0281885504608767,0.0281109718671893,0.0141452272785248));
#8225=CARTESIAN_POINT('',(0.0281885504608767,0.0281109718671893,0.0141452272785247));
#8226=CARTESIAN_POINT('',(0.0317313843062952,0.0315676072751774,0.00919547981021892));
#8227=CARTESIAN_POINT('',(0.0270244764830963,0.0269752202331361,0.0157715728752538));
#8228=CARTESIAN_POINT('',(0.0270244764830963,0.0269752202331361,0.0157715728752538));
#8229=CARTESIAN_POINT('',(0.0256014362219044,0.0269752202331361,0.0147530168311271));
#8230=CARTESIAN_POINT('',(0.0270244764830963,0.0269752202331361,0.0157715728752538));
#8231=CARTESIAN_POINT('',(3.46944695195361E-18,3.46944695195361E-18,0.0056));
#8232=CARTESIAN_POINT('',(-0.01375,0.00255,0.0056));
#8233=CARTESIAN_POINT('',(0.01425,0.00255,0.0056));
#8234=CARTESIAN_POINT('',(-0.01425,0.00255,0.0056));
#8235=CARTESIAN_POINT('',(-0.01425,3.46944695195361E-18,0.0056));
#8236=CARTESIAN_POINT('',(-0.01425,0.01755,0.0056));
#8237=CARTESIAN_POINT('',(1.25530898807049E-18,0.01755,0.0056));
#8238=CARTESIAN_POINT('',(0.01425,0.01755,0.0056));
#8239=CARTESIAN_POINT('',(0.01425,0.00305,0.0056));
#8240=CARTESIAN_POINT('',(0.,-0.0026,0.0056));
#8241=CARTESIAN_POINT('',(0.004,-0.0026,0.0056));
#8242=CARTESIAN_POINT('',(0.00875,-0.0024,0.0056));
#8243=CARTESIAN_POINT('',(0.00875,-0.0038,0.0056));
#8244=CARTESIAN_POINT('',(0.00735,-0.0024,0.0056));
#8245=CARTESIAN_POINT('',(0.00735,-0.00205,0.0056));
#8246=CARTESIAN_POINT('',(0.00735,-0.0017,0.0056));
#8247=CARTESIAN_POINT('',(0.00875,-0.0017,0.0056));
#8248=CARTESIAN_POINT('',(0.00875,-0.0003,0.0056));
#8249=CARTESIAN_POINT('',(0.01195,-0.0003,0.0056));
#8250=CARTESIAN_POINT('',(0.01515,-0.0003,0.0056));
#8251=CARTESIAN_POINT('',(0.01515,-0.0017,0.0056));
#8252=CARTESIAN_POINT('',(0.01655,-0.0017,0.0056));
#8253=CARTESIAN_POINT('',(0.01655,-0.00205,0.0056));
#8254=CARTESIAN_POINT('',(0.01655,-0.0024,0.0056));
#8255=CARTESIAN_POINT('',(0.01515,-0.0024,0.0056));
#8256=CARTESIAN_POINT('',(0.01515,-0.0038,0.0056));
#8257=CARTESIAN_POINT('',(0.01195,-0.0038,0.0056));
#8258=CARTESIAN_POINT('',(-0.00535,-0.0131,0.0056));
#8259=CARTESIAN_POINT('',(-0.00535,-0.0162,0.0056));
#8260=CARTESIAN_POINT('',(-0.00535,-0.01,0.0056));
#8261=CARTESIAN_POINT('',(-0.0122,-0.0162,0.0056));
#8262=CARTESIAN_POINT('',(-0.01905,-0.0162,0.0056));
#8263=CARTESIAN_POINT('',(-0.01905,-0.0131,0.0056));
#8264=CARTESIAN_POINT('',(-0.01905,-0.01,0.0056));
#8265=CARTESIAN_POINT('',(-0.0122,-0.01,0.0056));
#8266=CARTESIAN_POINT('',(0.0122,-0.0162,0.0056));
#8267=CARTESIAN_POINT('',(0.01905,-0.0162,0.0056));
#8268=CARTESIAN_POINT('',(0.00535,-0.0162,0.0056));
#8269=CARTESIAN_POINT('',(0.00535,-0.0131,0.0056));
#8270=CARTESIAN_POINT('',(0.00535,-0.01,0.0056));
#8271=CARTESIAN_POINT('',(0.0122,-0.01,0.0056));
#8272=CARTESIAN_POINT('',(0.01905,-0.01,0.0056));
#8273=CARTESIAN_POINT('',(0.01905,-0.0131,0.0056));
#8274=CARTESIAN_POINT('',(-0.01515,-0.0017,0.0056));
#8275=CARTESIAN_POINT('',(-0.01515,-0.0003,0.0056));
#8276=CARTESIAN_POINT('',(-0.01655,-0.0017,0.0056));
#8277=CARTESIAN_POINT('',(-0.01195,-0.0003,0.0056));
#8278=CARTESIAN_POINT('',(-0.00875,-0.0003,0.0056));
#8279=CARTESIAN_POINT('',(-0.00875,-0.0017,0.0056));
#8280=CARTESIAN_POINT('',(-0.00735,-0.0017,0.0056));
#8281=CARTESIAN_POINT('',(-0.00735,-0.00205,0.0056));
#8282=CARTESIAN_POINT('',(-0.00735,-0.0024,0.0056));
#8283=CARTESIAN_POINT('',(-0.00875,-0.0024,0.0056));
#8284=CARTESIAN_POINT('',(-0.00875,-0.0038,0.0056));
#8285=CARTESIAN_POINT('',(-0.01195,-0.0038,0.0056));
#8286=CARTESIAN_POINT('',(-0.01515,-0.0038,0.0056));
#8287=CARTESIAN_POINT('',(-0.01515,-0.0024,0.0056));
#8288=CARTESIAN_POINT('',(-0.01655,-0.0024,0.0056));
#8289=CARTESIAN_POINT('',(-0.01655,-0.00205,0.0056));
#8290=CARTESIAN_POINT('',(-0.0199,0.0179125287830829,0.0056));
#8291=CARTESIAN_POINT('',(-0.0193,0.0168250575661659,0.0056));
#8292=CARTESIAN_POINT('',(-0.0193,-0.00108747121691704,0.0056));
#8293=CARTESIAN_POINT('',(-0.0193,-0.019,0.0056));
#8294=CARTESIAN_POINT('',(-0.019,-0.019,0.0056));
#8295=CARTESIAN_POINT('',(-0.019,-0.0193,0.0056));
#8296=CARTESIAN_POINT('',(0.,-0.0193,0.0056));
#8297=CARTESIAN_POINT('',(0.019,-0.0193,0.0056));
#8298=CARTESIAN_POINT('',(0.019,-0.019,0.0056));
#8299=CARTESIAN_POINT('',(0.0193,-0.019,0.0056));
#8300=CARTESIAN_POINT('',(0.0193,-0.00108747121691704,0.0056));
#8301=CARTESIAN_POINT('',(0.0193,0.0168250575661659,0.0056));
#8302=CARTESIAN_POINT('',(0.0199,0.0179125287830829,0.0056));
#8303=CARTESIAN_POINT('',(0.,0.01705,0.0056));
#8304=CARTESIAN_POINT('',(0.01375,0.01705,0.0056));
#8305=CARTESIAN_POINT('',(0.01375,0.01705,0.0026));
#8306=CARTESIAN_POINT('',(0.,0.01705,0.0026));
#8307=CARTESIAN_POINT('',(-0.01375,0.01705,0.0026));
#8308=CARTESIAN_POINT('',(-0.01375,0.01705,0.0056));
#8309=CARTESIAN_POINT('',(0.01375,0.01005,0.0056));
#8310=CARTESIAN_POINT('',(0.01375,0.00305,0.0056));
#8311=CARTESIAN_POINT('',(0.01375,0.00305,0.0026));
#8312=CARTESIAN_POINT('',(0.01375,0.01705,0.0026));
#8313=CARTESIAN_POINT('',(0.,0.00305,0.0056));
#8314=CARTESIAN_POINT('',(-0.01375,0.00305,0.0056));
#8315=CARTESIAN_POINT('',(-0.01375,0.00305,0.0026));
#8316=CARTESIAN_POINT('',(0.01375,0.00305,0.0026));
#8317=CARTESIAN_POINT('',(-0.01515,-0.0017,0.0056));
#8318=CARTESIAN_POINT('',(-0.01515,-0.0003,0.0056));
#8319=CARTESIAN_POINT('',(-0.01655,-0.0017,0.0056));
#8320=CARTESIAN_POINT('',(-0.01195,-0.0003,0.0056));
#8321=CARTESIAN_POINT('',(-0.00875,-0.0003,0.0056));
#8322=CARTESIAN_POINT('',(-0.00875,-0.0017,0.0056));
#8323=CARTESIAN_POINT('',(-0.00735,-0.0017,0.0056));
#8324=CARTESIAN_POINT('',(-0.00735,-0.00205,0.0056));
#8325=CARTESIAN_POINT('',(-0.00735,-0.0024,0.0056));
#8326=CARTESIAN_POINT('',(-0.00875,-0.0024,0.0056));
#8327=CARTESIAN_POINT('',(-0.00875,-0.0038,0.0056));
#8328=CARTESIAN_POINT('',(-0.01195,-0.0038,0.0056));
#8329=CARTESIAN_POINT('',(-0.01515,-0.0038,0.0056));
#8330=CARTESIAN_POINT('',(-0.01515,-0.0024,0.0056));
#8331=CARTESIAN_POINT('',(-0.01655,-0.0024,0.0056));
#8332=CARTESIAN_POINT('',(0.0122,-0.0162,0.0056));
#8333=CARTESIAN_POINT('',(0.00535,-0.0162,0.0056));
#8334=CARTESIAN_POINT('',(0.01905,-0.0162,0.0056));
#8335=CARTESIAN_POINT('',(0.00535,-0.0131,0.0056));
#8336=CARTESIAN_POINT('',(0.00535,-0.01,0.0056));
#8337=CARTESIAN_POINT('',(0.0122,-0.01,0.0056));
#8338=CARTESIAN_POINT('',(0.01905,-0.01,0.0056));
#8339=CARTESIAN_POINT('',(-0.00535,-0.0131,0.0056));
#8340=CARTESIAN_POINT('',(-0.00535,-0.0162,0.0056));
#8341=CARTESIAN_POINT('',(-0.00535,-0.01,0.0056));
#8342=CARTESIAN_POINT('',(-0.0122,-0.0162,0.0056));
#8343=CARTESIAN_POINT('',(-0.01905,-0.0162,0.0056));
#8344=CARTESIAN_POINT('',(-0.01905,-0.0131,0.0056));
#8345=CARTESIAN_POINT('',(-0.01905,-0.01,0.0056));
#8346=CARTESIAN_POINT('',(0.00875,-0.0024,0.0056));
#8347=CARTESIAN_POINT('',(0.00735,-0.0024,0.0056));
#8348=CARTESIAN_POINT('',(0.00875,-0.0038,0.0056));
#8349=CARTESIAN_POINT('',(0.00735,-0.00205,0.0056));
#8350=CARTESIAN_POINT('',(0.00735,-0.0017,0.0056));
#8351=CARTESIAN_POINT('',(0.00875,-0.0017,0.0056));
#8352=CARTESIAN_POINT('',(0.00875,-0.0003,0.0056));
#8353=CARTESIAN_POINT('',(0.01195,-0.0003,0.0056));
#8354=CARTESIAN_POINT('',(0.01515,-0.0003,0.0056));
#8355=CARTESIAN_POINT('',(0.01515,-0.0017,0.0056));
#8356=CARTESIAN_POINT('',(0.01655,-0.0017,0.0056));
#8357=CARTESIAN_POINT('',(0.01655,-0.00205,0.0056));
#8358=CARTESIAN_POINT('',(0.01655,-0.0024,0.0056));
#8359=CARTESIAN_POINT('',(0.01515,-0.0024,0.0056));
#8360=CARTESIAN_POINT('',(0.01515,-0.0038,0.0056));
#8361=CARTESIAN_POINT('',(-0.01655,-0.00205,0.0056));
#8362=CARTESIAN_POINT('',(0.01905,-0.0131,0.0056));
#8363=CARTESIAN_POINT('',(-0.0122,-0.01,0.0056));
#8364=CARTESIAN_POINT('',(0.01195,-0.0038,0.0056));
#8365=CARTESIAN_POINT('',(-0.01375,0.01005,0.0056));
#8366=CARTESIAN_POINT('',(-0.01375,0.01005,0.0026));
#8367=CARTESIAN_POINT('',(0.,-0.0026,0.0016));
#8368=CARTESIAN_POINT('',(0.,-0.0026,0.0016));
#8369=CARTESIAN_POINT('',(0.004,-0.0026,0.0016));
#8370=CARTESIAN_POINT('',(3.46944695195361E-18,3.46944695195361E-18,0.0016));
#8371=CARTESIAN_POINT('',(-0.0199,0.0179125287830829,0.01));
#8372=CARTESIAN_POINT('',(-0.0193,0.0168250575661659,0.01));
#8373=CARTESIAN_POINT('',(0.0199,0.0179125287830829,0.01));
#8374=CARTESIAN_POINT('',(0.0193,0.0168250575661659,0.01));
#8375=CARTESIAN_POINT('',(0.0193,-0.00108747121691704,0.01));
#8376=CARTESIAN_POINT('',(0.0193,-0.019,0.01));
#8377=CARTESIAN_POINT('',(0.019,-0.019,0.01));
#8378=CARTESIAN_POINT('',(0.019,-0.0193,0.01));
#8379=CARTESIAN_POINT('',(0.,-0.0193,0.01));
#8380=CARTESIAN_POINT('',(-0.019,-0.0193,0.01));
#8381=CARTESIAN_POINT('',(-0.019,-0.019,0.01));
#8382=CARTESIAN_POINT('',(-0.0193,-0.019,0.01));
#8383=CARTESIAN_POINT('',(-0.0193,-0.00108747121691704,0.01));
#8384=CARTESIAN_POINT('',(0.01425,3.46944695195361E-18,0.0056));
#8385=CARTESIAN_POINT('',(0.0143171052631579,0.0024828947368421,0.00600263157894737));
#8386=CARTESIAN_POINT('',(0.0133881578947368,0.0166881578947368,0.000428947368421051));
#8387=CARTESIAN_POINT('',(0.,0.01705,0.0026));
#8388=CARTESIAN_POINT('',(-0.0135657894736842,0.0168657894736842,0.00149473684210526));
#8389=CARTESIAN_POINT('',(3.147734598227E-18,0.00255,0.0056));
#8390=CARTESIAN_POINT('',(-0.0135657894736842,0.00323421052631579,0.00149473684210526));
#8391=CARTESIAN_POINT('',(-0.01375,0.01005,0.0026));
#8392=CARTESIAN_POINT('',(0.,0.,0.));
#8393=CARTESIAN_POINT('',(0.,-0.0026,0.001));
#8394=CARTESIAN_POINT('',(0.,-0.0026,-0.0009));
#8395=CARTESIAN_POINT('',(-0.003,-0.0026,-0.0009));
#8396=CARTESIAN_POINT('',(0.,-0.0026,0.001));
#8397=CARTESIAN_POINT('',(-0.003,-0.0026,0.001));
#8398=CARTESIAN_POINT('',(0.,3.46944695195361E-18,-0.0015));
#8399=CARTESIAN_POINT('',(0.,-0.0026,-0.0015));
#8400=CARTESIAN_POINT('',(-0.0024,-0.0026,-0.0015));
#8401=CARTESIAN_POINT('',(0.,-0.0026,-0.0009));
#8402=CARTESIAN_POINT('',(0.,-0.0026,0.004));
#8403=CARTESIAN_POINT('',(0.,-0.0026,0.004));
#8404=CARTESIAN_POINT('',(0.00375,-0.0026,0.004));
#8405=CARTESIAN_POINT('',(0.,-0.0026,0.001));
#8406=CARTESIAN_POINT('',(0.00375,-0.0026,0.001));
#8407=CARTESIAN_POINT('',(0.,-0.0026,0.004));
#8408=CARTESIAN_POINT('',(0.,-0.0026,0.001));
#8409=CARTESIAN_POINT('',(0.,0.,0.));
#8410=CARTESIAN_POINT('',(-0.0201,-0.0105,0.017));
#8411=CARTESIAN_POINT('',(-0.0201,-0.0105,0.01));
#8412=CARTESIAN_POINT('',(-0.0201,-0.002,0.01));
#8413=CARTESIAN_POINT('',(-0.0201,-0.019,0.01));
#8414=CARTESIAN_POINT('',(-0.0201,-0.002,0.017));
#8415=CARTESIAN_POINT('',(-0.0201,-0.002,0.017));
#8416=CARTESIAN_POINT('',(-0.0201,-0.0105,0.017));
#8417=CARTESIAN_POINT('',(-0.0201,-0.019,0.017));
#8418=CARTESIAN_POINT('',(-0.0201,-0.019,0.017));
#8419=CARTESIAN_POINT('',(0.,-0.002,0.017));
#8420=CARTESIAN_POINT('',(0.,-0.002,0.01));
#8421=CARTESIAN_POINT('',(0.0201,-0.002,0.01));
#8422=CARTESIAN_POINT('',(0.0201,-0.002,0.017));
#8423=CARTESIAN_POINT('',(0.0201,-0.002,0.017));
#8424=CARTESIAN_POINT('',(0.,-0.002,0.017));
#8425=CARTESIAN_POINT('',(0.0201,-0.0105,0.017));
#8426=CARTESIAN_POINT('',(0.0201,-0.0105,0.01));
#8427=CARTESIAN_POINT('',(0.0201,-0.019,0.01));
#8428=CARTESIAN_POINT('',(0.0201,-0.019,0.017));
#8429=CARTESIAN_POINT('',(0.0201,-0.019,0.017));
#8430=CARTESIAN_POINT('',(0.0201,-0.0105,0.017));
#8431=CARTESIAN_POINT('',(0.019,-0.019,0.017));
#8432=CARTESIAN_POINT('',(0.019,-0.019,0.01));
#8433=CARTESIAN_POINT('',(0.019,-0.0201,0.01));
#8434=CARTESIAN_POINT('',(0.019,-0.0201,0.017));
#8435=CARTESIAN_POINT('',(0.019,-0.0201,0.017));
#8436=CARTESIAN_POINT('',(0.019,-0.019,0.017));
#8437=CARTESIAN_POINT('',(3.46944695195361E-18,-0.0201,0.017));
#8438=CARTESIAN_POINT('',(3.46944695195361E-18,-0.0201,0.01));
#8439=CARTESIAN_POINT('',(-0.019,-0.0201,0.01));
#8440=CARTESIAN_POINT('',(-0.019,-0.0201,0.017));
#8441=CARTESIAN_POINT('',(-0.019,-0.0201,0.017));
#8442=CARTESIAN_POINT('',(3.46944695195361E-18,-0.0201,0.017));
#8443=CARTESIAN_POINT('',(0.0206,0.019,0.017));
#8444=CARTESIAN_POINT('',(0.0206,0.019,0.01));
#8445=CARTESIAN_POINT('',(0.0201,0.019,0.01));
#8446=CARTESIAN_POINT('',(0.0211,0.019,0.01));
#8447=CARTESIAN_POINT('',(0.0201,0.019,0.017));
#8448=CARTESIAN_POINT('',(0.0201,0.019,0.017));
#8449=CARTESIAN_POINT('',(0.0206,0.019,0.017));
#8450=CARTESIAN_POINT('',(0.0211,0.019,0.017));
#8451=CARTESIAN_POINT('',(0.0211,0.019,0.017));
#8452=CARTESIAN_POINT('',(0.0201,0.0095,0.017));
#8453=CARTESIAN_POINT('',(0.0201,0.0095,0.01));
#8454=CARTESIAN_POINT('',(0.0201,-3.46944695195361E-18,0.01));
#8455=CARTESIAN_POINT('',(0.0201,-3.46944695195361E-18,0.017));
#8456=CARTESIAN_POINT('',(0.0201,-3.46944695195361E-18,0.017));
#8457=CARTESIAN_POINT('',(0.0201,0.0095,0.017));
#8458=CARTESIAN_POINT('',(0.,0.,0.017));
#8459=CARTESIAN_POINT('',(0.,0.,0.01));
#8460=CARTESIAN_POINT('',(-0.0201,3.46944695195361E-18,0.01));
#8461=CARTESIAN_POINT('',(-0.0201,3.46944695195361E-18,0.017));
#8462=CARTESIAN_POINT('',(-0.0201,3.46944695195361E-18,0.017));
#8463=CARTESIAN_POINT('',(0.,0.,0.017));
#8464=CARTESIAN_POINT('',(-0.0201,0.0095,0.017));
#8465=CARTESIAN_POINT('',(-0.0201,0.0095,0.01));
#8466=CARTESIAN_POINT('',(-0.0201,0.019,0.01));
#8467=CARTESIAN_POINT('',(-0.0201,0.019,0.017));
#8468=CARTESIAN_POINT('',(-0.0201,0.019,0.017));
#8469=CARTESIAN_POINT('',(-0.0201,0.0095,0.017));
#8470=CARTESIAN_POINT('',(-0.0206,0.019,0.017));
#8471=CARTESIAN_POINT('',(-0.0206,0.019,0.01));
#8472=CARTESIAN_POINT('',(-0.0211,0.019,0.01));
#8473=CARTESIAN_POINT('',(-0.0211,0.019,0.017));
#8474=CARTESIAN_POINT('',(-0.0211,0.019,0.017));
#8475=CARTESIAN_POINT('',(-0.0206,0.019,0.017));
#8476=CARTESIAN_POINT('',(-0.0211,3.46944695195361E-18,0.017));
#8477=CARTESIAN_POINT('',(-0.0211,3.46944695195361E-18,0.01));
#8478=CARTESIAN_POINT('',(-0.0211,-0.019,0.01));
#8479=CARTESIAN_POINT('',(-0.0211,-0.019,0.017));
#8480=CARTESIAN_POINT('',(-0.0211,-0.019,0.017));
#8481=CARTESIAN_POINT('',(-0.0211,3.46944695195361E-18,0.017));
#8482=CARTESIAN_POINT('',(-0.019,-0.019,0.017));
#8483=CARTESIAN_POINT('',(-0.019,-0.019,0.01));
#8484=CARTESIAN_POINT('',(-0.019,-0.0211,0.01));
#8485=CARTESIAN_POINT('',(-0.019,-0.0211,0.017));
#8486=CARTESIAN_POINT('',(-0.019,-0.0211,0.017));
#8487=CARTESIAN_POINT('',(-0.019,-0.019,0.017));
#8488=CARTESIAN_POINT('',(3.46944695195361E-18,-0.0211,0.017));
#8489=CARTESIAN_POINT('',(3.46944695195361E-18,-0.0211,0.01));
#8490=CARTESIAN_POINT('',(0.019,-0.0211,0.01));
#8491=CARTESIAN_POINT('',(0.019,-0.0211,0.017));
#8492=CARTESIAN_POINT('',(0.019,-0.0211,0.017));
#8493=CARTESIAN_POINT('',(3.46944695195361E-18,-0.0211,0.017));
#8494=CARTESIAN_POINT('',(0.019,-0.019,0.017));
#8495=CARTESIAN_POINT('',(0.019,-0.019,0.01));
#8496=CARTESIAN_POINT('',(0.0211,-0.019,0.01));
#8497=CARTESIAN_POINT('',(0.0211,-0.019,0.017));
#8498=CARTESIAN_POINT('',(0.0211,-0.019,0.017));
#8499=CARTESIAN_POINT('',(0.019,-0.019,0.017));
#8500=CARTESIAN_POINT('',(0.0211,-3.46944695195361E-18,0.017));
#8501=CARTESIAN_POINT('',(0.0211,-3.46944695195361E-18,0.01));
#8502=CARTESIAN_POINT('',(0.0211,-3.46944695195361E-18,0.017));
#8503=CARTESIAN_POINT('',(-0.019,-0.019,0.017));
#8504=CARTESIAN_POINT('',(-0.019,-0.019,0.01));
#8505=CARTESIAN_POINT('',(-0.019,-0.019,0.017));
#8506=CARTESIAN_POINT('',(3.46944695195361E-18,-0.0011,0.017));
#8507=CARTESIAN_POINT('',(3.46944695195361E-18,-0.0011,0.01));
#8508=CARTESIAN_POINT('',(0.,0.,0.));
#8509=CARTESIAN_POINT('',(0.019,0.0212,0.01));
#8510=CARTESIAN_POINT('',(0.019,0.0212,0.01));
#8511=CARTESIAN_POINT('',(0.019,0.0424208185482976,0.0226));
#8512=CARTESIAN_POINT('',(0.019,0.0357842608578232,0.0186595004047718));
#8513=CARTESIAN_POINT('',(0.019,0.0254944240212859,0.00639655038762019));
#8514=CARTESIAN_POINT('',(0.019,0.035589779883966,0.0184277270054864));
#8515=CARTESIAN_POINT('',(0.019,0.019,0.00857743654368223));
#8516=CARTESIAN_POINT('',(0.019,0.0426166884673419,0.0226));
#8517=CARTESIAN_POINT('',(0.019,0.0212,0.0226));
#8518=CARTESIAN_POINT('',(-0.019,0.0212,0.01));
#8519=CARTESIAN_POINT('',(-0.019,0.0212,0.01));
#8520=CARTESIAN_POINT('',(-0.019,0.0424208185482976,0.0226));
#8521=CARTESIAN_POINT('',(-0.019,0.0357842608578232,0.0186595004047718));
#8522=CARTESIAN_POINT('',(-0.019,0.0212,0.0226));
#8523=CARTESIAN_POINT('',(-0.019,0.0426166884673419,0.0226));
#8524=CARTESIAN_POINT('',(-0.019,0.019,0.00857743654368224));
#8525=CARTESIAN_POINT('',(-0.019,0.0355897798839661,0.0184277270054864));
#8526=CARTESIAN_POINT('',(-0.019,0.020576604444312,0.000535721239031402));
#8527=CARTESIAN_POINT('',(-6.93889390390723E-18,0.,0.0226));
#8528=CARTESIAN_POINT('',(0.0449142135623731,-0.0419142135623731,0.0226));
#8529=CARTESIAN_POINT('',(0.0474142135623731,-0.0419142135623731,0.0226));
#8530=CARTESIAN_POINT('',(-0.0449142135623731,-0.0419142135623731,0.0226));
#8531=CARTESIAN_POINT('',(-0.0424142135623731,-0.0419142135623731,0.0226));
#8532=CARTESIAN_POINT('',(-0.0449142135623731,0.0419142135623731,0.0226));
#8533=CARTESIAN_POINT('',(-0.0424142135623731,0.0419142135623731,0.0226));
#8534=CARTESIAN_POINT('',(0.0449142135623731,0.0419142135623731,0.0226));
#8535=CARTESIAN_POINT('',(0.0474142135623731,0.0419142135623731,0.0226));
#8536=CARTESIAN_POINT('',(-0.0042,0.0137,0.0226));
#8537=CARTESIAN_POINT('',(-0.0169327489635891,0.0424208185482976,0.0226));
#8538=CARTESIAN_POINT('',(0.00853274896358913,0.0424208185482976,0.0226));
#8539=CARTESIAN_POINT('',(-6.93889390390723E-18,0.0424208185482976,0.0226));
#8540=CARTESIAN_POINT('',(0.019,0.019,0.0226));
#8541=CARTESIAN_POINT('',(0.0426166884673419,0.019,0.0226));
#8542=CARTESIAN_POINT('',(0.0426166884673419,0.,0.0226));
#8543=CARTESIAN_POINT('',(0.0426166884673419,-0.019,0.0226));
#8544=CARTESIAN_POINT('',(0.019,-0.019,0.0226));
#8545=CARTESIAN_POINT('',(0.019,-0.0426166884673419,0.0226));
#8546=CARTESIAN_POINT('',(-6.93889390390723E-18,-0.0426166884673419,0.0226));
#8547=CARTESIAN_POINT('',(-0.019,-0.0426166884673419,0.0226));
#8548=CARTESIAN_POINT('',(-0.019,-0.019,0.0226));
#8549=CARTESIAN_POINT('',(-0.0426166884673419,-0.019,0.0226));
#8550=CARTESIAN_POINT('',(-0.0426166884673419,0.,0.0226));
#8551=CARTESIAN_POINT('',(-0.0426166884673419,0.019,0.0226));
#8552=CARTESIAN_POINT('',(-0.019,0.019,0.0226));
#8553=CARTESIAN_POINT('',(-6.93889390390723E-18,0.0424208185482976,0.0226));
#8554=CARTESIAN_POINT('',(-0.046,0.043,0.0226));
#8555=CARTESIAN_POINT('',(-0.046,0.0452,0.0226));
#8556=CARTESIAN_POINT('',(-0.0482,0.043,0.0226));
#8557=CARTESIAN_POINT('',(-0.0482,6.93889390390723E-18,0.0226));
#8558=CARTESIAN_POINT('',(-0.0482,-0.043,0.0226));
#8559=CARTESIAN_POINT('',(-0.046,-0.043,0.0226));
#8560=CARTESIAN_POINT('',(-0.046,-0.0452,0.0226));
#8561=CARTESIAN_POINT('',(-6.93889390390723E-18,-0.0452,0.0226));
#8562=CARTESIAN_POINT('',(0.046,-0.0452,0.0226));
#8563=CARTESIAN_POINT('',(0.046,-0.043,0.0226));
#8564=CARTESIAN_POINT('',(0.0482,-0.043,0.0226));
#8565=CARTESIAN_POINT('',(0.0482,-6.93889390390723E-18,0.0226));
#8566=CARTESIAN_POINT('',(0.0482,0.043,0.0226));
#8567=CARTESIAN_POINT('',(0.046,0.043,0.0226));
#8568=CARTESIAN_POINT('',(0.046,0.0452,0.0226));
#8569=CARTESIAN_POINT('',(6.93889390390723E-18,0.0452,0.0226));
#8570=CARTESIAN_POINT('',(-6.93889390390723E-18,-0.047,0.0226));
#8571=CARTESIAN_POINT('',(-0.03,-0.047,0.0156));
#8572=CARTESIAN_POINT('',(-0.03,-0.047,0.0156));
#8573=CARTESIAN_POINT('',(-0.03,-0.047,0.0086));
#8574=CARTESIAN_POINT('',(0.03,-0.047,0.0086));
#8575=CARTESIAN_POINT('',(0.03,-0.047,0.0086));
#8576=CARTESIAN_POINT('',(0.03,-0.047,0.0156));
#8577=CARTESIAN_POINT('',(0.03,-0.047,0.0156));
#8578=CARTESIAN_POINT('',(0.048,-0.047,0.0156));
#8579=CARTESIAN_POINT('',(0.046,-0.047,0.0156));
#8580=CARTESIAN_POINT('',(0.046,-0.047,0.0226));
#8581=CARTESIAN_POINT('',(0.046,-0.047,0.0226));
#8582=CARTESIAN_POINT('',(-6.93889390390723E-18,-0.047,0.0226));
#8583=CARTESIAN_POINT('',(-0.046,-0.047,0.0226));
#8584=CARTESIAN_POINT('',(-0.046,-0.047,0.0226));
#8585=CARTESIAN_POINT('',(-0.046,-0.047,0.0156));
#8586=CARTESIAN_POINT('',(-0.048,-0.047,0.0156));
#8587=CARTESIAN_POINT('',(-0.05,6.93889390390723E-18,0.0226));
#8588=CARTESIAN_POINT('',(-0.05,0.027,0.0156));
#8589=CARTESIAN_POINT('',(-0.05,0.027,0.0156));
#8590=CARTESIAN_POINT('',(-0.05,0.027,0.0086));
#8591=CARTESIAN_POINT('',(-0.05,6.93889390390723E-18,0.0086));
#8592=CARTESIAN_POINT('',(-0.05,-0.027,0.0086));
#8593=CARTESIAN_POINT('',(-0.05,-0.027,0.0156));
#8594=CARTESIAN_POINT('',(-0.05,-0.027,0.0156));
#8595=CARTESIAN_POINT('',(-0.05,-0.045,0.0156));
#8596=CARTESIAN_POINT('',(-0.05,-0.043,0.0156));
#8597=CARTESIAN_POINT('',(-0.05,-0.043,0.0226));
#8598=CARTESIAN_POINT('',(-0.05,-0.043,0.0226));
#8599=CARTESIAN_POINT('',(-0.05,6.93889390390723E-18,0.0226));
#8600=CARTESIAN_POINT('',(-0.05,0.043,0.0226));
#8601=CARTESIAN_POINT('',(-0.05,0.043,0.0226));
#8602=CARTESIAN_POINT('',(-0.05,0.043,0.0156));
#8603=CARTESIAN_POINT('',(-0.05,0.045,0.0156));
#8604=CARTESIAN_POINT('',(6.93889390390723E-18,0.047,0.0226));
#8605=CARTESIAN_POINT('',(0.03,0.047,0.0156));
#8606=CARTESIAN_POINT('',(0.03,0.047,0.0156));
#8607=CARTESIAN_POINT('',(0.03,0.047,0.0086));
#8608=CARTESIAN_POINT('',(-0.03,0.047,0.0086));
#8609=CARTESIAN_POINT('',(-0.03,0.047,0.0086));
#8610=CARTESIAN_POINT('',(-0.03,0.047,0.0156));
#8611=CARTESIAN_POINT('',(-0.03,0.047,0.0156));
#8612=CARTESIAN_POINT('',(-0.048,0.047,0.0156));
#8613=CARTESIAN_POINT('',(-0.046,0.047,0.0156));
#8614=CARTESIAN_POINT('',(-0.046,0.047,0.0226));
#8615=CARTESIAN_POINT('',(-0.046,0.047,0.0226));
#8616=CARTESIAN_POINT('',(6.93889390390723E-18,0.047,0.0226));
#8617=CARTESIAN_POINT('',(0.046,0.047,0.0226));
#8618=CARTESIAN_POINT('',(0.046,0.047,0.0226));
#8619=CARTESIAN_POINT('',(0.046,0.047,0.0156));
#8620=CARTESIAN_POINT('',(0.048,0.047,0.0156));
#8621=CARTESIAN_POINT('',(0.05,-1.38777878078145E-17,0.0226));
#8622=CARTESIAN_POINT('',(0.05,-0.027,0.0156));
#8623=CARTESIAN_POINT('',(0.05,-0.027,0.0156));
#8624=CARTESIAN_POINT('',(0.05,-0.027,0.0086));
#8625=CARTESIAN_POINT('',(0.05,0.027,0.0086));
#8626=CARTESIAN_POINT('',(0.05,0.027,0.0086));
#8627=CARTESIAN_POINT('',(0.05,0.027,0.0156));
#8628=CARTESIAN_POINT('',(0.05,0.027,0.0156));
#8629=CARTESIAN_POINT('',(0.05,0.045,0.0156));
#8630=CARTESIAN_POINT('',(0.05,0.043,0.0156));
#8631=CARTESIAN_POINT('',(0.05,0.043,0.0226));
#8632=CARTESIAN_POINT('',(0.05,0.043,0.0226));
#8633=CARTESIAN_POINT('',(0.05,-1.38777878078145E-17,0.0226));
#8634=CARTESIAN_POINT('',(0.05,-0.043,0.0226));
#8635=CARTESIAN_POINT('',(0.05,-0.043,0.0226));
#8636=CARTESIAN_POINT('',(0.05,-0.043,0.0156));
#8637=CARTESIAN_POINT('',(0.05,-0.045,0.0156));
#8638=CARTESIAN_POINT('',(0.046,-0.043,0.0226));
#8639=CARTESIAN_POINT('',(0.046,-0.043,0.0156));
#8640=CARTESIAN_POINT('',(0.046,-0.043,0.0226));
#8641=CARTESIAN_POINT('',(-0.046,-0.043,0.0226));
#8642=CARTESIAN_POINT('',(-0.046,-0.043,0.0156));
#8643=CARTESIAN_POINT('',(-0.046,-0.043,0.0226));
#8644=CARTESIAN_POINT('',(-0.046,0.043,0.0226));
#8645=CARTESIAN_POINT('',(-0.046,0.043,0.0156));
#8646=CARTESIAN_POINT('',(-0.046,0.043,0.0226));
#8647=CARTESIAN_POINT('',(0.046,0.043,0.0226));
#8648=CARTESIAN_POINT('',(0.046,0.043,0.0156));
#8649=CARTESIAN_POINT('',(0.046,0.043,0.0226));
#8650=CARTESIAN_POINT('',(-6.93889390390723E-18,0.,0.0006));
#8651=CARTESIAN_POINT('',(0.018,-0.047,0.0006));
#8652=CARTESIAN_POINT('',(0.018,-0.0300294372515229,0.0006));
#8653=CARTESIAN_POINT('',(0.018,-0.035,0.0006));
#8654=CARTESIAN_POINT('',(-0.03,-0.035,0.0006));
#8655=CARTESIAN_POINT('',(-0.018,-0.035,0.0006));
#8656=CARTESIAN_POINT('',(-0.018,-5.20417042793042E-18,0.0006));
#8657=CARTESIAN_POINT('',(-0.018,-0.0300294372515229,0.0006));
#8658=CARTESIAN_POINT('',(-0.0240147186257614,-0.0240147186257614,0.0006));
#8659=CARTESIAN_POINT('',(-0.0330294372515228,-0.015,0.0006));
#8660=CARTESIAN_POINT('',(-0.05,-0.015,0.0006));
#8661=CARTESIAN_POINT('',(-0.038,-0.015,0.0006));
#8662=CARTESIAN_POINT('',(-0.038,1.22640915510918E-17,0.0006));
#8663=CARTESIAN_POINT('',(-0.038,0.015,0.0006));
#8664=CARTESIAN_POINT('',(-2.60208521396521E-18,0.015,0.0006));
#8665=CARTESIAN_POINT('',(-0.0330294372515228,0.015,0.0006));
#8666=CARTESIAN_POINT('',(-0.0215147186257614,0.0265147186257614,0.0006));
#8667=CARTESIAN_POINT('',(-0.018,0.0300294372515229,0.0006));
#8668=CARTESIAN_POINT('',(-0.018,0.047,0.0006));
#8669=CARTESIAN_POINT('',(-0.018,0.035,0.0006));
#8670=CARTESIAN_POINT('',(0.03,0.035,0.0006));
#8671=CARTESIAN_POINT('',(0.018,0.035,0.0006));
#8672=CARTESIAN_POINT('',(0.018,1.04083408558608E-17,0.0006));
#8673=CARTESIAN_POINT('',(0.018,0.0300294372515229,0.0006));
#8674=CARTESIAN_POINT('',(0.0240147186257614,0.0240147186257614,0.0006));
#8675=CARTESIAN_POINT('',(0.0330294372515228,0.015,0.0006));
#8676=CARTESIAN_POINT('',(0.05,0.015,0.0006));
#8677=CARTESIAN_POINT('',(0.038,0.015,0.0006));
#8678=CARTESIAN_POINT('',(0.038,-0.027,0.0006));
#8679=CARTESIAN_POINT('',(0.038,-0.015,0.0006));
#8680=CARTESIAN_POINT('',(-6.93889390390723E-18,-0.015,0.0006));
#8681=CARTESIAN_POINT('',(0.0330294372515228,-0.015,0.0006));
#8682=CARTESIAN_POINT('',(0.0215147186257614,-0.0265147186257614,0.0006));
#8683=CARTESIAN_POINT('',(-6.93889390390723E-18,-0.0206305407289332,0.0006));
#8684=CARTESIAN_POINT('',(-0.019,-0.0206305407289332,0.0006));
#8685=CARTESIAN_POINT('',(0.019,-0.0206305407289332,0.0006));
#8686=CARTESIAN_POINT('',(0.019,-0.019,0.0006));
#8687=CARTESIAN_POINT('',(0.0206305407289332,-0.019,0.0006));
#8688=CARTESIAN_POINT('',(0.0206305407289332,0.,0.0006));
#8689=CARTESIAN_POINT('',(0.0206305407289332,0.019,0.0006));
#8690=CARTESIAN_POINT('',(0.019,0.019,0.0006));
#8691=CARTESIAN_POINT('',(0.019,0.0206305407289332,0.0006));
#8692=CARTESIAN_POINT('',(-6.93889390390723E-18,0.0206305407289332,0.0006));
#8693=CARTESIAN_POINT('',(-0.019,0.0206305407289332,0.0006));
#8694=CARTESIAN_POINT('',(-0.019,0.019,0.0006));
#8695=CARTESIAN_POINT('',(-0.0206305407289332,0.019,0.0006));
#8696=CARTESIAN_POINT('',(-0.0206305407289332,0.,0.0006));
#8697=CARTESIAN_POINT('',(-0.0206305407289332,-0.019,0.0006));
#8698=CARTESIAN_POINT('',(-0.019,-0.019,0.0006));
#8699=CARTESIAN_POINT('',(0.0205766044443119,0.0205,0.000535721239031346));
#8700=CARTESIAN_POINT('',(0.0205766044443119,-0.019,0.000535721239031346));
#8701=CARTESIAN_POINT('',(0.035589779883966,-0.019,0.0184277270054864));
#8702=CARTESIAN_POINT('',(0.035589779883966,0.0205,0.0184277270054864));
#8703=CARTESIAN_POINT('',(0.035589779883966,0.019,0.0184277270054864));
#8704=CARTESIAN_POINT('',(0.0205766044443119,0.019,0.000535721239031346));
#8705=CARTESIAN_POINT('',(1.7347234759768E-18,0.0205766044443119,0.000535721239031346));
#8706=CARTESIAN_POINT('',(0.019,0.0205766044443119,0.000535721239031346));
#8707=CARTESIAN_POINT('',(1.7347234759768E-18,0.0357842608578232,0.0186595004047718));
#8708=CARTESIAN_POINT('',(0.00704012026992072,0.0357842608578232,0.0186595004047718));
#8709=CARTESIAN_POINT('',(0.00704012026992072,0.0357842608578232,0.0186595004047718));
#8710=CARTESIAN_POINT('',(0.00532576361359506,0.035087425359497,0.0178290441961944));
#8711=CARTESIAN_POINT('',(0.00269788792253336,0.0341202278623991,0.0166763831042798));
#8712=CARTESIAN_POINT('',(-0.00116732313714795,0.0332696769832887,0.0156627360384159));
#8713=CARTESIAN_POINT('',(-0.0041926634440406,0.0330266444129423,0.0153731010995882));
#8714=CARTESIAN_POINT('',(-0.0072289560240613,0.0332687967498009,0.0156616870169944));
#8715=CARTESIAN_POINT('',(-0.0110892778678941,0.0341178921354326,0.0166735994932762));
#8716=CARTESIAN_POINT('',(-0.0137245826180077,0.0350869453195675,0.0178284721068838));
#8717=CARTESIAN_POINT('',(-0.0154401202699206,0.0357842608578233,0.0186595004047719));
#8718=CARTESIAN_POINT('',(-0.0154401202699207,0.0357842608578232,0.0186595004047718));
#8719=CARTESIAN_POINT('',(1.7347234759768E-18,0.0357842608578232,0.0186595004047718));
#8720=CARTESIAN_POINT('',(-0.019,0.0205766044443119,0.000535721239031346));
#8721=CARTESIAN_POINT('',(-0.0205766044443119,0.0205,0.000535721239031346));
#8722=CARTESIAN_POINT('',(-0.0205766044443119,0.019,0.000535721239031346));
#8723=CARTESIAN_POINT('',(-0.0355897798839661,0.019,0.0184277270054864));
#8724=CARTESIAN_POINT('',(-0.0355897798839661,0.0205,0.0184277270054864));
#8725=CARTESIAN_POINT('',(-0.0355897798839661,-0.019,0.0184277270054864));
#8726=CARTESIAN_POINT('',(-0.0205766044443119,-0.019,0.000535721239031346));
#8727=CARTESIAN_POINT('',(-0.019,0.019,0.000535721239031346));
#8728=CARTESIAN_POINT('',(-0.0232355364369527,0.0233411584015084,0.00727091548679521));
#8729=CARTESIAN_POINT('',(-0.0275419003118324,0.0289914948734547,0.0143225344560252));
#8730=CARTESIAN_POINT('',(-0.0277956545838773,0.0288726380390614,0.0144146696586696));
#8731=CARTESIAN_POINT('',(-0.0287784331194587,0.0277846088139677,0.0143222205626107));
#8732=CARTESIAN_POINT('',(-0.0287218615143531,0.0276072696490877,0.0141308273122317));
#8733=CARTESIAN_POINT('',(-0.0283894527225574,0.0274172795712855,0.013680702122452));
#8734=CARTESIAN_POINT('',(-0.0276542486076145,0.0278390892390417,0.0133862360921159));
#8735=CARTESIAN_POINT('',(-0.0273324001336697,0.0285769450368892,0.0137833871366231));
#8736=CARTESIAN_POINT('',(-0.0275969611848752,0.0288507623739311,0.0142376871365452));
#8737=CARTESIAN_POINT('',(-0.0277956545838773,0.0288726380390614,0.0144146696586696));
#8738=CARTESIAN_POINT('',(-0.0287784331194587,0.0277846088139677,0.0143222205626107));
#8739=CARTESIAN_POINT('',(-0.0232355364369527,0.0233411584015084,0.00727091548679521));
#8740=CARTESIAN_POINT('',(-0.0288691170582897,0.0275397161285993,0.0142102647943886));
#8741=CARTESIAN_POINT('',(-0.0275419003118323,0.0289914948734548,0.0143225344560253));
#8742=CARTESIAN_POINT('',(-0.027687337422701,0.0290566639660336,0.0144941967911812));
#8743=CARTESIAN_POINT('',(-0.0280774808056113,0.0290561954012361,0.0147962720915654));
#8744=CARTESIAN_POINT('',(-0.0286853433779329,0.0286507244915889,0.014942989833));
#8745=CARTESIAN_POINT('',(-0.0290169439828248,0.0280241067417117,0.0147201556940113));
#8746=CARTESIAN_POINT('',(-0.0289588624409973,0.0276622676636021,0.0143867108487528));
#8747=CARTESIAN_POINT('',(-0.0288691170582897,0.0275397161285993,0.0142102647943886));
#8748=CARTESIAN_POINT('',(-0.019,0.019,0.0184277270054864));
#8749=CARTESIAN_POINT('',(1.7347234759768E-18,-0.0205766044443119,0.000535721239031346));
#8750=CARTESIAN_POINT('',(-0.019,-0.0205766044443119,0.000535721239031346));
#8751=CARTESIAN_POINT('',(-0.019,-0.035589779883966,0.0184277270054864));
#8752=CARTESIAN_POINT('',(1.7347234759768E-18,-0.035589779883966,0.0184277270054864));
#8753=CARTESIAN_POINT('',(0.019,-0.035589779883966,0.0184277270054864));
#8754=CARTESIAN_POINT('',(0.019,-0.0205766044443119,0.000535721239031346));
#8755=CARTESIAN_POINT('',(-0.019,-0.019,0.000535721239031346));
#8756=CARTESIAN_POINT('',(-0.0233411584015084,-0.0232355364369526,0.00727091548679517));
#8757=CARTESIAN_POINT('',(-0.0289914948734547,-0.0275419003118323,0.0143225344560252));
#8758=CARTESIAN_POINT('',(-0.0288726380390614,-0.0277956545838772,0.0144146696586695));
#8759=CARTESIAN_POINT('',(-0.0277846088139676,-0.0287784331194587,0.0143222205626106));
#8760=CARTESIAN_POINT('',(-0.0276072696490876,-0.028721861514353,0.0141308273122317));
#8761=CARTESIAN_POINT('',(-0.0274172795712856,-0.0283894527225573,0.0136807021224519));
#8762=CARTESIAN_POINT('',(-0.0278390892390417,-0.0276542486076145,0.0133862360921159));
#8763=CARTESIAN_POINT('',(-0.0285769450368892,-0.0273324001336697,0.0137833871366231));
#8764=CARTESIAN_POINT('',(-0.0288507623739311,-0.0275969611848752,0.0142376871365451));
#8765=CARTESIAN_POINT('',(-0.0288726380390614,-0.0277956545838772,0.0144146696586695));
#8766=CARTESIAN_POINT('',(-0.0277846088139676,-0.0287784331194587,0.0143222205626106));
#8767=CARTESIAN_POINT('',(-0.0233411584015084,-0.0232355364369526,0.00727091548679517));
#8768=CARTESIAN_POINT('',(-0.0275397161285993,-0.0288691170582896,0.0142102647943885));
#8769=CARTESIAN_POINT('',(-0.0289914948734547,-0.0275419003118322,0.0143225344560252));
#8770=CARTESIAN_POINT('',(-0.0290566639660336,-0.0276873374227009,0.0144941967911811));
#8771=CARTESIAN_POINT('',(-0.0290561954012361,-0.0280774808056112,0.0147962720915653));
#8772=CARTESIAN_POINT('',(-0.0286507244915889,-0.0286853433779329,0.014942989833));
#8773=CARTESIAN_POINT('',(-0.0280241067417117,-0.0290169439828248,0.0147201556940112));
#8774=CARTESIAN_POINT('',(-0.027662267663602,-0.0289588624409973,0.0143867108487527));
#8775=CARTESIAN_POINT('',(-0.0275397161285993,-0.0288691170582896,0.0142102647943885));
#8776=CARTESIAN_POINT('',(-0.019,-0.019,0.0184277270054864));
#8777=CARTESIAN_POINT('',(0.019,-0.019,0.000535721239031346));
#8778=CARTESIAN_POINT('',(0.0288691170582896,-0.0275397161285993,0.0142102647943885));
#8779=CARTESIAN_POINT('',(0.0289593364484892,-0.0276629149430942,0.0143876427825099));
#8780=CARTESIAN_POINT('',(0.0290172077835286,-0.0280232728465071,0.0147196855768427));
#8781=CARTESIAN_POINT('',(0.0286837523423228,-0.0286524649499948,0.0149431094152196));
#8782=CARTESIAN_POINT('',(0.0280780757174409,-0.0290561174291033,0.0147967103824579));
#8783=CARTESIAN_POINT('',(0.0276859527157562,-0.0290560434910082,0.0144925623938378));
#8784=CARTESIAN_POINT('',(0.0275419003118322,-0.0289914948734547,0.0143225344560252));
#8785=CARTESIAN_POINT('',(0.0288691170582896,-0.0275397161285993,0.0142102647943885));
#8786=CARTESIAN_POINT('',(0.0275419003118323,-0.0289914948734547,0.0143225344560252));
#8787=CARTESIAN_POINT('',(0.0232355364369526,-0.0233411584015084,0.00727091548679517));
#8788=CARTESIAN_POINT('',(0.0277956545838772,-0.0288726380390614,0.0144146696586695));
#8789=CARTESIAN_POINT('',(0.0277956545838772,-0.0288726380390614,0.0144146696586695));
#8790=CARTESIAN_POINT('',(0.0275975185512262,-0.0288508237386252,0.0142381836004591));
#8791=CARTESIAN_POINT('',(0.0273322824539201,-0.0285785876378251,0.0137847614134489));
#8792=CARTESIAN_POINT('',(0.027654208552993,-0.0278387851772839,0.0133859205740011));
#8793=CARTESIAN_POINT('',(0.0283894678125051,-0.0274171414371971,0.0136806157774151));
#8794=CARTESIAN_POINT('',(0.0287220231405999,-0.0276077763107527,0.01413137412671));
#8795=CARTESIAN_POINT('',(0.0287784331194587,-0.0277846088139677,0.0143222205626106));
#8796=CARTESIAN_POINT('',(0.0287784331194587,-0.0277846088139676,0.0143222205626106));
#8797=CARTESIAN_POINT('',(0.0232355364369526,-0.0233411584015084,0.00727091548679517));
#8798=CARTESIAN_POINT('',(0.019,-0.019,0.0184277270054864));
#8799=CARTESIAN_POINT('',(0.019,0.019,0.000535721239031346));
#8800=CARTESIAN_POINT('',(0.0275397161285994,0.0288691170582896,0.0142102647943886));
#8801=CARTESIAN_POINT('',(0.0276629149430943,0.0289593364484892,0.01438764278251));
#8802=CARTESIAN_POINT('',(0.0280232728465072,0.0290172077835286,0.0147196855768427));
#8803=CARTESIAN_POINT('',(0.0286524649499948,0.0286837523423228,0.0149431094152196));
#8804=CARTESIAN_POINT('',(0.0290561174291033,0.0280780757174409,0.014796710382458));
#8805=CARTESIAN_POINT('',(0.0290560434910082,0.0276859527157563,0.0144925623938379));
#8806=CARTESIAN_POINT('',(0.0289914948734547,0.0275419003118323,0.0143225344560252));
#8807=CARTESIAN_POINT('',(0.0275397161285993,0.0288691170582897,0.0142102647943886));
#8808=CARTESIAN_POINT('',(0.0289914948734547,0.0275419003118323,0.0143225344560252));
#8809=CARTESIAN_POINT('',(0.0233411584015084,0.0232355364369527,0.00727091548679521));
#8810=CARTESIAN_POINT('',(0.0288726380390614,0.0277956545838773,0.0144146696586696));
#8811=CARTESIAN_POINT('',(0.0288726380390614,0.0277956545838773,0.0144146696586696));
#8812=CARTESIAN_POINT('',(0.0288508237386249,0.0275975185512233,0.0142381836004565));
#8813=CARTESIAN_POINT('',(0.0285785876378255,0.0273322824539215,0.0137847614134504));
#8814=CARTESIAN_POINT('',(0.0278387851772846,0.0276542085529923,0.0133859205740012));
#8815=CARTESIAN_POINT('',(0.0274171414371957,0.0283894678125046,0.0136806157774135));
#8816=CARTESIAN_POINT('',(0.0276077763107555,0.0287220231406008,0.0141313741267129));
#8817=CARTESIAN_POINT('',(0.0277846088139677,0.0287784331194587,0.0143222205626107));
#8818=CARTESIAN_POINT('',(0.0277846088139677,0.0287784331194587,0.0143222205626107));
#8819=CARTESIAN_POINT('',(0.0233411584015084,0.0232355364369527,0.00727091548679521));
#8820=CARTESIAN_POINT('',(0.019,0.019,0.0184277270054864));
#8821=CARTESIAN_POINT('',(-6.93889390390723E-18,0.,0.0226));
#8822=CARTESIAN_POINT('',(-0.046,0.043,0.0226));
#8823=CARTESIAN_POINT('',(-0.046,0.0462,0.0226));
#8824=CARTESIAN_POINT('',(-0.0492,0.043,0.0226));
#8825=CARTESIAN_POINT('',(6.93889390390723E-18,0.0462,0.0226));
#8826=CARTESIAN_POINT('',(0.046,0.0462,0.0226));
#8827=CARTESIAN_POINT('',(0.046,0.043,0.0226));
#8828=CARTESIAN_POINT('',(0.0492,0.043,0.0226));
#8829=CARTESIAN_POINT('',(0.0492,-1.38777878078145E-17,0.0226));
#8830=CARTESIAN_POINT('',(0.0492,-0.043,0.0226));
#8831=CARTESIAN_POINT('',(0.046,-0.043,0.0226));
#8832=CARTESIAN_POINT('',(0.046,-0.0462,0.0226));
#8833=CARTESIAN_POINT('',(-6.93889390390723E-18,-0.0462,0.0226));
#8834=CARTESIAN_POINT('',(-0.046,-0.0462,0.0226));
#8835=CARTESIAN_POINT('',(-0.046,-0.043,0.0226));
#8836=CARTESIAN_POINT('',(-0.0492,-0.043,0.0226));
#8837=CARTESIAN_POINT('',(-0.0492,6.93889390390723E-18,0.0226));
#8838=CARTESIAN_POINT('',(-0.0212510542917912,0.00125,0.00991401477284031));
#8839=CARTESIAN_POINT('',(-0.0212510542917912,-0.019,0.00991401477284031));
#8840=CARTESIAN_POINT('',(-0.0212510542917912,0.019,0.00991401477284031));
#8841=CARTESIAN_POINT('',(0.0212510542917912,0.00125,0.00991401477284031));
#8842=CARTESIAN_POINT('',(0.0212510542917912,0.019,0.00991401477284031));
#8843=CARTESIAN_POINT('',(0.0212510542917912,-0.019,0.00991401477284031));
#8844=CARTESIAN_POINT('',(3.46944695195361E-18,-0.0212510542917912,0.00991401477284031));
#8845=CARTESIAN_POINT('',(0.019,-0.0212510542917912,0.00991401477284031));
#8846=CARTESIAN_POINT('',(-0.019,-0.0212510542917912,0.00991401477284031));
#8847=CARTESIAN_POINT('',(3.46944695195361E-18,0.0212,0.01));
#8848=CARTESIAN_POINT('',(0.00853274896358913,0.0424208185482976,0.0226));
#8849=CARTESIAN_POINT('',(0.00806337710033919,0.0402039481929757,0.0212837187070101));
#8850=CARTESIAN_POINT('',(0.00756943168976699,0.0379911640831194,0.0199698636490286));
#8851=CARTESIAN_POINT('',(0.00704012026992041,0.0357842608578232,0.0186595004047718));
#8852=CARTESIAN_POINT('',(3.46944695195361E-18,0.0212,0.01));
#8853=CARTESIAN_POINT('',(-0.0169327489635891,0.0424208185482976,0.0226));
#8854=CARTESIAN_POINT('',(-0.0164634598835085,0.0402043391826545,0.0212839508596928));
#8855=CARTESIAN_POINT('',(-0.0159693422207563,0.0379907910523459,0.0199696421595636));
#8856=CARTESIAN_POINT('',(-0.0154401202699204,0.0357842608578232,0.0186595004047718));
#8857=CARTESIAN_POINT('',(-0.0042,0.0137,0.00991401477284031));
#8858=CARTESIAN_POINT('',(-0.019,0.019,0.00991401477284031));
#8859=CARTESIAN_POINT('',(-0.019,-0.019,0.00991401477284031));
#8860=CARTESIAN_POINT('',(0.019,-0.019,0.00991401477284031));
#8861=CARTESIAN_POINT('',(0.019,0.019,0.00991401477284031));
#8862=CARTESIAN_POINT('',(0.0281885504608767,0.0281109718671893,0.0141452272785247));
#8863=CARTESIAN_POINT('',(0.0281885504608767,0.0281109718671893,0.0141452272785247));
#8864=CARTESIAN_POINT('',(0.0281885504608767,0.0281109718671893,0.0141452272785248));
#8865=CARTESIAN_POINT('',(0.0281885504608767,0.0281109718671893,0.0141452272785247));
#8866=CARTESIAN_POINT('',(0.0317313843062952,0.0315676072751774,0.00919547981021892));
#8867=CARTESIAN_POINT('',(0.0317313843062952,0.0315676072751774,0.00919547981021892));
#8868=CARTESIAN_POINT('',(0.0310808516154646,0.0315676072751774,0.00872985419004672));
#8869=CARTESIAN_POINT('',(0.0317313843062952,0.0315676072751774,0.00919547981021892));
#8870=CARTESIAN_POINT('',(0.0281109718671893,-0.0281885504608767,0.0141452272785247));
#8871=CARTESIAN_POINT('',(0.0281109718671893,-0.0281885504608767,0.0141452272785247));
#8872=CARTESIAN_POINT('',(0.0281109718671893,-0.0281885504608767,0.0141452272785248));
#8873=CARTESIAN_POINT('',(0.0281109718671893,-0.0281885504608767,0.0141452272785247));
#8874=CARTESIAN_POINT('',(0.0315676072751774,-0.0317313843062952,0.00919547981021892));
#8875=CARTESIAN_POINT('',(0.0315676072751774,-0.0317313843062952,0.00919547981021892));
#8876=CARTESIAN_POINT('',(0.0315676072751774,-0.0310808516154646,0.00872985419004672));
#8877=CARTESIAN_POINT('',(0.0315676072751774,-0.0317313843062952,0.00919547981021892));
#8878=CARTESIAN_POINT('',(-0.0281885504608767,-0.0281109718671893,0.0141452272785247));
#8879=CARTESIAN_POINT('',(-0.0281885504608767,-0.0281109718671893,0.0141452272785247));
#8880=CARTESIAN_POINT('',(-0.0281885504608767,-0.0281109718671893,0.0141452272785248));
#8881=CARTESIAN_POINT('',(-0.0281885504608767,-0.0281109718671893,0.0141452272785247));
#8882=CARTESIAN_POINT('',(-0.0317313843062952,-0.0315676072751774,0.00919547981021892));
#8883=CARTESIAN_POINT('',(-0.0317313843062952,-0.0315676072751774,0.00919547981021892));
#8884=CARTESIAN_POINT('',(-0.0310808516154646,-0.0315676072751774,0.00872985419004672));
#8885=CARTESIAN_POINT('',(-0.0317313843062952,-0.0315676072751774,0.00919547981021892));
#8886=CARTESIAN_POINT('',(-0.0281109718671893,0.0281885504608767,0.0141452272785247));
#8887=CARTESIAN_POINT('',(-0.0281109718671893,0.0281885504608767,0.0141452272785247));
#8888=CARTESIAN_POINT('',(-0.0281109718671893,0.0281885504608767,0.0141452272785248));
#8889=CARTESIAN_POINT('',(-0.0281109718671893,0.0281885504608767,0.0141452272785247));
#8890=CARTESIAN_POINT('',(-0.0315676072751774,0.0317313843062952,0.00919547981021892));
#8891=CARTESIAN_POINT('',(-0.0315676072751774,0.0317313843062952,0.00919547981021892));
#8892=CARTESIAN_POINT('',(-0.0315676072751774,0.0310808516154646,0.00872985419004672));
#8893=CARTESIAN_POINT('',(-0.0315676072751774,0.0317313843062952,0.00919547981021892));
#8894=CARTESIAN_POINT('',(0.03,-0.041,0.0156));
#8895=CARTESIAN_POINT('',(0.03,-0.035,0.0086));
#8896=CARTESIAN_POINT('',(0.03,-0.035,0.0086));
#8897=CARTESIAN_POINT('',(0.03,-0.035,0.0156));
#8898=CARTESIAN_POINT('',(0.03,-0.035,0.0156));
#8899=CARTESIAN_POINT('',(0.03,-0.041,0.0156));
#8900=CARTESIAN_POINT('',(0.034,-0.031,0.0156));
#8901=CARTESIAN_POINT('',(0.038,-0.027,0.0086));
#8902=CARTESIAN_POINT('',(0.038,-0.027,0.0086));
#8903=CARTESIAN_POINT('',(0.038,-0.027,0.0156));
#8904=CARTESIAN_POINT('',(0.038,-0.027,0.0156));
#8905=CARTESIAN_POINT('',(0.034,-0.031,0.0156));
#8906=CARTESIAN_POINT('',(0.044,-0.027,0.0156));
#8907=CARTESIAN_POINT('',(0.044,-0.027,0.0086));
#8908=CARTESIAN_POINT('',(0.044,-0.027,0.0156));
#8909=CARTESIAN_POINT('',(0.,6.93889390390723E-18,0.0156));
#8910=CARTESIAN_POINT('',(0.0449142135623731,-0.0419142135623731,0.0156));
#8911=CARTESIAN_POINT('',(0.0489142135623731,-0.0419142135623731,0.0156));
#8912=CARTESIAN_POINT('',(0.044,0.027,0.0156));
#8913=CARTESIAN_POINT('',(0.038,0.027,0.0086));
#8914=CARTESIAN_POINT('',(0.038,0.027,0.0086));
#8915=CARTESIAN_POINT('',(0.038,0.027,0.0156));
#8916=CARTESIAN_POINT('',(0.038,0.027,0.0156));
#8917=CARTESIAN_POINT('',(0.044,0.027,0.0156));
#8918=CARTESIAN_POINT('',(0.034,0.031,0.0156));
#8919=CARTESIAN_POINT('',(0.034,0.031,0.0086));
#8920=CARTESIAN_POINT('',(0.03,0.035,0.0086));
#8921=CARTESIAN_POINT('',(0.03,0.035,0.0156));
#8922=CARTESIAN_POINT('',(0.03,0.035,0.0156));
#8923=CARTESIAN_POINT('',(0.034,0.031,0.0156));
#8924=CARTESIAN_POINT('',(0.03,0.041,0.0156));
#8925=CARTESIAN_POINT('',(0.03,0.041,0.0086));
#8926=CARTESIAN_POINT('',(0.03,0.041,0.0156));
#8927=CARTESIAN_POINT('',(0.,6.93889390390723E-18,0.0156));
#8928=CARTESIAN_POINT('',(0.0449142135623731,0.0419142135623731,0.0156));
#8929=CARTESIAN_POINT('',(0.0489142135623731,0.0419142135623731,0.0156));
#8930=CARTESIAN_POINT('',(-0.03,0.041,0.0156));
#8931=CARTESIAN_POINT('',(-0.03,0.035,0.0086));
#8932=CARTESIAN_POINT('',(-0.03,0.035,0.0086));
#8933=CARTESIAN_POINT('',(-0.03,0.035,0.0156));
#8934=CARTESIAN_POINT('',(-0.03,0.035,0.0156));
#8935=CARTESIAN_POINT('',(-0.03,0.041,0.0156));
#8936=CARTESIAN_POINT('',(-0.034,0.031,0.0156));
#8937=CARTESIAN_POINT('',(-0.038,0.027,0.0086));
#8938=CARTESIAN_POINT('',(-0.038,0.027,0.0086));
#8939=CARTESIAN_POINT('',(-0.038,0.027,0.0156));
#8940=CARTESIAN_POINT('',(-0.038,0.027,0.0156));
#8941=CARTESIAN_POINT('',(-0.034,0.031,0.0156));
#8942=CARTESIAN_POINT('',(-0.044,0.027,0.0156));
#8943=CARTESIAN_POINT('',(-0.044,0.027,0.0086));
#8944=CARTESIAN_POINT('',(-0.044,0.027,0.0156));
#8945=CARTESIAN_POINT('',(0.,6.93889390390723E-18,0.0156));
#8946=CARTESIAN_POINT('',(-0.0449142135623731,0.0419142135623731,0.0156));
#8947=CARTESIAN_POINT('',(-0.0409142135623731,0.0419142135623731,0.0156));
#8948=CARTESIAN_POINT('',(-0.044,-0.027,0.0156));
#8949=CARTESIAN_POINT('',(-0.038,-0.027,0.0086));
#8950=CARTESIAN_POINT('',(-0.038,-0.027,0.0086));
#8951=CARTESIAN_POINT('',(-0.038,-0.027,0.0156));
#8952=CARTESIAN_POINT('',(-0.038,-0.027,0.0156));
#8953=CARTESIAN_POINT('',(-0.044,-0.027,0.0156));
#8954=CARTESIAN_POINT('',(-0.034,-0.031,0.0156));
#8955=CARTESIAN_POINT('',(-0.034,-0.031,0.0086));
#8956=CARTESIAN_POINT('',(-0.03,-0.035,0.0086));
#8957=CARTESIAN_POINT('',(-0.03,-0.035,0.0156));
#8958=CARTESIAN_POINT('',(-0.03,-0.035,0.0156));
#8959=CARTESIAN_POINT('',(-0.034,-0.031,0.0156));
#8960=CARTESIAN_POINT('',(-0.03,-0.041,0.0156));
#8961=CARTESIAN_POINT('',(-0.03,-0.041,0.0086));
#8962=CARTESIAN_POINT('',(-0.03,-0.041,0.0156));
#8963=CARTESIAN_POINT('',(0.,6.93889390390723E-18,0.0156));
#8964=CARTESIAN_POINT('',(-0.0449142135623731,-0.0419142135623731,0.0156));
#8965=CARTESIAN_POINT('',(-0.0409142135623731,-0.0419142135623731,0.0156));
#8966=CARTESIAN_POINT('',(6.93889390390723E-18,0.047,0.0086));
#8967=CARTESIAN_POINT('',(0.0177272727272727,0.0347272727272727,0.000418181818181821));
#8968=CARTESIAN_POINT('',(-0.0275454545454546,0.0445454545454545,0.00696363636363636));
#8969=CARTESIAN_POINT('',(-0.03,0.041,0.0086));
#8970=CARTESIAN_POINT('',(-0.0315379051597681,0.0356370211748196,0.00962527010651207));
#8971=CARTESIAN_POINT('',(0.018,1.04083408558608E-17,0.0006));
#8972=CARTESIAN_POINT('',(0.0201802616557172,0.030932531198843,0.00205350777047813));
#8973=CARTESIAN_POINT('',(-0.034,0.031,0.0086));
#8974=CARTESIAN_POINT('',(-0.0386005893232991,0.0284499508897251,0.00956663392648338));
#8975=CARTESIAN_POINT('',(0.0240147186257614,0.0240147186257614,0.0006));
#8976=CARTESIAN_POINT('',(0.0386370211748195,0.0285379051597681,0.00962527010651207));
#8977=CARTESIAN_POINT('',(-2.60208521396521E-18,0.015,0.0006));
#8978=CARTESIAN_POINT('',(-0.0318636363636364,0.00886363636363637,-0.00349090909090909));
#8979=CARTESIAN_POINT('',(0.044,0.027,0.0086));
#8980=CARTESIAN_POINT('',(0.0475454545454546,0.0245454545454546,0.00696363636363636));
#8981=CARTESIAN_POINT('',(-0.038,1.22640915510918E-17,0.0006));
#8982=CARTESIAN_POINT('',(-0.0475454545454546,-0.0245454545454546,0.00696363636363636));
#8983=CARTESIAN_POINT('',(0.05,-1.38777878078145E-17,0.0086));
#8984=CARTESIAN_POINT('',(0.0389545454545455,-0.0159545454545455,0.00123636363636364));
#8985=CARTESIAN_POINT('',(-0.044,-0.027,0.0086));
#8986=CARTESIAN_POINT('',(-0.0386370211748195,-0.0285379051597681,0.00962527010651207));
#8987=CARTESIAN_POINT('',(-6.93889390390723E-18,-0.015,0.0006));
#8988=CARTESIAN_POINT('',(0.0386005893232991,-0.0284499508897251,0.00956663392648338));
#8989=CARTESIAN_POINT('',(-0.0240147186257614,-0.0240147186257614,0.0006));
#8990=CARTESIAN_POINT('',(-0.0201802616557172,-0.030932531198843,0.00205350777047813));
#8991=CARTESIAN_POINT('',(0.034,-0.031,0.0086));
#8992=CARTESIAN_POINT('',(0.0315379051597681,-0.0356370211748196,0.00962527010651206));
#8993=CARTESIAN_POINT('',(-0.018,-5.20417042793042E-18,0.0006));
#8994=CARTESIAN_POINT('',(-0.0036818181818182,-0.0206818181818182,-0.00894545454545454));
#8995=CARTESIAN_POINT('',(0.03,-0.041,0.0086));
#8996=CARTESIAN_POINT('',(0.0275454545454546,-0.0445454545454545,0.00696363636363636));
#8997=CARTESIAN_POINT('',(-6.93889390390723E-18,-0.047,0.0086));
#8998=CARTESIAN_POINT('',(-0.0449142135623731,-0.0419142135623731,0.0156));
#8999=CARTESIAN_POINT('',(-0.0449142135623731,-0.0419142135623731,0.0171));
#9000=CARTESIAN_POINT('',(-0.0424142135623731,-0.0419142135623731,0.0171));
#9001=CARTESIAN_POINT('',(-0.0449142135623731,-0.0419142135623731,0.0156));
#9002=CARTESIAN_POINT('',(-0.0449142135623731,0.0419142135623731,0.0156));
#9003=CARTESIAN_POINT('',(-0.0449142135623731,0.0419142135623731,0.0171));
#9004=CARTESIAN_POINT('',(-0.0424142135623731,0.0419142135623731,0.0171));
#9005=CARTESIAN_POINT('',(-0.0449142135623731,0.0419142135623731,0.0156));
#9006=CARTESIAN_POINT('',(0.0449142135623731,0.0419142135623731,0.0156));
#9007=CARTESIAN_POINT('',(0.0449142135623731,0.0419142135623731,0.0171));
#9008=CARTESIAN_POINT('',(0.0474142135623731,0.0419142135623731,0.0171));
#9009=CARTESIAN_POINT('',(0.0449142135623731,0.0419142135623731,0.0156));
#9010=CARTESIAN_POINT('',(0.0449142135623731,-0.0419142135623731,0.0156));
#9011=CARTESIAN_POINT('',(0.0449142135623731,-0.0419142135623731,0.0171));
#9012=CARTESIAN_POINT('',(0.0474142135623731,-0.0419142135623731,0.0171));
#9013=CARTESIAN_POINT('',(0.0449142135623731,-0.0419142135623731,0.0156));
#9014=CARTESIAN_POINT('',(6.93889390390723E-18,0.0462,0.0206));
#9015=CARTESIAN_POINT('',(-0.046,0.0462,0.0206));
#9016=CARTESIAN_POINT('',(-0.046,0.0462,0.0206));
#9017=CARTESIAN_POINT('',(6.93889390390723E-18,0.0462,0.0206));
#9018=CARTESIAN_POINT('',(0.046,0.0462,0.0206));
#9019=CARTESIAN_POINT('',(0.046,0.0462,0.0206));
#9020=CARTESIAN_POINT('',(-0.046,0.043,0.0206));
#9021=CARTESIAN_POINT('',(-0.0492,0.043,0.0206));
#9022=CARTESIAN_POINT('',(-0.0492,0.043,0.0206));
#9023=CARTESIAN_POINT('',(-0.046,0.043,0.0206));
#9024=CARTESIAN_POINT('',(-0.0492,6.93889390390723E-18,0.0206));
#9025=CARTESIAN_POINT('',(-0.0492,-0.043,0.0206));
#9026=CARTESIAN_POINT('',(-0.0492,-0.043,0.0206));
#9027=CARTESIAN_POINT('',(-0.0492,6.93889390390723E-18,0.0206));
#9028=CARTESIAN_POINT('',(-0.046,-0.043,0.0206));
#9029=CARTESIAN_POINT('',(-0.046,-0.0462,0.0206));
#9030=CARTESIAN_POINT('',(-0.046,-0.0462,0.0206));
#9031=CARTESIAN_POINT('',(-0.046,-0.043,0.0206));
#9032=CARTESIAN_POINT('',(-6.93889390390723E-18,-0.0462,0.0206));
#9033=CARTESIAN_POINT('',(0.046,-0.0462,0.0206));
#9034=CARTESIAN_POINT('',(0.046,-0.0462,0.0206));
#9035=CARTESIAN_POINT('',(-6.93889390390723E-18,-0.0462,0.0206));
#9036=CARTESIAN_POINT('',(0.046,-0.043,0.0206));
#9037=CARTESIAN_POINT('',(0.0492,-0.043,0.0206));
#9038=CARTESIAN_POINT('',(0.0492,-0.043,0.0206));
#9039=CARTESIAN_POINT('',(0.046,-0.043,0.0206));
#9040=CARTESIAN_POINT('',(0.0492,-1.38777878078145E-17,0.0206));
#9041=CARTESIAN_POINT('',(0.0492,0.043,0.0206));
#9042=CARTESIAN_POINT('',(0.0492,0.043,0.0206));
#9043=CARTESIAN_POINT('',(0.0492,-1.38777878078145E-17,0.0206));
#9044=CARTESIAN_POINT('',(-0.046,0.043,0.0206));
#9045=CARTESIAN_POINT('',(-0.046,0.0452,0.0206));
#9046=CARTESIAN_POINT('',(-0.046,0.0452,0.0206));
#9047=CARTESIAN_POINT('',(-0.046,0.043,0.0206));
#9048=CARTESIAN_POINT('',(-0.0482,0.043,0.0206));
#9049=CARTESIAN_POINT('',(-0.0482,0.043,0.0206));
#9050=CARTESIAN_POINT('',(6.93889390390723E-18,0.0452,0.0206));
#9051=CARTESIAN_POINT('',(0.046,0.0452,0.0206));
#9052=CARTESIAN_POINT('',(0.046,0.0452,0.0206));
#9053=CARTESIAN_POINT('',(6.93889390390723E-18,0.0452,0.0206));
#9054=CARTESIAN_POINT('',(0.046,0.043,0.0206));
#9055=CARTESIAN_POINT('',(0.0482,0.043,0.0206));
#9056=CARTESIAN_POINT('',(0.0482,0.043,0.0206));
#9057=CARTESIAN_POINT('',(0.046,0.043,0.0206));
#9058=CARTESIAN_POINT('',(0.0482,-6.93889390390723E-18,0.0206));
#9059=CARTESIAN_POINT('',(0.0482,-0.043,0.0206));
#9060=CARTESIAN_POINT('',(0.0482,-0.043,0.0206));
#9061=CARTESIAN_POINT('',(0.0482,-6.93889390390723E-18,0.0206));
#9062=CARTESIAN_POINT('',(0.046,-0.043,0.0206));
#9063=CARTESIAN_POINT('',(0.046,-0.0452,0.0206));
#9064=CARTESIAN_POINT('',(0.046,-0.0452,0.0206));
#9065=CARTESIAN_POINT('',(0.046,-0.043,0.0206));
#9066=CARTESIAN_POINT('',(-6.93889390390723E-18,-0.0452,0.0206));
#9067=CARTESIAN_POINT('',(-0.046,-0.0452,0.0206));
#9068=CARTESIAN_POINT('',(-0.046,-0.0452,0.0206));
#9069=CARTESIAN_POINT('',(-6.93889390390723E-18,-0.0452,0.0206));
#9070=CARTESIAN_POINT('',(-0.046,-0.043,0.0206));
#9071=CARTESIAN_POINT('',(-0.0482,-0.043,0.0206));
#9072=CARTESIAN_POINT('',(-0.0482,-0.043,0.0206));
#9073=CARTESIAN_POINT('',(-0.046,-0.043,0.0206));
#9074=CARTESIAN_POINT('',(-0.0482,6.93889390390723E-18,0.0206));
#9075=CARTESIAN_POINT('',(-0.0482,6.93889390390723E-18,0.0206));
#9076=CARTESIAN_POINT('',(0.046,0.043,0.0206));
#9077=CARTESIAN_POINT('',(0.046,0.043,0.0206));
#9078=CARTESIAN_POINT('',(-6.93889390390723E-18,0.,0.0206));
#9079=MECHANICAL_DESIGN_GEOMETRIC_PRESENTATION_REPRESENTATION('',(#5258),
#9084);
#9080=MECHANICAL_DESIGN_GEOMETRIC_PRESENTATION_REPRESENTATION('',(#5259),
#9085);
#9081=MECHANICAL_DESIGN_GEOMETRIC_PRESENTATION_REPRESENTATION('',(#5260),
#9086);
#9082=MECHANICAL_DESIGN_GEOMETRIC_PRESENTATION_REPRESENTATION('',(#5261),
#9087);
#9083=MECHANICAL_DESIGN_GEOMETRIC_PRESENTATION_REPRESENTATION('',(#5262),
#9088);
#9084=(
GEOMETRIC_REPRESENTATION_CONTEXT(3)
GLOBAL_UNCERTAINTY_ASSIGNED_CONTEXT((#9089))
GLOBAL_UNIT_ASSIGNED_CONTEXT((#9104,#9099,#9094))
REPRESENTATION_CONTEXT('BatteryEnclosure','TOP_LEVEL_ASSEMBLY_PART')
);
#9085=(
GEOMETRIC_REPRESENTATION_CONTEXT(3)
GLOBAL_UNCERTAINTY_ASSIGNED_CONTEXT((#9090))
GLOBAL_UNIT_ASSIGNED_CONTEXT((#9105,#9100,#9095))
REPRESENTATION_CONTEXT('MainBoardMount','TOP_LEVEL_ASSEMBLY_PART')
);
#9086=(
GEOMETRIC_REPRESENTATION_CONTEXT(3)
GLOBAL_UNCERTAINTY_ASSIGNED_CONTEXT((#9091))
GLOBAL_UNIT_ASSIGNED_CONTEXT((#9106,#9101,#9096))
REPRESENTATION_CONTEXT('Button','TOP_LEVEL_ASSEMBLY_PART')
);
#9087=(
GEOMETRIC_REPRESENTATION_CONTEXT(3)
GLOBAL_UNCERTAINTY_ASSIGNED_CONTEXT((#9092))
GLOBAL_UNIT_ASSIGNED_CONTEXT((#9107,#9102,#9097))
REPRESENTATION_CONTEXT('Retainer','TOP_LEVEL_ASSEMBLY_PART')
);
#9088=(
GEOMETRIC_REPRESENTATION_CONTEXT(3)
GLOBAL_UNCERTAINTY_ASSIGNED_CONTEXT((#9093))
GLOBAL_UNIT_ASSIGNED_CONTEXT((#9108,#9103,#9098))
REPRESENTATION_CONTEXT('FrontBezel','TOP_LEVEL_ASSEMBLY_PART')
);
#9089=UNCERTAINTY_MEASURE_WITH_UNIT(LENGTH_MEASURE(2.E-5),#9104,
'DISTANCE_ACCURACY_VALUE','Maximum Tolerance applied to model');
#9090=UNCERTAINTY_MEASURE_WITH_UNIT(LENGTH_MEASURE(2.E-5),#9105,
'DISTANCE_ACCURACY_VALUE','Maximum Tolerance applied to model');
#9091=UNCERTAINTY_MEASURE_WITH_UNIT(LENGTH_MEASURE(1.E-8),#9106,
'DISTANCE_ACCURACY_VALUE','Maximum Tolerance applied to model');
#9092=UNCERTAINTY_MEASURE_WITH_UNIT(LENGTH_MEASURE(1.E-8),#9107,
'DISTANCE_ACCURACY_VALUE','Maximum Tolerance applied to model');
#9093=UNCERTAINTY_MEASURE_WITH_UNIT(LENGTH_MEASURE(2.E-5),#9108,
'DISTANCE_ACCURACY_VALUE','Maximum Tolerance applied to model');
#9094=(
NAMED_UNIT(*)
SI_UNIT($,.STERADIAN.)
SOLID_ANGLE_UNIT()
);
#9095=(
NAMED_UNIT(*)
SI_UNIT($,.STERADIAN.)
SOLID_ANGLE_UNIT()
);
#9096=(
NAMED_UNIT(*)
SI_UNIT($,.STERADIAN.)
SOLID_ANGLE_UNIT()
);
#9097=(
NAMED_UNIT(*)
SI_UNIT($,.STERADIAN.)
SOLID_ANGLE_UNIT()
);
#9098=(
NAMED_UNIT(*)
SI_UNIT($,.STERADIAN.)
SOLID_ANGLE_UNIT()
);
#9099=(
NAMED_UNIT(*)
PLANE_ANGLE_UNIT()
SI_UNIT($,.RADIAN.)
);
#9100=(
NAMED_UNIT(*)
PLANE_ANGLE_UNIT()
SI_UNIT($,.RADIAN.)
);
#9101=(
NAMED_UNIT(*)
PLANE_ANGLE_UNIT()
SI_UNIT($,.RADIAN.)
);
#9102=(
NAMED_UNIT(*)
PLANE_ANGLE_UNIT()
SI_UNIT($,.RADIAN.)
);
#9103=(
NAMED_UNIT(*)
PLANE_ANGLE_UNIT()
SI_UNIT($,.RADIAN.)
);
#9104=(
LENGTH_UNIT()
NAMED_UNIT(*)
SI_UNIT($,.METRE.)
);
#9105=(
LENGTH_UNIT()
NAMED_UNIT(*)
SI_UNIT($,.METRE.)
);
#9106=(
LENGTH_UNIT()
NAMED_UNIT(*)
SI_UNIT($,.METRE.)
);
#9107=(
LENGTH_UNIT()
NAMED_UNIT(*)
SI_UNIT($,.METRE.)
);
#9108=(
LENGTH_UNIT()
NAMED_UNIT(*)
SI_UNIT($,.METRE.)
);
#9109=PRODUCT_DEFINITION_SHAPE('','',#9114);
#9110=PRODUCT_DEFINITION_SHAPE('','',#9115);
#9111=PRODUCT_DEFINITION_SHAPE('','',#9116);
#9112=PRODUCT_DEFINITION_SHAPE('','',#9117);
#9113=PRODUCT_DEFINITION_SHAPE('','',#9118);
#9114=PRODUCT_DEFINITION('','',#9124,#9119);
#9115=PRODUCT_DEFINITION('','',#9125,#9120);
#9116=PRODUCT_DEFINITION('','',#9126,#9121);
#9117=PRODUCT_DEFINITION('','',#9127,#9122);
#9118=PRODUCT_DEFINITION('','',#9128,#9123);
#9119=PRODUCT_DEFINITION_CONTEXT('',#9154,'design');
#9120=PRODUCT_DEFINITION_CONTEXT('',#9155,'design');
#9121=PRODUCT_DEFINITION_CONTEXT('',#9156,'design');
#9122=PRODUCT_DEFINITION_CONTEXT('',#9157,'design');
#9123=PRODUCT_DEFINITION_CONTEXT('',#9158,'design');
#9124=PRODUCT_DEFINITION_FORMATION_WITH_SPECIFIED_SOURCE('','',#9134,
 .NOT_KNOWN.);
#9125=PRODUCT_DEFINITION_FORMATION_WITH_SPECIFIED_SOURCE('','',#9135,
 .NOT_KNOWN.);
#9126=PRODUCT_DEFINITION_FORMATION_WITH_SPECIFIED_SOURCE('','',#9136,
 .NOT_KNOWN.);
#9127=PRODUCT_DEFINITION_FORMATION_WITH_SPECIFIED_SOURCE('','',#9137,
 .NOT_KNOWN.);
#9128=PRODUCT_DEFINITION_FORMATION_WITH_SPECIFIED_SOURCE('','',#9138,
 .NOT_KNOWN.);
#9129=PRODUCT_RELATED_PRODUCT_CATEGORY('','',(#9134));
#9130=PRODUCT_RELATED_PRODUCT_CATEGORY('','',(#9135));
#9131=PRODUCT_RELATED_PRODUCT_CATEGORY('','',(#9136));
#9132=PRODUCT_RELATED_PRODUCT_CATEGORY('','',(#9137));
#9133=PRODUCT_RELATED_PRODUCT_CATEGORY('','',(#9138));
#9134=PRODUCT('BatteryEnclosure','BatteryEnclosure','BatteryEnclosure',
(#9144));
#9135=PRODUCT('MainBoardMount','MainBoardMount','MainBoardMount',(#9145));
#9136=PRODUCT('Button','Button','Button',(#9146));
#9137=PRODUCT('Retainer','Retainer','Retainer',(#9147));
#9138=PRODUCT('FrontBezel','FrontBezel','FrontBezel',(#9148));
#9139=PRODUCT_CATEGORY('','');
#9140=PRODUCT_CATEGORY('','');
#9141=PRODUCT_CATEGORY('','');
#9142=PRODUCT_CATEGORY('','');
#9143=PRODUCT_CATEGORY('','');
#9144=PRODUCT_CONTEXT('',#9154,'mechanical');
#9145=PRODUCT_CONTEXT('',#9155,'mechanical');
#9146=PRODUCT_CONTEXT('',#9156,'mechanical');
#9147=PRODUCT_CONTEXT('',#9157,'mechanical');
#9148=PRODUCT_CONTEXT('',#9158,'mechanical');
#9149=APPLICATION_PROTOCOL_DEFINITION('international standard',
'ap242_managed_model_based_3d_engineering',2020,#9154);
#9150=APPLICATION_PROTOCOL_DEFINITION('international standard',
'ap242_managed_model_based_3d_engineering',2020,#9155);
#9151=APPLICATION_PROTOCOL_DEFINITION('international standard',
'ap242_managed_model_based_3d_engineering',2020,#9156);
#9152=APPLICATION_PROTOCOL_DEFINITION('international standard',
'ap242_managed_model_based_3d_engineering',2020,#9157);
#9153=APPLICATION_PROTOCOL_DEFINITION('international standard',
'ap242_managed_model_based_3d_engineering',2020,#9158);
#9154=APPLICATION_CONTEXT('managed model based 3d engineering');
#9155=APPLICATION_CONTEXT('managed model based 3d engineering');
#9156=APPLICATION_CONTEXT('managed model based 3d engineering');
#9157=APPLICATION_CONTEXT('managed model based 3d engineering');
#9158=APPLICATION_CONTEXT('managed model based 3d engineering');
ENDSEC;
END-ISO-10303-21;
